schema_version,request_id,seed,scenario_id,algorithm,time_slot,throughput_e,delay_u,drop_u,sla_violation,fairness,rb_utilization,allocated_embb_rb,allocated_urllc_rb,used_embb_rb,used_urllc_rb,served_embb_bits,served_urllc_bits,completed_urllc_packets,dropped_urllc_packets,units
1.0.0,smoke-000000,42,poor_channel,tv1_smoke_fixed,0,2.762,0.0,0.0,0.0,0.787784,1.0,25,25,25,25,2762,1895,0,0,"{""throughput_e"":""Mbps"",""delay_u"":""ms"",""drop_u"":""ratio"",""sla_violation"":""ratio"",""fairness"":""index_0_to_1"",""rb_utilization"":""ratio""}"
1.0.0,smoke-000001,42,poor_channel,tv1_smoke_fixed,1,2.762,2.0,0.0,0.0,0.99888,1.0,25,25,25,25,2762,1187,1,0,"{""throughput_e"":""Mbps"",""delay_u"":""ms"",""drop_u"":""ratio"",""sla_violation"":""ratio"",""fairness"":""index_0_to_1"",""rb_utilization"":""ratio""}"
1.0.0,smoke-000002,42,poor_channel,tv1_smoke_fixed,2,2.762,0.0,0.0,0.0,0.812889,1.0,25,25,25,25,2762,1895,0,0,"{""throughput_e"":""Mbps"",""delay_u"":""ms"",""drop_u"":""ratio"",""sla_violation"":""ratio"",""fairness"":""index_0_to_1"",""rb_utilization"":""ratio""}"
1.0.0,smoke-000003,42,poor_channel,tv1_smoke_fixed,3,2.762,3.0,0.0,0.0,0.76883,1.0,25,25,25,25,2762,1895,1,0,"{""throughput_e"":""Mbps"",""delay_u"":""ms"",""drop_u"":""ratio"",""sla_violation"":""ratio"",""fairness"":""index_0_to_1"",""rb_utilization"":""ratio""}"
1.0.0,smoke-000004,42,poor_channel,tv1_smoke_fixed,4,2.762,4.0,0.0,0.0,0.737293,1.0,25,25,25,25,2762,1895,1,0,"{""throughput_e"":""Mbps"",""delay_u"":""ms"",""drop_u"":""ratio"",""sla_violation"":""ratio"",""fairness"":""index_0_to_1"",""rb_utilization"":""ratio""}"
1.0.0,smoke-000005,42,poor_channel,tv1_smoke_fixed,5,2.762,5.0,0.0,0.0,0.762059,1.0,25,25,25,25,2762,1895,1,0,"{""throughput_e"":""Mbps"",""delay_u"":""ms"",""drop_u"":""ratio"",""sla_violation"":""ratio"",""fairness"":""index_0_to_1"",""rb_utilization"":""ratio""}"
1.0.0,smoke-000006,42,poor_channel,tv1_smoke_fixed,6,2.762,4.0,0.0,0.0,0.670668,1.0,25,25,25,25,2762,2762,1,0,"{""throughput_e"":""Mbps"",""delay_u"":""ms"",""drop_u"":""ratio"",""sla_violation"":""ratio"",""fairness"":""index_0_to_1"",""rb_utilization"":""ratio""}"
1.0.0,smoke-000007,42,poor_channel,tv1_smoke_fixed,7,1.895,4.0,0.0,0.0,0.596506,1.0,25,25,25,25,1895,3703,1,0,"{""throughput_e"":""Mbps"",""delay_u"":""ms"",""drop_u"":""ratio"",""sla_violation"":""ratio"",""fairness"":""index_0_to_1"",""rb_utilization"":""ratio""}"
1.0.0,smoke-000008,42,poor_channel,tv1_smoke_fixed,8,1.187,4.0,0.0,0.0,0.566428,1.0,25,25,25,25,1187,3703,2,0,"{""throughput_e"":""Mbps"",""delay_u"":""ms"",""drop_u"":""ratio"",""sla_violation"":""ratio"",""fairness"":""index_0_to_1"",""rb_utilization"":""ratio""}"
1.0.0,smoke-000009,42,poor_channel,tv1_smoke_fixed,9,1.895,4.0,0.0,0.0,0.599617,1.0,25,25,25,25,1895,3703,1,0,"{""throughput_e"":""Mbps"",""delay_u"":""ms"",""drop_u"":""ratio"",""sla_violation"":""ratio"",""fairness"":""index_0_to_1"",""rb_utilization"":""ratio""}"
1.0.0,smoke-000010,42,poor_channel,tv1_smoke_fixed,10,1.895,4.0,0.0,0.0,0.607447,1.0,25,25,25,25,1895,3703,2,0,"{""throughput_e"":""Mbps"",""delay_u"":""ms"",""drop_u"":""ratio"",""sla_violation"":""ratio"",""fairness"":""index_0_to_1"",""rb_utilization"":""ratio""}"
1.0.0,smoke-000011,42,poor_channel,tv1_smoke_fixed,11,2.762,4.0,0.0,0.0,0.637954,1.0,25,25,25,25,2762,3703,1,0,"{""throughput_e"":""Mbps"",""delay_u"":""ms"",""drop_u"":""ratio"",""sla_violation"":""ratio"",""fairness"":""index_0_to_1"",""rb_utilization"":""ratio""}"
1.0.0,smoke-000012,42,poor_channel,tv1_smoke_fixed,12,2.762,5.0,0.5,0.5,0.607605,1.0,25,25,25,25,2762,3703,1,1,"{""throughput_e"":""Mbps"",""delay_u"":""ms"",""drop_u"":""ratio"",""sla_violation"":""ratio"",""fairness"":""index_0_to_1"",""rb_utilization"":""ratio""}"
1.0.0,smoke-000013,42,poor_channel,tv1_smoke_fixed,13,2.762,5.0,0.5,0.5,0.574675,1.0,25,25,25,25,2762,4651,1,1,"{""throughput_e"":""Mbps"",""delay_u"":""ms"",""drop_u"":""ratio"",""sla_violation"":""ratio"",""fairness"":""index_0_to_1"",""rb_utilization"":""ratio""}"
1.0.0,smoke-000014,42,poor_channel,tv1_smoke_fixed,14,2.762,5.0,0.666667,0.666667,0.550547,1.0,25,25,25,25,2762,4651,1,2,"{""throughput_e"":""Mbps"",""delay_u"":""ms"",""drop_u"":""ratio"",""sla_violation"":""ratio"",""fairness"":""index_0_to_1"",""rb_utilization"":""ratio""}"
1.0.0,smoke-000015,42,poor_channel,tv1_smoke_fixed,15,2.762,5.0,0.0,0.0,0.547534,1.0,25,25,25,25,2762,3703,1,0,"{""throughput_e"":""Mbps"",""delay_u"":""ms"",""drop_u"":""ratio"",""sla_violation"":""ratio"",""fairness"":""index_0_to_1"",""rb_utilization"":""ratio""}"
1.0.0,smoke-000016,42,poor_channel,tv1_smoke_fixed,16,2.762,4.0,0.0,0.0,0.553723,1.0,25,25,25,25,2762,2762,1,0,"{""throughput_e"":""Mbps"",""delay_u"":""ms"",""drop_u"":""ratio"",""sla_violation"":""ratio"",""fairness"":""index_0_to_1"",""rb_utilization"":""ratio""}"
1.0.0,smoke-000017,42,poor_channel,tv1_smoke_fixed,17,1.895,3.0,0.0,0.0,0.554014,1.0,25,25,25,25,1895,2762,1,0,"{""throughput_e"":""Mbps"",""delay_u"":""ms"",""drop_u"":""ratio"",""sla_violation"":""ratio"",""fairness"":""index_0_to_1"",""rb_utilization"":""ratio""}"
1.0.0,smoke-000018,42,poor_channel,tv1_smoke_fixed,18,2.762,4.0,0.0,0.0,0.573679,1.0,25,25,25,25,2762,2762,1,0,"{""throughput_e"":""Mbps"",""delay_u"":""ms"",""drop_u"":""ratio"",""sla_violation"":""ratio"",""fairness"":""index_0_to_1"",""rb_utilization"":""ratio""}"
1.0.0,smoke-000019,42,poor_channel,tv1_smoke_fixed,19,2.762,4.0,0.0,0.0,0.58286,1.0,25,25,25,25,2762,1895,1,0,"{""throughput_e"":""Mbps"",""delay_u"":""ms"",""drop_u"":""ratio"",""sla_violation"":""ratio"",""fairness"":""index_0_to_1"",""rb_utilization"":""ratio""}"
1.0.0,smoke-000020,42,poor_channel,tv1_smoke_fixed,20,1.895,4.0,0.0,0.0,0.545276,1.0,25,25,25,25,1895,1895,1,0,"{""throughput_e"":""Mbps"",""delay_u"":""ms"",""drop_u"":""ratio"",""sla_violation"":""ratio"",""fairness"":""index_0_to_1"",""rb_utilization"":""ratio""}"
1.0.0,smoke-000021,42,poor_channel,tv1_smoke_fixed,21,1.895,0.0,1.0,1.0,0.569802,1.0,25,25,25,25,1895,1895,0,2,"{""throughput_e"":""Mbps"",""delay_u"":""ms"",""drop_u"":""ratio"",""sla_violation"":""ratio"",""fairness"":""index_0_to_1"",""rb_utilization"":""ratio""}"
1.0.0,smoke-000022,42,poor_channel,tv1_smoke_fixed,22,2.762,0.0,1.0,1.0,0.632674,1.0,25,25,25,25,2762,1187,0,1,"{""throughput_e"":""Mbps"",""delay_u"":""ms"",""drop_u"":""ratio"",""sla_violation"":""ratio"",""fairness"":""index_0_to_1"",""rb_utilization"":""ratio""}"
1.0.0,smoke-000023,42,poor_channel,tv1_smoke_fixed,23,1.895,0.0,0.0,0.0,0.587501,1.0,25,25,25,25,1895,1187,0,0,"{""throughput_e"":""Mbps"",""delay_u"":""ms"",""drop_u"":""ratio"",""sla_violation"":""ratio"",""fairness"":""index_0_to_1"",""rb_utilization"":""ratio""}"
1.0.0,smoke-000024,42,poor_channel,tv1_smoke_fixed,24,1.895,0.0,0.0,0.0,0.609199,1.0,25,25,25,25,1895,1187,0,0,"{""throughput_e"":""Mbps"",""delay_u"":""ms"",""drop_u"":""ratio"",""sla_violation"":""ratio"",""fairness"":""index_0_to_1"",""rb_utilization"":""ratio""}"
1.0.0,smoke-000025,42,poor_channel,tv1_smoke_fixed,25,1.895,5.0,0.666667,0.666667,0.62785,1.0,25,25,25,25,1895,1187,1,2,"{""throughput_e"":""Mbps"",""delay_u"":""ms"",""drop_u"":""ratio"",""sla_violation"":""ratio"",""fairness"":""index_0_to_1"",""rb_utilization"":""ratio""}"
1.0.0,smoke-000026,42,poor_channel,tv1_smoke_fixed,26,1.187,0.0,1.0,1.0,0.57695,1.0,25,25,25,25,1187,1187,0,1,"{""throughput_e"":""Mbps"",""delay_u"":""ms"",""drop_u"":""ratio"",""sla_violation"":""ratio"",""fairness"":""index_0_to_1"",""rb_utilization"":""ratio""}"
1.0.0,smoke-000027,42,poor_channel,tv1_smoke_fixed,27,1.895,0.0,1.0,1.0,0.564751,1.0,25,25,25,25,1895,1895,0,1,"{""throughput_e"":""Mbps"",""delay_u"":""ms"",""drop_u"":""ratio"",""sla_violation"":""ratio"",""fairness"":""index_0_to_1"",""rb_utilization"":""ratio""}"
1.0.0,smoke-000028,42,poor_channel,tv1_smoke_fixed,28,2.762,5.0,0.5,0.5,0.581156,1.0,25,25,25,25,2762,2762,1,1,"{""throughput_e"":""Mbps"",""delay_u"":""ms"",""drop_u"":""ratio"",""sla_violation"":""ratio"",""fairness"":""index_0_to_1"",""rb_utilization"":""ratio""}"
1.0.0,smoke-000029,42,poor_channel,tv1_smoke_fixed,29,2.762,5.0,0.5,0.5,0.586236,1.0,25,25,25,25,2762,2762,1,1,"{""throughput_e"":""Mbps"",""delay_u"":""ms"",""drop_u"":""ratio"",""sla_violation"":""ratio"",""fairness"":""index_0_to_1"",""rb_utilization"":""ratio""}"
1.0.0,smoke-000030,42,poor_channel,tv1_smoke_fixed,30,2.762,5.0,0.5,0.5,0.575501,1.0,25,25,25,25,2762,2762,1,1,"{""throughput_e"":""Mbps"",""delay_u"":""ms"",""drop_u"":""ratio"",""sla_violation"":""ratio"",""fairness"":""index_0_to_1"",""rb_utilization"":""ratio""}"
1.0.0,smoke-000031,42,poor_channel,tv1_smoke_fixed,31,2.762,4.0,0.0,0.0,0.554899,1.0,25,25,25,25,2762,3703,1,0,"{""throughput_e"":""Mbps"",""delay_u"":""ms"",""drop_u"":""ratio"",""sla_violation"":""ratio"",""fairness"":""index_0_to_1"",""rb_utilization"":""ratio""}"
1.0.0,smoke-000032,42,poor_channel,tv1_smoke_fixed,32,2.762,5.0,0.5,0.5,0.56265,1.0,25,25,25,25,2762,3703,1,1,"{""throughput_e"":""Mbps"",""delay_u"":""ms"",""drop_u"":""ratio"",""sla_violation"":""ratio"",""fairness"":""index_0_to_1"",""rb_utilization"":""ratio""}"
1.0.0,smoke-000033,42,poor_channel,tv1_smoke_fixed,33,2.762,5.0,0.666667,0.666667,0.5772,1.0,25,25,25,25,2762,2762,1,2,"{""throughput_e"":""Mbps"",""delay_u"":""ms"",""drop_u"":""ratio"",""sla_violation"":""ratio"",""fairness"":""index_0_to_1"",""rb_utilization"":""ratio""}"
1.0.0,smoke-000034,42,poor_channel,tv1_smoke_fixed,34,1.895,0.0,1.0,1.0,0.567652,1.0,25,25,25,25,1895,1895,0,1,"{""throughput_e"":""Mbps"",""delay_u"":""ms"",""drop_u"":""ratio"",""sla_violation"":""ratio"",""fairness"":""index_0_to_1"",""rb_utilization"":""ratio""}"
1.0.0,smoke-000035,42,poor_channel,tv1_smoke_fixed,35,1.895,0.0,1.0,1.0,0.56606,1.0,25,25,25,25,1895,1895,0,2,"{""throughput_e"":""Mbps"",""delay_u"":""ms"",""drop_u"":""ratio"",""sla_violation"":""ratio"",""fairness"":""index_0_to_1"",""rb_utilization"":""ratio""}"
1.0.0,smoke-000036,42,poor_channel,tv1_smoke_fixed,36,1.895,0.0,1.0,1.0,0.563716,1.0,25,25,25,25,1895,1895,0,3,"{""throughput_e"":""Mbps"",""delay_u"":""ms"",""drop_u"":""ratio"",""sla_violation"":""ratio"",""fairness"":""index_0_to_1"",""rb_utilization"":""ratio""}"
1.0.0,smoke-000037,42,poor_channel,tv1_smoke_fixed,37,2.762,0.0,1.0,1.0,0.627057,1.0,25,25,25,25,2762,1187,0,1,"{""throughput_e"":""Mbps"",""delay_u"":""ms"",""drop_u"":""ratio"",""sla_violation"":""ratio"",""fairness"":""index_0_to_1"",""rb_utilization"":""ratio""}"
1.0.0,smoke-000038,42,poor_channel,tv1_smoke_fixed,38,1.895,0.0,1.0,1.0,0.652931,1.0,25,25,25,25,1895,738,0,2,"{""throughput_e"":""Mbps"",""delay_u"":""ms"",""drop_u"":""ratio"",""sla_violation"":""ratio"",""fairness"":""index_0_to_1"",""rb_utilization"":""ratio""}"
1.0.0,smoke-000039,42,poor_channel,tv1_smoke_fixed,39,1.187,0.0,1.0,1.0,0.559213,1.0,25,25,25,25,1187,1187,0,1,"{""throughput_e"":""Mbps"",""delay_u"":""ms"",""drop_u"":""ratio"",""sla_violation"":""ratio"",""fairness"":""index_0_to_1"",""rb_utilization"":""ratio""}"
1.0.0,smoke-000040,42,poor_channel,tv1_smoke_fixed,40,1.187,0.0,1.0,1.0,0.551112,1.0,25,25,25,25,1187,1187,0,2,"{""throughput_e"":""Mbps"",""delay_u"":""ms"",""drop_u"":""ratio"",""sla_violation"":""ratio"",""fairness"":""index_0_to_1"",""rb_utilization"":""ratio""}"
1.0.0,smoke-000041,42,poor_channel,tv1_smoke_fixed,41,1.895,0.0,1.0,1.0,0.57937,1.0,25,25,25,25,1895,1187,0,2,"{""throughput_e"":""Mbps"",""delay_u"":""ms"",""drop_u"":""ratio"",""sla_violation"":""ratio"",""fairness"":""index_0_to_1"",""rb_utilization"":""ratio""}"
1.0.0,smoke-000042,42,poor_channel,tv1_smoke_fixed,42,1.895,0.0,1.0,1.0,0.577821,1.0,25,25,25,25,1895,1187,0,2,"{""throughput_e"":""Mbps"",""delay_u"":""ms"",""drop_u"":""ratio"",""sla_violation"":""ratio"",""fairness"":""index_0_to_1"",""rb_utilization"":""ratio""}"
1.0.0,smoke-000043,42,poor_channel,tv1_smoke_fixed,43,2.762,0.0,1.0,1.0,0.551659,1.0,25,25,25,25,2762,1895,0,2,"{""throughput_e"":""Mbps"",""delay_u"":""ms"",""drop_u"":""ratio"",""sla_violation"":""ratio"",""fairness"":""index_0_to_1"",""rb_utilization"":""ratio""}"
1.0.0,smoke-000044,42,poor_channel,tv1_smoke_fixed,44,2.762,0.0,0.0,0.0,0.542165,1.0,25,25,25,25,2762,1895,0,0,"{""throughput_e"":""Mbps"",""delay_u"":""ms"",""drop_u"":""ratio"",""sla_violation"":""ratio"",""fairness"":""index_0_to_1"",""rb_utilization"":""ratio""}"
1.0.0,smoke-000045,42,poor_channel,tv1_smoke_fixed,45,2.762,5.0,0.5,0.5,0.535101,1.0,25,25,25,25,2762,1895,1,1,"{""throughput_e"":""Mbps"",""delay_u"":""ms"",""drop_u"":""ratio"",""sla_violation"":""ratio"",""fairness"":""index_0_to_1"",""rb_utilization"":""ratio""}"
1.0.0,smoke-000046,42,poor_channel,tv1_smoke_fixed,46,3.703,0.0,1.0,1.0,0.5431,1.0,25,25,25,25,3703,1895,0,2,"{""throughput_e"":""Mbps"",""delay_u"":""ms"",""drop_u"":""ratio"",""sla_violation"":""ratio"",""fairness"":""index_0_to_1"",""rb_utilization"":""ratio""}"
1.0.0,smoke-000047,42,poor_channel,tv1_smoke_fixed,47,3.703,0.0,0.0,0.0,0.531722,1.0,25,25,25,25,3703,1895,0,0,"{""throughput_e"":""Mbps"",""delay_u"":""ms"",""drop_u"":""ratio"",""sla_violation"":""ratio"",""fairness"":""index_0_to_1"",""rb_utilization"":""ratio""}"
1.0.0,smoke-000048,42,poor_channel,tv1_smoke_fixed,48,3.703,5.0,0.0,0.0,0.523485,1.0,25,25,25,25,3703,1895,1,0,"{""throughput_e"":""Mbps"",""delay_u"":""ms"",""drop_u"":""ratio"",""sla_violation"":""ratio"",""fairness"":""index_0_to_1"",""rb_utilization"":""ratio""}"
1.0.0,smoke-000049,42,poor_channel,tv1_smoke_fixed,49,3.703,4.0,0.0,0.0,0.515459,1.0,25,25,25,25,3703,1895,1,0,"{""throughput_e"":""Mbps"",""delay_u"":""ms"",""drop_u"":""ratio"",""sla_violation"":""ratio"",""fairness"":""index_0_to_1"",""rb_utilization"":""ratio""}"
1.0.0,smoke-000050,42,poor_channel,tv1_smoke_fixed,50,3.703,0.0,0.0,0.0,0.559945,1.0,25,25,25,25,3703,1187,0,0,"{""throughput_e"":""Mbps"",""delay_u"":""ms"",""drop_u"":""ratio"",""sla_violation"":""ratio"",""fairness"":""index_0_to_1"",""rb_utilization"":""ratio""}"
1.0.0,smoke-000051,42,poor_channel,tv1_smoke_fixed,51,2.762,5.0,0.0,0.0,0.538728,1.0,25,25,25,25,2762,1187,1,0,"{""throughput_e"":""Mbps"",""delay_u"":""ms"",""drop_u"":""ratio"",""sla_violation"":""ratio"",""fairness"":""index_0_to_1"",""rb_utilization"":""ratio""}"
1.0.0,smoke-000052,42,poor_channel,tv1_smoke_fixed,52,3.703,0.0,0.0,0.0,0.604666,1.0,25,25,25,25,3703,1187,0,0,"{""throughput_e"":""Mbps"",""delay_u"":""ms"",""drop_u"":""ratio"",""sla_violation"":""ratio"",""fairness"":""index_0_to_1"",""rb_utilization"":""ratio""}"
1.0.0,smoke-000053,42,poor_channel,tv1_smoke_fixed,53,3.703,4.0,0.0,0.0,0.610785,1.0,25,25,25,25,3703,1187,1,0,"{""throughput_e"":""Mbps"",""delay_u"":""ms"",""drop_u"":""ratio"",""sla_violation"":""ratio"",""fairness"":""index_0_to_1"",""rb_utilization"":""ratio""}"
1.0.0,smoke-000054,42,poor_channel,tv1_smoke_fixed,54,4.651,0.0,1.0,1.0,0.627675,1.0,25,25,25,25,4651,1187,0,2,"{""throughput_e"":""Mbps"",""delay_u"":""ms"",""drop_u"":""ratio"",""sla_violation"":""ratio"",""fairness"":""index_0_to_1"",""rb_utilization"":""ratio""}"
1.0.0,smoke-000055,42,poor_channel,tv1_smoke_fixed,55,4.651,0.0,0.0,0.0,0.67323,1.0,25,25,25,25,4651,738,0,0,"{""throughput_e"":""Mbps"",""delay_u"":""ms"",""drop_u"":""ratio"",""sla_violation"":""ratio"",""fairness"":""index_0_to_1"",""rb_utilization"":""ratio""}"
1.0.0,smoke-000056,42,poor_channel,tv1_smoke_fixed,56,4.651,0.0,1.0,1.0,0.740403,1.0,25,25,25,25,4651,738,0,4,"{""throughput_e"":""Mbps"",""delay_u"":""ms"",""drop_u"":""ratio"",""sla_violation"":""ratio"",""fairness"":""index_0_to_1"",""rb_utilization"":""ratio""}"
1.0.0,smoke-000057,42,poor_channel,tv1_smoke_fixed,57,4.651,0.0,1.0,1.0,0.641823,1.0,25,25,25,25,4651,738,0,1,"{""throughput_e"":""Mbps"",""delay_u"":""ms"",""drop_u"":""ratio"",""sla_violation"":""ratio"",""fairness"":""index_0_to_1"",""rb_utilization"":""ratio""}"
1.0.0,smoke-000058,42,poor_channel,tv1_smoke_fixed,58,4.651,0.0,0.0,0.0,0.621902,1.0,25,25,25,25,4651,1187,0,0,"{""throughput_e"":""Mbps"",""delay_u"":""ms"",""drop_u"":""ratio"",""sla_violation"":""ratio"",""fairness"":""index_0_to_1"",""rb_utilization"":""ratio""}"
1.0.0,smoke-000059,42,poor_channel,tv1_smoke_fixed,59,4.651,0.0,1.0,1.0,0.629313,1.0,25,25,25,25,4651,1187,0,1,"{""throughput_e"":""Mbps"",""delay_u"":""ms"",""drop_u"":""ratio"",""sla_violation"":""ratio"",""fairness"":""index_0_to_1"",""rb_utilization"":""ratio""}"
1.0.0,smoke-000060,42,poor_channel,tv1_smoke_fixed,60,4.651,0.0,1.0,1.0,0.651577,1.0,25,25,25,25,4651,1187,0,3,"{""throughput_e"":""Mbps"",""delay_u"":""ms"",""drop_u"":""ratio"",""sla_violation"":""ratio"",""fairness"":""index_0_to_1"",""rb_utilization"":""ratio""}"
1.0.0,smoke-000061,42,poor_channel,tv1_smoke_fixed,61,4.651,0.0,0.0,0.0,0.63371,1.0,25,25,25,25,4651,1187,0,0,"{""throughput_e"":""Mbps"",""delay_u"":""ms"",""drop_u"":""ratio"",""sla_violation"":""ratio"",""fairness"":""index_0_to_1"",""rb_utilization"":""ratio""}"
1.0.0,smoke-000062,42,poor_channel,tv1_smoke_fixed,62,3.703,0.0,1.0,1.0,0.624654,1.0,25,25,25,25,3703,1187,0,3,"{""throughput_e"":""Mbps"",""delay_u"":""ms"",""drop_u"":""ratio"",""sla_violation"":""ratio"",""fairness"":""index_0_to_1"",""rb_utilization"":""ratio""}"
1.0.0,smoke-000063,42,poor_channel,tv1_smoke_fixed,63,3.703,0.0,1.0,1.0,0.573608,1.0,25,25,25,25,3703,1895,0,1,"{""throughput_e"":""Mbps"",""delay_u"":""ms"",""drop_u"":""ratio"",""sla_violation"":""ratio"",""fairness"":""index_0_to_1"",""rb_utilization"":""ratio""}"
1.0.0,smoke-000064,42,poor_channel,tv1_smoke_fixed,64,3.703,0.0,1.0,1.0,0.564881,1.0,25,25,25,25,3703,1895,0,2,"{""throughput_e"":""Mbps"",""delay_u"":""ms"",""drop_u"":""ratio"",""sla_violation"":""ratio"",""fairness"":""index_0_to_1"",""rb_utilization"":""ratio""}"
1.0.0,smoke-000065,42,poor_channel,tv1_smoke_fixed,65,3.703,5.0,0.5,0.5,0.549551,1.0,25,25,25,25,3703,2762,1,1,"{""throughput_e"":""Mbps"",""delay_u"":""ms"",""drop_u"":""ratio"",""sla_violation"":""ratio"",""fairness"":""index_0_to_1"",""rb_utilization"":""ratio""}"
1.0.0,smoke-000066,42,poor_channel,tv1_smoke_fixed,66,2.762,5.0,0.5,0.5,0.528388,1.0,25,25,25,25,2762,2762,1,1,"{""throughput_e"":""Mbps"",""delay_u"":""ms"",""drop_u"":""ratio"",""sla_violation"":""ratio"",""fairness"":""index_0_to_1"",""rb_utilization"":""ratio""}"
1.0.0,smoke-000067,42,poor_channel,tv1_smoke_fixed,67,1.895,5.0,0.5,0.5,0.519209,1.0,25,25,25,25,1895,2762,1,1,"{""throughput_e"":""Mbps"",""delay_u"":""ms"",""drop_u"":""ratio"",""sla_violation"":""ratio"",""fairness"":""index_0_to_1"",""rb_utilization"":""ratio""}"
1.0.0,smoke-000068,42,poor_channel,tv1_smoke_fixed,68,1.895,0.0,0.0,0.0,0.523537,1.0,25,25,25,25,1895,1895,0,0,"{""throughput_e"":""Mbps"",""delay_u"":""ms"",""drop_u"":""ratio"",""sla_violation"":""ratio"",""fairness"":""index_0_to_1"",""rb_utilization"":""ratio""}"
1.0.0,smoke-000069,42,poor_channel,tv1_smoke_fixed,69,2.762,5.0,0.666667,0.666667,0.540697,1.0,25,25,25,25,2762,1895,1,2,"{""throughput_e"":""Mbps"",""delay_u"":""ms"",""drop_u"":""ratio"",""sla_violation"":""ratio"",""fairness"":""index_0_to_1"",""rb_utilization"":""ratio""}"
1.0.0,smoke-000070,42,poor_channel,tv1_smoke_fixed,70,2.762,0.0,0.0,0.0,0.527813,1.0,25,25,25,25,2762,1895,0,0,"{""throughput_e"":""Mbps"",""delay_u"":""ms"",""drop_u"":""ratio"",""sla_violation"":""ratio"",""fairness"":""index_0_to_1"",""rb_utilization"":""ratio""}"
1.0.0,smoke-000071,42,poor_channel,tv1_smoke_fixed,71,2.762,5.0,0.5,0.5,0.546045,1.0,25,25,25,25,2762,1187,1,1,"{""throughput_e"":""Mbps"",""delay_u"":""ms"",""drop_u"":""ratio"",""sla_violation"":""ratio"",""fairness"":""index_0_to_1"",""rb_utilization"":""ratio""}"
1.0.0,smoke-000072,42,poor_channel,tv1_smoke_fixed,72,2.762,0.0,1.0,1.0,0.527157,1.0,25,25,25,25,2762,1895,0,1,"{""throughput_e"":""Mbps"",""delay_u"":""ms"",""drop_u"":""ratio"",""sla_violation"":""ratio"",""fairness"":""index_0_to_1"",""rb_utilization"":""ratio""}"
1.0.0,smoke-000073,42,poor_channel,tv1_smoke_fixed,73,3.703,0.0,1.0,1.0,0.557097,1.0,25,25,25,25,3703,1187,0,2,"{""throughput_e"":""Mbps"",""delay_u"":""ms"",""drop_u"":""ratio"",""sla_violation"":""ratio"",""fairness"":""index_0_to_1"",""rb_utilization"":""ratio""}"
1.0.0,smoke-000074,42,poor_channel,tv1_smoke_fixed,74,4.651,0.0,0.0,0.0,0.557119,1.0,25,25,25,25,4651,1187,0,0,"{""throughput_e"":""Mbps"",""delay_u"":""ms"",""drop_u"":""ratio"",""sla_violation"":""ratio"",""fairness"":""index_0_to_1"",""rb_utilization"":""ratio""}"
1.0.0,smoke-000075,42,poor_channel,tv1_smoke_fixed,75,3.703,0.0,1.0,1.0,0.539776,1.0,25,25,25,25,3703,1187,0,1,"{""throughput_e"":""Mbps"",""delay_u"":""ms"",""drop_u"":""ratio"",""sla_violation"":""ratio"",""fairness"":""index_0_to_1"",""rb_utilization"":""ratio""}"
1.0.0,smoke-000076,42,poor_channel,tv1_smoke_fixed,76,3.703,0.0,1.0,1.0,0.566546,1.0,25,25,25,25,3703,1187,0,1,"{""throughput_e"":""Mbps"",""delay_u"":""ms"",""drop_u"":""ratio"",""sla_violation"":""ratio"",""fairness"":""index_0_to_1"",""rb_utilization"":""ratio""}"
1.0.0,smoke-000077,42,poor_channel,tv1_smoke_fixed,77,2.762,0.0,1.0,1.0,0.629257,1.0,25,25,25,25,2762,738,0,1,"{""throughput_e"":""Mbps"",""delay_u"":""ms"",""drop_u"":""ratio"",""sla_violation"":""ratio"",""fairness"":""index_0_to_1"",""rb_utilization"":""ratio""}"
1.0.0,smoke-000078,42,poor_channel,tv1_smoke_fixed,78,3.703,0.0,1.0,1.0,0.684597,1.0,25,25,25,25,3703,738,0,1,"{""throughput_e"":""Mbps"",""delay_u"":""ms"",""drop_u"":""ratio"",""sla_violation"":""ratio"",""fairness"":""index_0_to_1"",""rb_utilization"":""ratio""}"
1.0.0,smoke-000079,42,poor_channel,tv1_smoke_fixed,79,3.703,0.0,0.0,0.0,0.605906,1.0,25,25,25,25,3703,1187,0,0,"{""throughput_e"":""Mbps"",""delay_u"":""ms"",""drop_u"":""ratio"",""sla_violation"":""ratio"",""fairness"":""index_0_to_1"",""rb_utilization"":""ratio""}"
1.0.0,smoke-000080,42,poor_channel,tv1_smoke_fixed,80,3.703,5.0,0.666667,0.666667,0.569444,1.0,25,25,25,25,3703,1895,1,2,"{""throughput_e"":""Mbps"",""delay_u"":""ms"",""drop_u"":""ratio"",""sla_violation"":""ratio"",""fairness"":""index_0_to_1"",""rb_utilization"":""ratio""}"
1.0.0,smoke-000081,42,poor_channel,tv1_smoke_fixed,81,3.703,5.0,0.8,0.8,0.540323,1.0,25,25,25,25,3703,2762,1,4,"{""throughput_e"":""Mbps"",""delay_u"":""ms"",""drop_u"":""ratio"",""sla_violation"":""ratio"",""fairness"":""index_0_to_1"",""rb_utilization"":""ratio""}"
1.0.0,smoke-000082,42,poor_channel,tv1_smoke_fixed,82,4.651,5.0,0.5,0.5,0.539012,1.0,25,25,25,25,4651,2762,1,1,"{""throughput_e"":""Mbps"",""delay_u"":""ms"",""drop_u"":""ratio"",""sla_violation"":""ratio"",""fairness"":""index_0_to_1"",""rb_utilization"":""ratio""}"
1.0.0,smoke-000083,42,poor_channel,tv1_smoke_fixed,83,4.651,4.0,0.0,0.0,0.533175,1.0,25,25,25,25,4651,2762,1,0,"{""throughput_e"":""Mbps"",""delay_u"":""ms"",""drop_u"":""ratio"",""sla_violation"":""ratio"",""fairness"":""index_0_to_1"",""rb_utilization"":""ratio""}"
1.0.0,smoke-000084,42,poor_channel,tv1_smoke_fixed,84,4.651,4.0,0.0,0.0,0.532329,1.0,25,25,25,25,4651,2762,1,0,"{""throughput_e"":""Mbps"",""delay_u"":""ms"",""drop_u"":""ratio"",""sla_violation"":""ratio"",""fairness"":""index_0_to_1"",""rb_utilization"":""ratio""}"
1.0.0,smoke-000085,42,poor_channel,tv1_smoke_fixed,85,6.029,4.0,0.0,0.0,0.547916,1.0,25,25,25,25,6029,2762,1,0,"{""throughput_e"":""Mbps"",""delay_u"":""ms"",""drop_u"":""ratio"",""sla_violation"":""ratio"",""fairness"":""index_0_to_1"",""rb_utilization"":""ratio""}"
1.0.0,smoke-000086,42,poor_channel,tv1_smoke_fixed,86,6.029,5.0,0.5,0.5,0.567657,1.0,25,25,25,25,6029,2762,1,1,"{""throughput_e"":""Mbps"",""delay_u"":""ms"",""drop_u"":""ratio"",""sla_violation"":""ratio"",""fairness"":""index_0_to_1"",""rb_utilization"":""ratio""}"
1.0.0,smoke-000087,42,poor_channel,tv1_smoke_fixed,87,6.029,5.0,0.0,0.0,0.541163,1.0,25,25,25,25,6029,3703,1,0,"{""throughput_e"":""Mbps"",""delay_u"":""ms"",""drop_u"":""ratio"",""sla_violation"":""ratio"",""fairness"":""index_0_to_1"",""rb_utilization"":""ratio""}"
1.0.0,smoke-000088,42,poor_channel,tv1_smoke_fixed,88,6.029,5.0,0.0,0.0,0.553779,1.0,25,25,25,25,6029,3703,1,0,"{""throughput_e"":""Mbps"",""delay_u"":""ms"",""drop_u"":""ratio"",""sla_violation"":""ratio"",""fairness"":""index_0_to_1"",""rb_utilization"":""ratio""}"
1.0.0,smoke-000089,42,poor_channel,tv1_smoke_fixed,89,4.651,5.0,0.0,0.0,0.531428,1.0,25,25,25,25,4651,4651,2,0,"{""throughput_e"":""Mbps"",""delay_u"":""ms"",""drop_u"":""ratio"",""sla_violation"":""ratio"",""fairness"":""index_0_to_1"",""rb_utilization"":""ratio""}"
1.0.0,smoke-000090,42,poor_channel,tv1_smoke_fixed,90,3.703,5.0,0.25,0.25,0.519477,1.0,25,25,25,25,3703,6029,3,1,"{""throughput_e"":""Mbps"",""delay_u"":""ms"",""drop_u"":""ratio"",""sla_violation"":""ratio"",""fairness"":""index_0_to_1"",""rb_utilization"":""ratio""}"
1.0.0,smoke-000091,42,poor_channel,tv1_smoke_fixed,91,3.703,4.0,0.0,0.0,0.522568,1.0,25,25,25,25,3703,6029,2,0,"{""throughput_e"":""Mbps"",""delay_u"":""ms"",""drop_u"":""ratio"",""sla_violation"":""ratio"",""fairness"":""index_0_to_1"",""rb_utilization"":""ratio""}"
1.0.0,smoke-000092,42,poor_channel,tv1_smoke_fixed,92,3.703,5.0,0.0,0.0,0.525409,1.0,25,25,25,25,3703,6029,2,0,"{""throughput_e"":""Mbps"",""delay_u"":""ms"",""drop_u"":""ratio"",""sla_violation"":""ratio"",""fairness"":""index_0_to_1"",""rb_utilization"":""ratio""}"
1.0.0,smoke-000093,42,poor_channel,tv1_smoke_fixed,93,3.703,4.333333,0.0,0.0,0.522702,1.0,25,25,25,25,3703,6029,3,0,"{""throughput_e"":""Mbps"",""delay_u"":""ms"",""drop_u"":""ratio"",""sla_violation"":""ratio"",""fairness"":""index_0_to_1"",""rb_utilization"":""ratio""}"
1.0.0,smoke-000094,42,poor_channel,tv1_smoke_fixed,94,3.703,4.0,0.0,0.0,0.518134,1.0,25,25,25,25,3703,6029,2,0,"{""throughput_e"":""Mbps"",""delay_u"":""ms"",""drop_u"":""ratio"",""sla_violation"":""ratio"",""fairness"":""index_0_to_1"",""rb_utilization"":""ratio""}"
1.0.0,smoke-000095,42,poor_channel,tv1_smoke_fixed,95,3.703,5.0,0.333333,0.333333,0.517362,1.0,25,25,25,25,3703,6029,2,1,"{""throughput_e"":""Mbps"",""delay_u"":""ms"",""drop_u"":""ratio"",""sla_violation"":""ratio"",""fairness"":""index_0_to_1"",""rb_utilization"":""ratio""}"
1.0.0,smoke-000096,42,poor_channel,tv1_smoke_fixed,96,3.703,5.0,0.75,0.75,0.516285,1.0,25,25,25,25,3703,4651,1,3,"{""throughput_e"":""Mbps"",""delay_u"":""ms"",""drop_u"":""ratio"",""sla_violation"":""ratio"",""fairness"":""index_0_to_1"",""rb_utilization"":""ratio""}"
1.0.0,smoke-000097,42,poor_channel,tv1_smoke_fixed,97,3.703,5.0,0.0,0.0,0.506923,1.0,25,25,25,25,3703,4651,1,0,"{""throughput_e"":""Mbps"",""delay_u"":""ms"",""drop_u"":""ratio"",""sla_violation"":""ratio"",""fairness"":""index_0_to_1"",""rb_utilization"":""ratio""}"
1.0.0,smoke-000098,42,poor_channel,tv1_smoke_fixed,98,3.703,4.0,0.0,0.0,0.507289,1.0,25,25,25,25,3703,4651,2,0,"{""throughput_e"":""Mbps"",""delay_u"":""ms"",""drop_u"":""ratio"",""sla_violation"":""ratio"",""fairness"":""index_0_to_1"",""rb_utilization"":""ratio""}"
1.0.0,smoke-000099,42,poor_channel,tv1_smoke_fixed,99,4.651,2.0,0.0,0.0,0.509564,1.0,25,25,25,25,4651,4651,2,0,"{""throughput_e"":""Mbps"",""delay_u"":""ms"",""drop_u"":""ratio"",""sla_violation"":""ratio"",""fairness"":""index_0_to_1"",""rb_utilization"":""ratio""}"
1.0.0,smoke-000100,42,poor_channel,tv1_smoke_fixed,100,4.651,2.0,0.0,0.0,0.50718,1.0,25,25,25,25,4651,4651,2,0,"{""throughput_e"":""Mbps"",""delay_u"":""ms"",""drop_u"":""ratio"",""sla_violation"":""ratio"",""fairness"":""index_0_to_1"",""rb_utilization"":""ratio""}"
1.0.0,smoke-000101,42,poor_channel,tv1_smoke_fixed,101,3.703,1.5,0.0,0.0,0.50608,1.0,25,25,25,25,3703,4651,2,0,"{""throughput_e"":""Mbps"",""delay_u"":""ms"",""drop_u"":""ratio"",""sla_violation"":""ratio"",""fairness"":""index_0_to_1"",""rb_utilization"":""ratio""}"
1.0.0,smoke-000102,42,poor_channel,tv1_smoke_fixed,102,2.762,1.5,0.0,0.0,0.502995,0.92,25,25,25,21,2762,4905,2,0,"{""throughput_e"":""Mbps"",""delay_u"":""ms"",""drop_u"":""ratio"",""sla_violation"":""ratio"",""fairness"":""index_0_to_1"",""rb_utilization"":""ratio""}"
1.0.0,smoke-000103,42,poor_channel,tv1_smoke_fixed,103,2.762,1.0,0.0,0.0,0.502962,0.72,25,25,25,11,2762,2560,1,0,"{""throughput_e"":""Mbps"",""delay_u"":""ms"",""drop_u"":""ratio"",""sla_violation"":""ratio"",""fairness"":""index_0_to_1"",""rb_utilization"":""ratio""}"
1.0.0,smoke-000104,42,poor_channel,tv1_smoke_fixed,104,3.703,1.0,0.0,0.0,0.503937,0.72,25,25,25,11,3703,2560,1,0,"{""throughput_e"":""Mbps"",""delay_u"":""ms"",""drop_u"":""ratio"",""sla_violation"":""ratio"",""fairness"":""index_0_to_1"",""rb_utilization"":""ratio""}"
1.0.0,smoke-000105,42,poor_channel,tv1_smoke_fixed,105,4.651,1.0,0.0,0.0,0.508329,1.0,25,25,25,25,4651,6029,2,0,"{""throughput_e"":""Mbps"",""delay_u"":""ms"",""drop_u"":""ratio"",""sla_violation"":""ratio"",""fairness"":""index_0_to_1"",""rb_utilization"":""ratio""}"
1.0.0,smoke-000106,42,poor_channel,tv1_smoke_fixed,106,4.651,2.0,0.0,0.0,0.505468,1.0,25,25,25,25,4651,6029,2,0,"{""throughput_e"":""Mbps"",""delay_u"":""ms"",""drop_u"":""ratio"",""sla_violation"":""ratio"",""fairness"":""index_0_to_1"",""rb_utilization"":""ratio""}"
1.0.0,smoke-000107,42,poor_channel,tv1_smoke_fixed,107,4.651,1.333333,0.0,0.0,0.504829,1.0,25,25,25,25,4651,5862,3,0,"{""throughput_e"":""Mbps"",""delay_u"":""ms"",""drop_u"":""ratio"",""sla_violation"":""ratio"",""fairness"":""index_0_to_1"",""rb_utilization"":""ratio""}"
1.0.0,smoke-000108,42,poor_channel,tv1_smoke_fixed,108,3.703,1.0,0.0,0.0,0.503817,0.72,25,25,25,11,3703,2560,1,0,"{""throughput_e"":""Mbps"",""delay_u"":""ms"",""drop_u"":""ratio"",""sla_violation"":""ratio"",""fairness"":""index_0_to_1"",""rb_utilization"":""ratio""}"
1.0.0,smoke-000109,42,poor_channel,tv1_smoke_fixed,109,3.703,1.0,0.0,0.0,0.50378,0.72,25,25,25,11,3703,2560,1,0,"{""throughput_e"":""Mbps"",""delay_u"":""ms"",""drop_u"":""ratio"",""sla_violation"":""ratio"",""fairness"":""index_0_to_1"",""rb_utilization"":""ratio""}"
1.0.0,smoke-000110,42,poor_channel,tv1_smoke_fixed,110,3.703,1.0,0.0,0.0,0.50479,1.0,25,25,25,25,3703,6029,2,0,"{""throughput_e"":""Mbps"",""delay_u"":""ms"",""drop_u"":""ratio"",""sla_violation"":""ratio"",""fairness"":""index_0_to_1"",""rb_utilization"":""ratio""}"
1.0.0,smoke-000111,42,poor_channel,tv1_smoke_fixed,111,4.651,1.5,0.0,0.0,0.504676,0.86,25,25,25,18,4651,4211,2,0,"{""throughput_e"":""Mbps"",""delay_u"":""ms"",""drop_u"":""ratio"",""sla_violation"":""ratio"",""fairness"":""index_0_to_1"",""rb_utilization"":""ratio""}"
1.0.0,smoke-000112,42,poor_channel,tv1_smoke_fixed,112,6.029,1.0,0.0,0.0,0.506018,0.94,25,25,25,22,6029,5120,2,0,"{""throughput_e"":""Mbps"",""delay_u"":""ms"",""drop_u"":""ratio"",""sla_violation"":""ratio"",""fairness"":""index_0_to_1"",""rb_utilization"":""ratio""}"
1.0.0,smoke-000113,42,poor_channel,tv1_smoke_fixed,113,6.029,1.0,0.0,0.0,0.505974,0.78,25,25,25,14,6029,2560,1,0,"{""throughput_e"":""Mbps"",""delay_u"":""ms"",""drop_u"":""ratio"",""sla_violation"":""ratio"",""fairness"":""index_0_to_1"",""rb_utilization"":""ratio""}"
1.0.0,smoke-000114,42,poor_channel,tv1_smoke_fixed,114,4.651,1.0,0.0,0.0,0.504596,0.72,25,25,25,11,4651,2560,1,0,"{""throughput_e"":""Mbps"",""delay_u"":""ms"",""drop_u"":""ratio"",""sla_violation"":""ratio"",""fairness"":""index_0_to_1"",""rb_utilization"":""ratio""}"
1.0.0,smoke-000115,42,poor_channel,tv1_smoke_fixed,115,4.651,0.0,0.0,0.0,0.50456,0.5,25,25,25,0,4651,0,0,0,"{""throughput_e"":""Mbps"",""delay_u"":""ms"",""drop_u"":""ratio"",""sla_violation"":""ratio"",""fairness"":""index_0_to_1"",""rb_utilization"":""ratio""}"
1.0.0,smoke-000116,42,poor_channel,tv1_smoke_fixed,116,4.651,1.0,0.0,0.0,0.504994,1.0,25,25,25,25,4651,4651,1,0,"{""throughput_e"":""Mbps"",""delay_u"":""ms"",""drop_u"":""ratio"",""sla_violation"":""ratio"",""fairness"":""index_0_to_1"",""rb_utilization"":""ratio""}"
1.0.0,smoke-000117,42,poor_channel,tv1_smoke_fixed,117,3.703,1.5,0.0,0.0,0.503587,0.84,25,25,25,17,3703,3029,2,0,"{""throughput_e"":""Mbps"",""delay_u"":""ms"",""drop_u"":""ratio"",""sla_violation"":""ratio"",""fairness"":""index_0_to_1"",""rb_utilization"":""ratio""}"
1.0.0,smoke-000118,42,poor_channel,tv1_smoke_fixed,118,3.703,1.0,0.0,0.0,0.503558,0.86,25,25,25,18,3703,2560,1,0,"{""throughput_e"":""Mbps"",""delay_u"":""ms"",""drop_u"":""ratio"",""sla_violation"":""ratio"",""fairness"":""index_0_to_1"",""rb_utilization"":""ratio""}"
1.0.0,smoke-000119,42,poor_channel,tv1_smoke_fixed,119,3.703,1.0,0.0,0.0,0.503529,0.86,25,25,25,18,3703,2560,1,0,"{""throughput_e"":""Mbps"",""delay_u"":""ms"",""drop_u"":""ratio"",""sla_violation"":""ratio"",""fairness"":""index_0_to_1"",""rb_utilization"":""ratio""}"
1.0.0,smoke-000120,42,poor_channel,tv1_smoke_fixed,120,3.703,0.0,0.0,0.0,0.503507,0.5,25,25,25,0,3703,0,0,0,"{""throughput_e"":""Mbps"",""delay_u"":""ms"",""drop_u"":""ratio"",""sla_violation"":""ratio"",""fairness"":""index_0_to_1"",""rb_utilization"":""ratio""}"
1.0.0,smoke-000121,42,poor_channel,tv1_smoke_fixed,121,3.703,1.0,0.0,0.0,0.506444,1.0,25,25,25,25,3703,2762,1,0,"{""throughput_e"":""Mbps"",""delay_u"":""ms"",""drop_u"":""ratio"",""sla_violation"":""ratio"",""fairness"":""index_0_to_1"",""rb_utilization"":""ratio""}"
1.0.0,smoke-000122,42,poor_channel,tv1_smoke_fixed,122,4.651,0.0,0.0,0.0,0.517094,1.0,25,25,25,25,4651,1895,0,0,"{""throughput_e"":""Mbps"",""delay_u"":""ms"",""drop_u"":""ratio"",""sla_violation"":""ratio"",""fairness"":""index_0_to_1"",""rb_utilization"":""ratio""}"
1.0.0,smoke-000123,42,poor_channel,tv1_smoke_fixed,123,4.651,3.0,0.0,0.0,0.518489,1.0,25,25,25,25,4651,1895,1,0,"{""throughput_e"":""Mbps"",""delay_u"":""ms"",""drop_u"":""ratio"",""sla_violation"":""ratio"",""fairness"":""index_0_to_1"",""rb_utilization"":""ratio""}"
1.0.0,smoke-000124,42,poor_channel,tv1_smoke_fixed,124,4.651,3.0,0.0,0.0,0.51407,1.0,25,25,25,25,4651,1895,1,0,"{""throughput_e"":""Mbps"",""delay_u"":""ms"",""drop_u"":""ratio"",""sla_violation"":""ratio"",""fairness"":""index_0_to_1"",""rb_utilization"":""ratio""}"
1.0.0,smoke-000125,42,poor_channel,tv1_smoke_fixed,125,4.651,4.0,0.0,0.0,0.515469,1.0,25,25,25,25,4651,1895,1,0,"{""throughput_e"":""Mbps"",""delay_u"":""ms"",""drop_u"":""ratio"",""sla_violation"":""ratio"",""fairness"":""index_0_to_1"",""rb_utilization"":""ratio""}"
1.0.0,smoke-000126,42,poor_channel,tv1_smoke_fixed,126,4.651,0.0,0.0,0.0,0.563139,1.0,25,25,25,25,4651,1187,0,0,"{""throughput_e"":""Mbps"",""delay_u"":""ms"",""drop_u"":""ratio"",""sla_violation"":""ratio"",""fairness"":""index_0_to_1"",""rb_utilization"":""ratio""}"
1.0.0,smoke-000127,42,poor_channel,tv1_smoke_fixed,127,4.651,0.0,1.0,1.0,0.635518,1.0,25,25,25,25,4651,738,0,1,"{""throughput_e"":""Mbps"",""delay_u"":""ms"",""drop_u"":""ratio"",""sla_violation"":""ratio"",""fairness"":""index_0_to_1"",""rb_utilization"":""ratio""}"
1.0.0,smoke-000128,42,poor_channel,tv1_smoke_fixed,128,3.703,0.0,0.0,0.0,0.613325,1.0,25,25,25,25,3703,738,0,0,"{""throughput_e"":""Mbps"",""delay_u"":""ms"",""drop_u"":""ratio"",""sla_violation"":""ratio"",""fairness"":""index_0_to_1"",""rb_utilization"":""ratio""}"
1.0.0,smoke-000129,42,poor_channel,tv1_smoke_fixed,129,3.703,0.0,1.0,1.0,0.575568,1.0,25,25,25,25,3703,1187,0,1,"{""throughput_e"":""Mbps"",""delay_u"":""ms"",""drop_u"":""ratio"",""sla_violation"":""ratio"",""fairness"":""index_0_to_1"",""rb_utilization"":""ratio""}"
1.0.0,smoke-000130,42,poor_channel,tv1_smoke_fixed,130,4.651,0.0,1.0,1.0,0.652755,1.0,25,25,25,25,4651,738,0,5,"{""throughput_e"":""Mbps"",""delay_u"":""ms"",""drop_u"":""ratio"",""sla_violation"":""ratio"",""fairness"":""index_0_to_1"",""rb_utilization"":""ratio""}"
1.0.0,smoke-000131,42,poor_channel,tv1_smoke_fixed,131,3.703,0.0,1.0,1.0,0.603083,1.0,25,25,25,25,3703,479,0,3,"{""throughput_e"":""Mbps"",""delay_u"":""ms"",""drop_u"":""ratio"",""sla_violation"":""ratio"",""fairness"":""index_0_to_1"",""rb_utilization"":""ratio""}"
1.0.0,smoke-000132,42,poor_channel,tv1_smoke_fixed,132,3.703,0.0,1.0,1.0,0.568655,1.0,25,25,25,25,3703,479,0,1,"{""throughput_e"":""Mbps"",""delay_u"":""ms"",""drop_u"":""ratio"",""sla_violation"":""ratio"",""fairness"":""index_0_to_1"",""rb_utilization"":""ratio""}"
1.0.0,smoke-000133,42,poor_channel,tv1_smoke_fixed,133,3.703,0.0,1.0,1.0,0.551178,1.0,25,25,25,25,3703,479,0,1,"{""throughput_e"":""Mbps"",""delay_u"":""ms"",""drop_u"":""ratio"",""sla_violation"":""ratio"",""fairness"":""index_0_to_1"",""rb_utilization"":""ratio""}"
1.0.0,smoke-000134,42,poor_channel,tv1_smoke_fixed,134,3.703,0.0,1.0,1.0,0.550804,1.0,25,25,25,25,3703,479,0,1,"{""throughput_e"":""Mbps"",""delay_u"":""ms"",""drop_u"":""ratio"",""sla_violation"":""ratio"",""fairness"":""index_0_to_1"",""rb_utilization"":""ratio""}"
1.0.0,smoke-000135,42,poor_channel,tv1_smoke_fixed,135,4.651,0.0,0.0,0.0,0.563146,1.0,25,25,25,25,4651,479,0,0,"{""throughput_e"":""Mbps"",""delay_u"":""ms"",""drop_u"":""ratio"",""sla_violation"":""ratio"",""fairness"":""index_0_to_1"",""rb_utilization"":""ratio""}"
1.0.0,smoke-000136,42,poor_channel,tv1_smoke_fixed,136,4.651,0.0,1.0,1.0,0.600132,1.0,25,25,25,25,4651,479,0,1,"{""throughput_e"":""Mbps"",""delay_u"":""ms"",""drop_u"":""ratio"",""sla_violation"":""ratio"",""fairness"":""index_0_to_1"",""rb_utilization"":""ratio""}"
1.0.0,smoke-000137,42,poor_channel,tv1_smoke_fixed,137,3.703,0.0,0.0,0.0,0.614808,1.0,25,25,25,25,3703,479,0,0,"{""throughput_e"":""Mbps"",""delay_u"":""ms"",""drop_u"":""ratio"",""sla_violation"":""ratio"",""fairness"":""index_0_to_1"",""rb_utilization"":""ratio""}"
1.0.0,smoke-000138,42,poor_channel,tv1_smoke_fixed,138,3.703,0.0,1.0,1.0,0.672801,1.0,25,25,25,25,3703,479,0,1,"{""throughput_e"":""Mbps"",""delay_u"":""ms"",""drop_u"":""ratio"",""sla_violation"":""ratio"",""fairness"":""index_0_to_1"",""rb_utilization"":""ratio""}"
1.0.0,smoke-000139,42,poor_channel,tv1_smoke_fixed,139,3.703,0.0,1.0,1.0,0.689196,1.0,25,25,25,25,3703,479,0,1,"{""throughput_e"":""Mbps"",""delay_u"":""ms"",""drop_u"":""ratio"",""sla_violation"":""ratio"",""fairness"":""index_0_to_1"",""rb_utilization"":""ratio""}"
1.0.0,smoke-000140,42,poor_channel,tv1_smoke_fixed,140,2.762,0.0,1.0,1.0,0.631071,1.0,25,25,25,25,2762,479,0,2,"{""throughput_e"":""Mbps"",""delay_u"":""ms"",""drop_u"":""ratio"",""sla_violation"":""ratio"",""fairness"":""index_0_to_1"",""rb_utilization"":""ratio""}"
1.0.0,smoke-000141,42,poor_channel,tv1_smoke_fixed,141,3.703,0.0,1.0,1.0,0.671876,1.0,25,25,25,25,3703,479,0,3,"{""throughput_e"":""Mbps"",""delay_u"":""ms"",""drop_u"":""ratio"",""sla_violation"":""ratio"",""fairness"":""index_0_to_1"",""rb_utilization"":""ratio""}"
1.0.0,smoke-000142,42,poor_channel,tv1_smoke_fixed,142,2.762,0.0,1.0,1.0,0.561718,1.0,25,25,25,25,2762,738,0,4,"{""throughput_e"":""Mbps"",""delay_u"":""ms"",""drop_u"":""ratio"",""sla_violation"":""ratio"",""fairness"":""index_0_to_1"",""rb_utilization"":""ratio""}"
1.0.0,smoke-000143,42,poor_channel,tv1_smoke_fixed,143,1.895,0.0,1.0,1.0,0.540515,1.0,25,25,25,25,1895,479,0,2,"{""throughput_e"":""Mbps"",""delay_u"":""ms"",""drop_u"":""ratio"",""sla_violation"":""ratio"",""fairness"":""index_0_to_1"",""rb_utilization"":""ratio""}"
1.0.0,smoke-000144,42,poor_channel,tv1_smoke_fixed,144,1.187,0.0,0.0,0.0,0.515144,1.0,25,25,25,25,1187,479,0,0,"{""throughput_e"":""Mbps"",""delay_u"":""ms"",""drop_u"":""ratio"",""sla_violation"":""ratio"",""fairness"":""index_0_to_1"",""rb_utilization"":""ratio""}"
1.0.0,smoke-000145,42,poor_channel,tv1_smoke_fixed,145,1.895,0.0,1.0,1.0,0.530416,1.0,25,25,25,25,1895,479,0,2,"{""throughput_e"":""Mbps"",""delay_u"":""ms"",""drop_u"":""ratio"",""sla_violation"":""ratio"",""fairness"":""index_0_to_1"",""rb_utilization"":""ratio""}"
1.0.0,smoke-000146,42,poor_channel,tv1_smoke_fixed,146,1.895,0.0,0.0,0.0,0.523759,1.0,25,25,25,25,1895,479,0,0,"{""throughput_e"":""Mbps"",""delay_u"":""ms"",""drop_u"":""ratio"",""sla_violation"":""ratio"",""fairness"":""index_0_to_1"",""rb_utilization"":""ratio""}"
1.0.0,smoke-000147,42,poor_channel,tv1_smoke_fixed,147,2.762,0.0,1.0,1.0,0.55498,1.0,25,25,25,25,2762,479,0,1,"{""throughput_e"":""Mbps"",""delay_u"":""ms"",""drop_u"":""ratio"",""sla_violation"":""ratio"",""fairness"":""index_0_to_1"",""rb_utilization"":""ratio""}"
1.0.0,smoke-000148,42,poor_channel,tv1_smoke_fixed,148,3.703,0.0,0.0,0.0,0.57582,1.0,25,25,25,25,3703,479,0,0,"{""throughput_e"":""Mbps"",""delay_u"":""ms"",""drop_u"":""ratio"",""sla_violation"":""ratio"",""fairness"":""index_0_to_1"",""rb_utilization"":""ratio""}"
1.0.0,smoke-000149,42,poor_channel,tv1_smoke_fixed,149,3.703,0.0,1.0,1.0,0.572711,1.0,25,25,25,25,3703,479,0,1,"{""throughput_e"":""Mbps"",""delay_u"":""ms"",""drop_u"":""ratio"",""sla_violation"":""ratio"",""fairness"":""index_0_to_1"",""rb_utilization"":""ratio""}"
1.0.0,smoke-000150,42,poor_channel,tv1_smoke_fixed,150,3.703,0.0,1.0,1.0,0.590241,1.0,25,25,25,25,3703,479,0,1,"{""throughput_e"":""Mbps"",""delay_u"":""ms"",""drop_u"":""ratio"",""sla_violation"":""ratio"",""fairness"":""index_0_to_1"",""rb_utilization"":""ratio""}"
1.0.0,smoke-000151,42,poor_channel,tv1_smoke_fixed,151,4.651,0.0,1.0,1.0,0.64819,1.0,25,25,25,25,4651,479,0,2,"{""throughput_e"":""Mbps"",""delay_u"":""ms"",""drop_u"":""ratio"",""sla_violation"":""ratio"",""fairness"":""index_0_to_1"",""rb_utilization"":""ratio""}"
1.0.0,smoke-000152,42,poor_channel,tv1_smoke_fixed,152,4.651,0.0,1.0,1.0,0.611566,1.0,25,25,25,25,4651,479,0,1,"{""throughput_e"":""Mbps"",""delay_u"":""ms"",""drop_u"":""ratio"",""sla_violation"":""ratio"",""fairness"":""index_0_to_1"",""rb_utilization"":""ratio""}"
1.0.0,smoke-000153,42,poor_channel,tv1_smoke_fixed,153,3.703,0.0,0.0,0.0,0.603239,1.0,25,25,25,25,3703,479,0,0,"{""throughput_e"":""Mbps"",""delay_u"":""ms"",""drop_u"":""ratio"",""sla_violation"":""ratio"",""fairness"":""index_0_to_1"",""rb_utilization"":""ratio""}"
1.0.0,smoke-000154,42,poor_channel,tv1_smoke_fixed,154,3.703,0.0,1.0,1.0,0.599983,1.0,25,25,25,25,3703,479,0,2,"{""throughput_e"":""Mbps"",""delay_u"":""ms"",""drop_u"":""ratio"",""sla_violation"":""ratio"",""fairness"":""index_0_to_1"",""rb_utilization"":""ratio""}"
1.0.0,smoke-000155,42,poor_channel,tv1_smoke_fixed,155,3.703,0.0,1.0,1.0,0.602231,1.0,25,25,25,25,3703,479,0,3,"{""throughput_e"":""Mbps"",""delay_u"":""ms"",""drop_u"":""ratio"",""sla_violation"":""ratio"",""fairness"":""index_0_to_1"",""rb_utilization"":""ratio""}"
1.0.0,smoke-000156,42,poor_channel,tv1_smoke_fixed,156,3.703,0.0,0.0,0.0,0.558407,1.0,25,25,25,25,3703,479,0,0,"{""throughput_e"":""Mbps"",""delay_u"":""ms"",""drop_u"":""ratio"",""sla_violation"":""ratio"",""fairness"":""index_0_to_1"",""rb_utilization"":""ratio""}"
1.0.0,smoke-000157,42,poor_channel,tv1_smoke_fixed,157,4.651,0.0,1.0,1.0,0.545289,1.0,25,25,25,25,4651,738,0,2,"{""throughput_e"":""Mbps"",""delay_u"":""ms"",""drop_u"":""ratio"",""sla_violation"":""ratio"",""fairness"":""index_0_to_1"",""rb_utilization"":""ratio""}"
1.0.0,smoke-000158,42,poor_channel,tv1_smoke_fixed,158,3.703,0.0,0.0,0.0,0.529293,1.0,25,25,25,25,3703,1187,0,0,"{""throughput_e"":""Mbps"",""delay_u"":""ms"",""drop_u"":""ratio"",""sla_violation"":""ratio"",""fairness"":""index_0_to_1"",""rb_utilization"":""ratio""}"
1.0.0,smoke-000159,42,poor_channel,tv1_smoke_fixed,159,2.762,0.0,1.0,1.0,0.528348,1.0,25,25,25,25,2762,1187,0,2,"{""throughput_e"":""Mbps"",""delay_u"":""ms"",""drop_u"":""ratio"",""sla_violation"":""ratio"",""fairness"":""index_0_to_1"",""rb_utilization"":""ratio""}"
1.0.0,smoke-000160,42,poor_channel,tv1_smoke_fixed,160,2.762,0.0,0.0,0.0,0.525844,1.0,25,25,25,25,2762,1187,0,0,"{""throughput_e"":""Mbps"",""delay_u"":""ms"",""drop_u"":""ratio"",""sla_violation"":""ratio"",""fairness"":""index_0_to_1"",""rb_utilization"":""ratio""}"
1.0.0,smoke-000161,42,poor_channel,tv1_smoke_fixed,161,2.762,4.0,0.0,0.0,0.522929,1.0,25,25,25,25,2762,1895,1,0,"{""throughput_e"":""Mbps"",""delay_u"":""ms"",""drop_u"":""ratio"",""sla_violation"":""ratio"",""fairness"":""index_0_to_1"",""rb_utilization"":""ratio""}"
1.0.0,smoke-000162,42,poor_channel,tv1_smoke_fixed,162,2.762,0.0,1.0,1.0,0.528824,1.0,25,25,25,25,2762,1895,0,2,"{""throughput_e"":""Mbps"",""delay_u"":""ms"",""drop_u"":""ratio"",""sla_violation"":""ratio"",""fairness"":""index_0_to_1"",""rb_utilization"":""ratio""}"
1.0.0,smoke-000163,42,poor_channel,tv1_smoke_fixed,163,3.703,5.0,0.5,0.5,0.531682,1.0,25,25,25,25,3703,2762,1,1,"{""throughput_e"":""Mbps"",""delay_u"":""ms"",""drop_u"":""ratio"",""sla_violation"":""ratio"",""fairness"":""index_0_to_1"",""rb_utilization"":""ratio""}"
1.0.0,smoke-000164,42,poor_channel,tv1_smoke_fixed,164,3.703,0.0,1.0,1.0,0.542353,1.0,25,25,25,25,3703,1895,0,1,"{""throughput_e"":""Mbps"",""delay_u"":""ms"",""drop_u"":""ratio"",""sla_violation"":""ratio"",""fairness"":""index_0_to_1"",""rb_utilization"":""ratio""}"
1.0.0,smoke-000165,42,poor_channel,tv1_smoke_fixed,165,3.703,5.0,0.666667,0.666667,0.531407,1.0,25,25,25,25,3703,2762,1,2,"{""throughput_e"":""Mbps"",""delay_u"":""ms"",""drop_u"":""ratio"",""sla_violation"":""ratio"",""fairness"":""index_0_to_1"",""rb_utilization"":""ratio""}"
1.0.0,smoke-000166,42,poor_channel,tv1_smoke_fixed,166,3.703,5.0,0.666667,0.666667,0.521512,1.0,25,25,25,25,3703,3703,1,2,"{""throughput_e"":""Mbps"",""delay_u"":""ms"",""drop_u"":""ratio"",""sla_violation"":""ratio"",""fairness"":""index_0_to_1"",""rb_utilization"":""ratio""}"
1.0.0,smoke-000167,42,poor_channel,tv1_smoke_fixed,167,3.703,5.0,0.75,0.75,0.523912,1.0,25,25,25,25,3703,2762,1,3,"{""throughput_e"":""Mbps"",""delay_u"":""ms"",""drop_u"":""ratio"",""sla_violation"":""ratio"",""fairness"":""index_0_to_1"",""rb_utilization"":""ratio""}"
1.0.0,smoke-000168,42,poor_channel,tv1_smoke_fixed,168,4.651,5.0,0.0,0.0,0.520935,1.0,25,25,25,25,4651,2762,1,0,"{""throughput_e"":""Mbps"",""delay_u"":""ms"",""drop_u"":""ratio"",""sla_violation"":""ratio"",""fairness"":""index_0_to_1"",""rb_utilization"":""ratio""}"
1.0.0,smoke-000169,42,poor_channel,tv1_smoke_fixed,169,4.651,5.0,0.5,0.5,0.520587,1.0,25,25,25,25,4651,2762,1,1,"{""throughput_e"":""Mbps"",""delay_u"":""ms"",""drop_u"":""ratio"",""sla_violation"":""ratio"",""fairness"":""index_0_to_1"",""rb_utilization"":""ratio""}"
1.0.0,smoke-000170,42,poor_channel,tv1_smoke_fixed,170,4.651,5.0,0.5,0.5,0.515449,1.0,25,25,25,25,4651,3703,1,1,"{""throughput_e"":""Mbps"",""delay_u"":""ms"",""drop_u"":""ratio"",""sla_violation"":""ratio"",""fairness"":""index_0_to_1"",""rb_utilization"":""ratio""}"
1.0.0,smoke-000171,42,poor_channel,tv1_smoke_fixed,171,6.029,5.0,0.0,0.0,0.517048,1.0,25,25,25,25,6029,3703,1,0,"{""throughput_e"":""Mbps"",""delay_u"":""ms"",""drop_u"":""ratio"",""sla_violation"":""ratio"",""fairness"":""index_0_to_1"",""rb_utilization"":""ratio""}"
1.0.0,smoke-000172,42,poor_channel,tv1_smoke_fixed,172,6.029,5.0,0.0,0.0,0.52863,1.0,25,25,25,25,6029,2762,1,0,"{""throughput_e"":""Mbps"",""delay_u"":""ms"",""drop_u"":""ratio"",""sla_violation"":""ratio"",""fairness"":""index_0_to_1"",""rb_utilization"":""ratio""}"
1.0.0,smoke-000173,42,poor_channel,tv1_smoke_fixed,173,6.029,5.0,0.0,0.0,0.535755,1.0,25,25,25,25,6029,2762,1,0,"{""throughput_e"":""Mbps"",""delay_u"":""ms"",""drop_u"":""ratio"",""sla_violation"":""ratio"",""fairness"":""index_0_to_1"",""rb_utilization"":""ratio""}"
1.0.0,smoke-000174,42,poor_channel,tv1_smoke_fixed,174,4.651,5.0,0.5,0.5,0.52725,1.0,25,25,25,25,4651,2762,1,1,"{""throughput_e"":""Mbps"",""delay_u"":""ms"",""drop_u"":""ratio"",""sla_violation"":""ratio"",""fairness"":""index_0_to_1"",""rb_utilization"":""ratio""}"
1.0.0,smoke-000175,42,poor_channel,tv1_smoke_fixed,175,4.651,5.0,0.0,0.0,0.528813,1.0,25,25,25,25,4651,2762,1,0,"{""throughput_e"":""Mbps"",""delay_u"":""ms"",""drop_u"":""ratio"",""sla_violation"":""ratio"",""fairness"":""index_0_to_1"",""rb_utilization"":""ratio""}"
1.0.0,smoke-000176,42,poor_channel,tv1_smoke_fixed,176,3.703,5.0,0.666667,0.666667,0.522656,1.0,25,25,25,25,3703,2762,1,2,"{""throughput_e"":""Mbps"",""delay_u"":""ms"",""drop_u"":""ratio"",""sla_violation"":""ratio"",""fairness"":""index_0_to_1"",""rb_utilization"":""ratio""}"
1.0.0,smoke-000177,42,poor_channel,tv1_smoke_fixed,177,2.762,5.0,0.666667,0.666667,0.513568,1.0,25,25,25,25,2762,2762,1,2,"{""throughput_e"":""Mbps"",""delay_u"":""ms"",""drop_u"":""ratio"",""sla_violation"":""ratio"",""fairness"":""index_0_to_1"",""rb_utilization"":""ratio""}"
1.0.0,smoke-000178,42,poor_channel,tv1_smoke_fixed,178,1.895,5.0,0.0,0.0,0.508095,1.0,25,25,25,25,1895,2762,1,0,"{""throughput_e"":""Mbps"",""delay_u"":""ms"",""drop_u"":""ratio"",""sla_violation"":""ratio"",""fairness"":""index_0_to_1"",""rb_utilization"":""ratio""}"
1.0.0,smoke-000179,42,poor_channel,tv1_smoke_fixed,179,1.187,0.0,1.0,1.0,0.506208,1.0,25,25,25,25,1187,1895,0,2,"{""throughput_e"":""Mbps"",""delay_u"":""ms"",""drop_u"":""ratio"",""sla_violation"":""ratio"",""fairness"":""index_0_to_1"",""rb_utilization"":""ratio""}"
1.0.0,smoke-000180,42,poor_channel,tv1_smoke_fixed,180,1.187,0.0,1.0,1.0,0.506256,1.0,25,25,25,25,1187,1895,0,1,"{""throughput_e"":""Mbps"",""delay_u"":""ms"",""drop_u"":""ratio"",""sla_violation"":""ratio"",""fairness"":""index_0_to_1"",""rb_utilization"":""ratio""}"
1.0.0,smoke-000181,42,poor_channel,tv1_smoke_fixed,181,1.187,5.0,0.0,0.0,0.503551,1.0,25,25,25,25,1187,2762,1,0,"{""throughput_e"":""Mbps"",""delay_u"":""ms"",""drop_u"":""ratio"",""sla_violation"":""ratio"",""fairness"":""index_0_to_1"",""rb_utilization"":""ratio""}"
1.0.0,smoke-000182,42,poor_channel,tv1_smoke_fixed,182,1.187,5.0,0.5,0.5,0.502062,1.0,25,25,25,25,1187,3703,1,1,"{""throughput_e"":""Mbps"",""delay_u"":""ms"",""drop_u"":""ratio"",""sla_violation"":""ratio"",""fairness"":""index_0_to_1"",""rb_utilization"":""ratio""}"
1.0.0,smoke-000183,42,poor_channel,tv1_smoke_fixed,183,1.187,4.0,0.0,0.0,0.501044,1.0,25,25,25,25,1187,3703,1,0,"{""throughput_e"":""Mbps"",""delay_u"":""ms"",""drop_u"":""ratio"",""sla_violation"":""ratio"",""fairness"":""index_0_to_1"",""rb_utilization"":""ratio""}"
1.0.0,smoke-000184,42,poor_channel,tv1_smoke_fixed,184,1.187,5.0,0.0,0.0,0.502472,1.0,25,25,25,25,1187,2762,1,0,"{""throughput_e"":""Mbps"",""delay_u"":""ms"",""drop_u"":""ratio"",""sla_violation"":""ratio"",""fairness"":""index_0_to_1"",""rb_utilization"":""ratio""}"
1.0.0,smoke-000185,42,poor_channel,tv1_smoke_fixed,185,1.187,2.0,0.0,0.0,0.503783,1.0,25,25,25,25,1187,2762,1,0,"{""throughput_e"":""Mbps"",""delay_u"":""ms"",""drop_u"":""ratio"",""sla_violation"":""ratio"",""fairness"":""index_0_to_1"",""rb_utilization"":""ratio""}"
1.0.0,smoke-000186,42,poor_channel,tv1_smoke_fixed,186,1.187,3.0,0.0,0.0,0.502253,1.0,25,25,25,25,1187,3703,2,0,"{""throughput_e"":""Mbps"",""delay_u"":""ms"",""drop_u"":""ratio"",""sla_violation"":""ratio"",""fairness"":""index_0_to_1"",""rb_utilization"":""ratio""}"
1.0.0,smoke-000187,42,poor_channel,tv1_smoke_fixed,187,1.895,3.0,0.0,0.0,0.502396,1.0,25,25,25,25,1895,3703,1,0,"{""throughput_e"":""Mbps"",""delay_u"":""ms"",""drop_u"":""ratio"",""sla_violation"":""ratio"",""fairness"":""index_0_to_1"",""rb_utilization"":""ratio""}"
1.0.0,smoke-000188,42,poor_channel,tv1_smoke_fixed,188,1.895,4.0,0.0,0.0,0.502825,1.0,25,25,25,25,1895,3703,1,0,"{""throughput_e"":""Mbps"",""delay_u"":""ms"",""drop_u"":""ratio"",""sla_violation"":""ratio"",""fairness"":""index_0_to_1"",""rb_utilization"":""ratio""}"
1.0.0,smoke-000189,42,poor_channel,tv1_smoke_fixed,189,2.762,3.5,0.0,0.0,0.503572,1.0,25,25,25,25,2762,3703,2,0,"{""throughput_e"":""Mbps"",""delay_u"":""ms"",""drop_u"":""ratio"",""sla_violation"":""ratio"",""fairness"":""index_0_to_1"",""rb_utilization"":""ratio""}"
1.0.0,smoke-000190,42,poor_channel,tv1_smoke_fixed,190,2.762,3.0,0.0,0.0,0.504192,1.0,25,25,25,25,2762,3703,1,0,"{""throughput_e"":""Mbps"",""delay_u"":""ms"",""drop_u"":""ratio"",""sla_violation"":""ratio"",""fairness"":""index_0_to_1"",""rb_utilization"":""ratio""}"
1.0.0,smoke-000191,42,poor_channel,tv1_smoke_fixed,191,1.895,2.5,0.0,0.0,0.504087,1.0,25,25,25,25,1895,3703,2,0,"{""throughput_e"":""Mbps"",""delay_u"":""ms"",""drop_u"":""ratio"",""sla_violation"":""ratio"",""fairness"":""index_0_to_1"",""rb_utilization"":""ratio""}"
1.0.0,smoke-000192,42,poor_channel,tv1_smoke_fixed,192,2.762,3.0,0.0,0.0,0.50771,1.0,25,25,25,25,2762,3703,1,0,"{""throughput_e"":""Mbps"",""delay_u"":""ms"",""drop_u"":""ratio"",""sla_violation"":""ratio"",""fairness"":""index_0_to_1"",""rb_utilization"":""ratio""}"
1.0.0,smoke-000193,42,poor_channel,tv1_smoke_fixed,193,3.703,3.0,0.0,0.0,0.519019,1.0,25,25,25,25,3703,2762,1,0,"{""throughput_e"":""Mbps"",""delay_u"":""ms"",""drop_u"":""ratio"",""sla_violation"":""ratio"",""fairness"":""index_0_to_1"",""rb_utilization"":""ratio""}"
1.0.0,smoke-000194,42,poor_channel,tv1_smoke_fixed,194,3.703,4.0,0.0,0.0,0.512472,1.0,25,25,25,25,3703,3703,2,0,"{""throughput_e"":""Mbps"",""delay_u"":""ms"",""drop_u"":""ratio"",""sla_violation"":""ratio"",""fairness"":""index_0_to_1"",""rb_utilization"":""ratio""}"
1.0.0,smoke-000195,42,poor_channel,tv1_smoke_fixed,195,3.703,4.0,0.0,0.0,0.510206,1.0,25,25,25,25,3703,3703,1,0,"{""throughput_e"":""Mbps"",""delay_u"":""ms"",""drop_u"":""ratio"",""sla_violation"":""ratio"",""fairness"":""index_0_to_1"",""rb_utilization"":""ratio""}"
1.0.0,smoke-000196,42,poor_channel,tv1_smoke_fixed,196,4.651,5.0,0.0,0.0,0.513802,1.0,25,25,25,25,4651,3703,2,0,"{""throughput_e"":""Mbps"",""delay_u"":""ms"",""drop_u"":""ratio"",""sla_violation"":""ratio"",""fairness"":""index_0_to_1"",""rb_utilization"":""ratio""}"
1.0.0,smoke-000197,42,poor_channel,tv1_smoke_fixed,197,4.651,5.0,0.75,0.75,0.512902,1.0,25,25,25,25,4651,3703,1,3,"{""throughput_e"":""Mbps"",""delay_u"":""ms"",""drop_u"":""ratio"",""sla_violation"":""ratio"",""fairness"":""index_0_to_1"",""rb_utilization"":""ratio""}"
1.0.0,smoke-000198,42,poor_channel,tv1_smoke_fixed,198,4.651,3.0,0.0,0.0,0.513127,1.0,25,25,25,25,4651,3703,1,0,"{""throughput_e"":""Mbps"",""delay_u"":""ms"",""drop_u"":""ratio"",""sla_violation"":""ratio"",""fairness"":""index_0_to_1"",""rb_utilization"":""ratio""}"
1.0.0,smoke-000199,42,poor_channel,tv1_smoke_fixed,199,4.651,3.5,0.0,0.0,0.511241,1.0,25,25,25,25,4651,4651,2,0,"{""throughput_e"":""Mbps"",""delay_u"":""ms"",""drop_u"":""ratio"",""sla_violation"":""ratio"",""fairness"":""index_0_to_1"",""rb_utilization"":""ratio""}"
1.0.0,smoke-000200,42,poor_channel,tv1_smoke_fixed,200,4.651,3.0,0.0,0.0,0.509994,1.0,25,25,25,25,4651,4651,2,0,"{""throughput_e"":""Mbps"",""delay_u"":""ms"",""drop_u"":""ratio"",""sla_violation"":""ratio"",""fairness"":""index_0_to_1"",""rb_utilization"":""ratio""}"
1.0.0,smoke-000201,42,poor_channel,tv1_smoke_fixed,201,4.651,4.0,0.0,0.0,0.507279,1.0,25,25,25,25,4651,4651,1,0,"{""throughput_e"":""Mbps"",""delay_u"":""ms"",""drop_u"":""ratio"",""sla_violation"":""ratio"",""fairness"":""index_0_to_1"",""rb_utilization"":""ratio""}"
1.0.0,smoke-000202,42,poor_channel,tv1_smoke_fixed,202,4.651,4.5,0.0,0.0,0.506048,1.0,25,25,25,25,4651,4651,2,0,"{""throughput_e"":""Mbps"",""delay_u"":""ms"",""drop_u"":""ratio"",""sla_violation"":""ratio"",""fairness"":""index_0_to_1"",""rb_utilization"":""ratio""}"
1.0.0,smoke-000203,42,poor_channel,tv1_smoke_fixed,203,4.651,4.5,0.0,0.0,0.503352,1.0,25,25,25,25,4651,4651,2,0,"{""throughput_e"":""Mbps"",""delay_u"":""ms"",""drop_u"":""ratio"",""sla_violation"":""ratio"",""fairness"":""index_0_to_1"",""rb_utilization"":""ratio""}"
1.0.0,smoke-000204,42,poor_channel,tv1_smoke_fixed,204,6.029,2.0,0.0,0.0,0.506569,1.0,25,25,25,25,6029,4651,2,0,"{""throughput_e"":""Mbps"",""delay_u"":""ms"",""drop_u"":""ratio"",""sla_violation"":""ratio"",""fairness"":""index_0_to_1"",""rb_utilization"":""ratio""}"
1.0.0,smoke-000205,42,poor_channel,tv1_smoke_fixed,205,6.029,2.0,0.0,0.0,0.503432,0.96,25,25,25,23,6029,4231,2,0,"{""throughput_e"":""Mbps"",""delay_u"":""ms"",""drop_u"":""ratio"",""sla_violation"":""ratio"",""fairness"":""index_0_to_1"",""rb_utilization"":""ratio""}"
1.0.0,smoke-000206,42,poor_channel,tv1_smoke_fixed,206,6.029,1.0,0.0,0.0,0.503423,0.78,25,25,25,14,6029,2560,1,0,"{""throughput_e"":""Mbps"",""delay_u"":""ms"",""drop_u"":""ratio"",""sla_violation"":""ratio"",""fairness"":""index_0_to_1"",""rb_utilization"":""ratio""}"
1.0.0,smoke-000207,42,poor_channel,tv1_smoke_fixed,207,6.029,1.0,0.0,0.0,0.511261,1.0,25,25,25,25,6029,4651,1,0,"{""throughput_e"":""Mbps"",""delay_u"":""ms"",""drop_u"":""ratio"",""sla_violation"":""ratio"",""fairness"":""index_0_to_1"",""rb_utilization"":""ratio""}"
1.0.0,smoke-000208,42,poor_channel,tv1_smoke_fixed,208,6.029,2.0,0.0,0.0,0.516851,1.0,25,25,25,25,6029,3703,2,0,"{""throughput_e"":""Mbps"",""delay_u"":""ms"",""drop_u"":""ratio"",""sla_violation"":""ratio"",""fairness"":""index_0_to_1"",""rb_utilization"":""ratio""}"
1.0.0,smoke-000209,42,poor_channel,tv1_smoke_fixed,209,4.651,3.0,0.0,0.0,0.51395,1.0,25,25,25,25,4651,3703,1,0,"{""throughput_e"":""Mbps"",""delay_u"":""ms"",""drop_u"":""ratio"",""sla_violation"":""ratio"",""fairness"":""index_0_to_1"",""rb_utilization"":""ratio""}"
1.0.0,smoke-000210,42,poor_channel,tv1_smoke_fixed,210,4.651,4.0,0.0,0.0,0.514877,1.0,25,25,25,25,4651,3703,2,0,"{""throughput_e"":""Mbps"",""delay_u"":""ms"",""drop_u"":""ratio"",""sla_violation"":""ratio"",""fairness"":""index_0_to_1"",""rb_utilization"":""ratio""}"
1.0.0,smoke-000211,42,poor_channel,tv1_smoke_fixed,211,6.029,4.0,0.0,0.0,0.520476,1.0,25,25,25,25,6029,3703,1,0,"{""throughput_e"":""Mbps"",""delay_u"":""ms"",""drop_u"":""ratio"",""sla_violation"":""ratio"",""fairness"":""index_0_to_1"",""rb_utilization"":""ratio""}"
1.0.0,smoke-000212,42,poor_channel,tv1_smoke_fixed,212,6.029,5.0,0.0,0.0,0.517243,1.0,25,25,25,25,6029,4651,2,0,"{""throughput_e"":""Mbps"",""delay_u"":""ms"",""drop_u"":""ratio"",""sla_violation"":""ratio"",""fairness"":""index_0_to_1"",""rb_utilization"":""ratio""}"
1.0.0,smoke-000213,42,poor_channel,tv1_smoke_fixed,213,6.029,5.0,0.5,0.5,0.522013,1.0,25,25,25,25,6029,3703,1,1,"{""throughput_e"":""Mbps"",""delay_u"":""ms"",""drop_u"":""ratio"",""sla_violation"":""ratio"",""fairness"":""index_0_to_1"",""rb_utilization"":""ratio""}"
1.0.0,smoke-000214,42,poor_channel,tv1_smoke_fixed,214,4.651,5.0,0.5,0.5,0.517714,1.0,25,25,25,25,4651,3703,1,1,"{""throughput_e"":""Mbps"",""delay_u"":""ms"",""drop_u"":""ratio"",""sla_violation"":""ratio"",""fairness"":""index_0_to_1"",""rb_utilization"":""ratio""}"
1.0.0,smoke-000215,42,poor_channel,tv1_smoke_fixed,215,4.651,5.0,0.5,0.5,0.514119,1.0,25,25,25,25,4651,3703,1,1,"{""throughput_e"":""Mbps"",""delay_u"":""ms"",""drop_u"":""ratio"",""sla_violation"":""ratio"",""fairness"":""index_0_to_1"",""rb_utilization"":""ratio""}"
1.0.0,smoke-000216,42,poor_channel,tv1_smoke_fixed,216,4.651,5.0,0.5,0.5,0.514075,1.0,25,25,25,25,4651,3703,1,1,"{""throughput_e"":""Mbps"",""delay_u"":""ms"",""drop_u"":""ratio"",""sla_violation"":""ratio"",""fairness"":""index_0_to_1"",""rb_utilization"":""ratio""}"
1.0.0,smoke-000217,42,poor_channel,tv1_smoke_fixed,217,4.651,5.0,0.5,0.5,0.515753,1.0,25,25,25,25,4651,3703,1,1,"{""throughput_e"":""Mbps"",""delay_u"":""ms"",""drop_u"":""ratio"",""sla_violation"":""ratio"",""fairness"":""index_0_to_1"",""rb_utilization"":""ratio""}"
1.0.0,smoke-000218,42,poor_channel,tv1_smoke_fixed,218,3.703,5.0,0.5,0.5,0.511088,1.0,25,25,25,25,3703,3703,1,1,"{""throughput_e"":""Mbps"",""delay_u"":""ms"",""drop_u"":""ratio"",""sla_violation"":""ratio"",""fairness"":""index_0_to_1"",""rb_utilization"":""ratio""}"
1.0.0,smoke-000219,42,poor_channel,tv1_smoke_fixed,219,3.703,4.0,0.0,0.0,0.508267,1.0,25,25,25,25,3703,3703,1,0,"{""throughput_e"":""Mbps"",""delay_u"":""ms"",""drop_u"":""ratio"",""sla_violation"":""ratio"",""fairness"":""index_0_to_1"",""rb_utilization"":""ratio""}"
1.0.0,smoke-000220,42,poor_channel,tv1_smoke_fixed,220,3.703,5.0,0.0,0.0,0.506252,1.0,25,25,25,25,3703,3703,1,0,"{""throughput_e"":""Mbps"",""delay_u"":""ms"",""drop_u"":""ratio"",""sla_violation"":""ratio"",""fairness"":""index_0_to_1"",""rb_utilization"":""ratio""}"
1.0.0,smoke-000221,42,poor_channel,tv1_smoke_fixed,221,2.762,5.0,0.666667,0.666667,0.508351,1.0,25,25,25,25,2762,2762,1,2,"{""throughput_e"":""Mbps"",""delay_u"":""ms"",""drop_u"":""ratio"",""sla_violation"":""ratio"",""fairness"":""index_0_to_1"",""rb_utilization"":""ratio""}"
1.0.0,smoke-000222,42,poor_channel,tv1_smoke_fixed,222,1.895,5.0,0.0,0.0,0.505599,1.0,25,25,25,25,1895,2762,1,0,"{""throughput_e"":""Mbps"",""delay_u"":""ms"",""drop_u"":""ratio"",""sla_violation"":""ratio"",""fairness"":""index_0_to_1"",""rb_utilization"":""ratio""}"
1.0.0,smoke-000223,42,poor_channel,tv1_smoke_fixed,223,1.895,3.0,0.0,0.0,0.506429,1.0,25,25,25,25,1895,2762,1,0,"{""throughput_e"":""Mbps"",""delay_u"":""ms"",""drop_u"":""ratio"",""sla_violation"":""ratio"",""fairness"":""index_0_to_1"",""rb_utilization"":""ratio""}"
1.0.0,smoke-000224,42,poor_channel,tv1_smoke_fixed,224,1.895,4.0,0.0,0.0,0.506788,1.0,25,25,25,25,1895,3703,1,0,"{""throughput_e"":""Mbps"",""delay_u"":""ms"",""drop_u"":""ratio"",""sla_violation"":""ratio"",""fairness"":""index_0_to_1"",""rb_utilization"":""ratio""}"
1.0.0,smoke-000225,42,poor_channel,tv1_smoke_fixed,225,1.895,4.5,0.0,0.0,0.507819,1.0,25,25,25,25,1895,3703,2,0,"{""throughput_e"":""Mbps"",""delay_u"":""ms"",""drop_u"":""ratio"",""sla_violation"":""ratio"",""fairness"":""index_0_to_1"",""rb_utilization"":""ratio""}"
1.0.0,smoke-000226,42,poor_channel,tv1_smoke_fixed,226,1.895,5.0,0.0,0.0,0.507472,1.0,25,25,25,25,1895,3703,1,0,"{""throughput_e"":""Mbps"",""delay_u"":""ms"",""drop_u"":""ratio"",""sla_violation"":""ratio"",""fairness"":""index_0_to_1"",""rb_utilization"":""ratio""}"
1.0.0,smoke-000227,42,poor_channel,tv1_smoke_fixed,227,2.762,5.0,0.5,0.5,0.515264,1.0,25,25,25,25,2762,2762,1,1,"{""throughput_e"":""Mbps"",""delay_u"":""ms"",""drop_u"":""ratio"",""sla_violation"":""ratio"",""fairness"":""index_0_to_1"",""rb_utilization"":""ratio""}"
1.0.0,smoke-000228,42,poor_channel,tv1_smoke_fixed,228,1.895,0.0,1.0,1.0,0.515859,1.0,25,25,25,25,1895,1895,0,4,"{""throughput_e"":""Mbps"",""delay_u"":""ms"",""drop_u"":""ratio"",""sla_violation"":""ratio"",""fairness"":""index_0_to_1"",""rb_utilization"":""ratio""}"
1.0.0,smoke-000229,42,poor_channel,tv1_smoke_fixed,229,1.187,0.0,1.0,1.0,0.507414,1.0,25,25,25,25,1187,1895,0,3,"{""throughput_e"":""Mbps"",""delay_u"":""ms"",""drop_u"":""ratio"",""sla_violation"":""ratio"",""fairness"":""index_0_to_1"",""rb_utilization"":""ratio""}"
1.0.0,smoke-000230,42,poor_channel,tv1_smoke_fixed,230,1.895,0.0,1.0,1.0,0.509158,1.0,25,25,25,25,1895,1895,0,1,"{""throughput_e"":""Mbps"",""delay_u"":""ms"",""drop_u"":""ratio"",""sla_violation"":""ratio"",""fairness"":""index_0_to_1"",""rb_utilization"":""ratio""}"
1.0.0,smoke-000231,42,poor_channel,tv1_smoke_fixed,231,1.895,0.0,1.0,1.0,0.512478,1.0,25,25,25,25,1895,1187,0,2,"{""throughput_e"":""Mbps"",""delay_u"":""ms"",""drop_u"":""ratio"",""sla_violation"":""ratio"",""fairness"":""index_0_to_1"",""rb_utilization"":""ratio""}"
1.0.0,smoke-000232,42,poor_channel,tv1_smoke_fixed,232,1.895,0.0,1.0,1.0,0.512415,1.0,25,25,25,25,1895,1187,0,2,"{""throughput_e"":""Mbps"",""delay_u"":""ms"",""drop_u"":""ratio"",""sla_violation"":""ratio"",""fairness"":""index_0_to_1"",""rb_utilization"":""ratio""}"
1.0.0,smoke-000233,42,poor_channel,tv1_smoke_fixed,233,1.895,0.0,1.0,1.0,0.514427,1.0,25,25,25,25,1895,1187,0,1,"{""throughput_e"":""Mbps"",""delay_u"":""ms"",""drop_u"":""ratio"",""sla_violation"":""ratio"",""fairness"":""index_0_to_1"",""rb_utilization"":""ratio""}"
1.0.0,smoke-000234,42,poor_channel,tv1_smoke_fixed,234,1.895,0.0,1.0,1.0,0.51847,1.0,25,25,25,25,1895,1187,0,1,"{""throughput_e"":""Mbps"",""delay_u"":""ms"",""drop_u"":""ratio"",""sla_violation"":""ratio"",""fairness"":""index_0_to_1"",""rb_utilization"":""ratio""}"
1.0.0,smoke-000235,42,poor_channel,tv1_smoke_fixed,235,1.895,0.0,0.0,0.0,0.512793,1.0,25,25,25,25,1895,1895,0,0,"{""throughput_e"":""Mbps"",""delay_u"":""ms"",""drop_u"":""ratio"",""sla_violation"":""ratio"",""fairness"":""index_0_to_1"",""rb_utilization"":""ratio""}"
1.0.0,smoke-000236,42,poor_channel,tv1_smoke_fixed,236,2.762,5.0,0.5,0.5,0.533325,1.0,25,25,25,25,2762,1187,1,1,"{""throughput_e"":""Mbps"",""delay_u"":""ms"",""drop_u"":""ratio"",""sla_violation"":""ratio"",""fairness"":""index_0_to_1"",""rb_utilization"":""ratio""}"
1.0.0,smoke-000237,42,poor_channel,tv1_smoke_fixed,237,2.762,0.0,1.0,1.0,0.570823,1.0,25,25,25,25,2762,738,0,3,"{""throughput_e"":""Mbps"",""delay_u"":""ms"",""drop_u"":""ratio"",""sla_violation"":""ratio"",""fairness"":""index_0_to_1"",""rb_utilization"":""ratio""}"
1.0.0,smoke-000238,42,poor_channel,tv1_smoke_fixed,238,1.895,0.0,1.0,1.0,0.545303,1.0,25,25,25,25,1895,738,0,3,"{""throughput_e"":""Mbps"",""delay_u"":""ms"",""drop_u"":""ratio"",""sla_violation"":""ratio"",""fairness"":""index_0_to_1"",""rb_utilization"":""ratio""}"
1.0.0,smoke-000239,42,poor_channel,tv1_smoke_fixed,239,2.762,0.0,1.0,1.0,0.551537,1.0,25,25,25,25,2762,738,0,2,"{""throughput_e"":""Mbps"",""delay_u"":""ms"",""drop_u"":""ratio"",""sla_violation"":""ratio"",""fairness"":""index_0_to_1"",""rb_utilization"":""ratio""}"
1.0.0,smoke-000240,42,poor_channel,tv1_smoke_fixed,240,3.703,0.0,1.0,1.0,0.574896,1.0,25,25,25,25,3703,738,0,2,"{""throughput_e"":""Mbps"",""delay_u"":""ms"",""drop_u"":""ratio"",""sla_violation"":""ratio"",""fairness"":""index_0_to_1"",""rb_utilization"":""ratio""}"
1.0.0,smoke-000241,42,poor_channel,tv1_smoke_fixed,241,2.762,0.0,1.0,1.0,0.560467,1.0,25,25,25,25,2762,738,0,5,"{""throughput_e"":""Mbps"",""delay_u"":""ms"",""drop_u"":""ratio"",""sla_violation"":""ratio"",""fairness"":""index_0_to_1"",""rb_utilization"":""ratio""}"
1.0.0,smoke-000242,42,poor_channel,tv1_smoke_fixed,242,2.762,0.0,1.0,1.0,0.546367,1.0,25,25,25,25,2762,738,0,2,"{""throughput_e"":""Mbps"",""delay_u"":""ms"",""drop_u"":""ratio"",""sla_violation"":""ratio"",""fairness"":""index_0_to_1"",""rb_utilization"":""ratio""}"
1.0.0,smoke-000243,42,poor_channel,tv1_smoke_fixed,243,2.762,0.0,0.0,0.0,0.536962,1.0,25,25,25,25,2762,738,0,0,"{""throughput_e"":""Mbps"",""delay_u"":""ms"",""drop_u"":""ratio"",""sla_violation"":""ratio"",""fairness"":""index_0_to_1"",""rb_utilization"":""ratio""}"
1.0.0,smoke-000244,42,poor_channel,tv1_smoke_fixed,244,1.895,0.0,1.0,1.0,0.527535,1.0,25,25,25,25,1895,738,0,3,"{""throughput_e"":""Mbps"",""delay_u"":""ms"",""drop_u"":""ratio"",""sla_violation"":""ratio"",""fairness"":""index_0_to_1"",""rb_utilization"":""ratio""}"
1.0.0,smoke-000245,42,poor_channel,tv1_smoke_fixed,245,1.895,0.0,1.0,1.0,0.529079,1.0,25,25,25,25,1895,479,0,3,"{""throughput_e"":""Mbps"",""delay_u"":""ms"",""drop_u"":""ratio"",""sla_violation"":""ratio"",""fairness"":""index_0_to_1"",""rb_utilization"":""ratio""}"
1.0.0,smoke-000246,42,poor_channel,tv1_smoke_fixed,246,1.187,0.0,1.0,1.0,0.512085,1.0,25,25,25,25,1187,479,0,2,"{""throughput_e"":""Mbps"",""delay_u"":""ms"",""drop_u"":""ratio"",""sla_violation"":""ratio"",""fairness"":""index_0_to_1"",""rb_utilization"":""ratio""}"
1.0.0,smoke-000247,42,poor_channel,tv1_smoke_fixed,247,1.187,0.0,0.0,0.0,0.506016,1.0,25,25,25,25,1187,479,0,0,"{""throughput_e"":""Mbps"",""delay_u"":""ms"",""drop_u"":""ratio"",""sla_violation"":""ratio"",""fairness"":""index_0_to_1"",""rb_utilization"":""ratio""}"
1.0.0,smoke-000248,42,poor_channel,tv1_smoke_fixed,248,1.187,0.0,1.0,1.0,0.508423,1.0,25,25,25,25,1187,479,0,1,"{""throughput_e"":""Mbps"",""delay_u"":""ms"",""drop_u"":""ratio"",""sla_violation"":""ratio"",""fairness"":""index_0_to_1"",""rb_utilization"":""ratio""}"
1.0.0,smoke-000249,42,poor_channel,tv1_smoke_fixed,249,1.895,0.0,0.0,0.0,0.523766,1.0,25,25,25,25,1895,479,0,0,"{""throughput_e"":""Mbps"",""delay_u"":""ms"",""drop_u"":""ratio"",""sla_violation"":""ratio"",""fairness"":""index_0_to_1"",""rb_utilization"":""ratio""}"
1.0.0,smoke-000250,42,poor_channel,tv1_smoke_fixed,250,2.762,0.0,1.0,1.0,0.546926,1.0,25,25,25,25,2762,479,0,1,"{""throughput_e"":""Mbps"",""delay_u"":""ms"",""drop_u"":""ratio"",""sla_violation"":""ratio"",""fairness"":""index_0_to_1"",""rb_utilization"":""ratio""}"
1.0.0,smoke-000251,42,poor_channel,tv1_smoke_fixed,251,2.762,0.0,0.0,0.0,0.547992,1.0,25,25,25,25,2762,479,0,0,"{""throughput_e"":""Mbps"",""delay_u"":""ms"",""drop_u"":""ratio"",""sla_violation"":""ratio"",""fairness"":""index_0_to_1"",""rb_utilization"":""ratio""}"
1.0.0,smoke-000252,42,poor_channel,tv1_smoke_fixed,252,2.762,0.0,1.0,1.0,0.553295,1.0,25,25,25,25,2762,479,0,1,"{""throughput_e"":""Mbps"",""delay_u"":""ms"",""drop_u"":""ratio"",""sla_violation"":""ratio"",""fairness"":""index_0_to_1"",""rb_utilization"":""ratio""}"
1.0.0,smoke-000253,42,poor_channel,tv1_smoke_fixed,253,2.762,0.0,1.0,1.0,0.544097,1.0,25,25,25,25,2762,738,0,3,"{""throughput_e"":""Mbps"",""delay_u"":""ms"",""drop_u"":""ratio"",""sla_violation"":""ratio"",""fairness"":""index_0_to_1"",""rb_utilization"":""ratio""}"
1.0.0,smoke-000254,42,poor_channel,tv1_smoke_fixed,254,3.703,0.0,1.0,1.0,0.547036,1.0,25,25,25,25,3703,738,0,2,"{""throughput_e"":""Mbps"",""delay_u"":""ms"",""drop_u"":""ratio"",""sla_violation"":""ratio"",""fairness"":""index_0_to_1"",""rb_utilization"":""ratio""}"
1.0.0,smoke-000255,42,poor_channel,tv1_smoke_fixed,255,2.762,0.0,1.0,1.0,0.553819,1.0,25,25,25,25,2762,479,0,1,"{""throughput_e"":""Mbps"",""delay_u"":""ms"",""drop_u"":""ratio"",""sla_violation"":""ratio"",""fairness"":""index_0_to_1"",""rb_utilization"":""ratio""}"
1.0.0,smoke-000256,42,poor_channel,tv1_smoke_fixed,256,2.762,0.0,1.0,1.0,0.560285,1.0,25,25,25,25,2762,479,0,1,"{""throughput_e"":""Mbps"",""delay_u"":""ms"",""drop_u"":""ratio"",""sla_violation"":""ratio"",""fairness"":""index_0_to_1"",""rb_utilization"":""ratio""}"
1.0.0,smoke-000257,42,poor_channel,tv1_smoke_fixed,257,2.762,0.0,1.0,1.0,0.560064,1.0,25,25,25,25,2762,479,0,3,"{""throughput_e"":""Mbps"",""delay_u"":""ms"",""drop_u"":""ratio"",""sla_violation"":""ratio"",""fairness"":""index_0_to_1"",""rb_utilization"":""ratio""}"
1.0.0,smoke-000258,42,poor_channel,tv1_smoke_fixed,258,2.762,0.0,1.0,1.0,0.566445,1.0,25,25,25,25,2762,479,0,1,"{""throughput_e"":""Mbps"",""delay_u"":""ms"",""drop_u"":""ratio"",""sla_violation"":""ratio"",""fairness"":""index_0_to_1"",""rb_utilization"":""ratio""}"
1.0.0,smoke-000259,42,poor_channel,tv1_smoke_fixed,259,2.762,0.0,1.0,1.0,0.572773,1.0,25,25,25,25,2762,479,0,2,"{""throughput_e"":""Mbps"",""delay_u"":""ms"",""drop_u"":""ratio"",""sla_violation"":""ratio"",""fairness"":""index_0_to_1"",""rb_utilization"":""ratio""}"
1.0.0,smoke-000260,42,poor_channel,tv1_smoke_fixed,260,3.703,0.0,1.0,1.0,0.588178,1.0,25,25,25,25,3703,479,0,2,"{""throughput_e"":""Mbps"",""delay_u"":""ms"",""drop_u"":""ratio"",""sla_violation"":""ratio"",""fairness"":""index_0_to_1"",""rb_utilization"":""ratio""}"
1.0.0,smoke-000261,42,poor_channel,tv1_smoke_fixed,261,2.762,0.0,1.0,1.0,0.559212,1.0,25,25,25,25,2762,479,0,1,"{""throughput_e"":""Mbps"",""delay_u"":""ms"",""drop_u"":""ratio"",""sla_violation"":""ratio"",""fairness"":""index_0_to_1"",""rb_utilization"":""ratio""}"
1.0.0,smoke-000262,42,poor_channel,tv1_smoke_fixed,262,2.762,0.0,1.0,1.0,0.551069,1.0,25,25,25,25,2762,738,0,4,"{""throughput_e"":""Mbps"",""delay_u"":""ms"",""drop_u"":""ratio"",""sla_violation"":""ratio"",""fairness"":""index_0_to_1"",""rb_utilization"":""ratio""}"
1.0.0,smoke-000263,42,poor_channel,tv1_smoke_fixed,263,2.762,0.0,1.0,1.0,0.538177,1.0,25,25,25,25,2762,738,0,2,"{""throughput_e"":""Mbps"",""delay_u"":""ms"",""drop_u"":""ratio"",""sla_violation"":""ratio"",""fairness"":""index_0_to_1"",""rb_utilization"":""ratio""}"
1.0.0,smoke-000264,42,poor_channel,tv1_smoke_fixed,264,2.762,0.0,1.0,1.0,0.538067,1.0,25,25,25,25,2762,738,0,1,"{""throughput_e"":""Mbps"",""delay_u"":""ms"",""drop_u"":""ratio"",""sla_violation"":""ratio"",""fairness"":""index_0_to_1"",""rb_utilization"":""ratio""}"
1.0.0,smoke-000265,42,poor_channel,tv1_smoke_fixed,265,2.762,0.0,1.0,1.0,0.523589,1.0,25,25,25,25,2762,1187,0,1,"{""throughput_e"":""Mbps"",""delay_u"":""ms"",""drop_u"":""ratio"",""sla_violation"":""ratio"",""fairness"":""index_0_to_1"",""rb_utilization"":""ratio""}"
1.0.0,smoke-000266,42,poor_channel,tv1_smoke_fixed,266,2.762,0.0,1.0,1.0,0.531272,1.0,25,25,25,25,2762,1187,0,4,"{""throughput_e"":""Mbps"",""delay_u"":""ms"",""drop_u"":""ratio"",""sla_violation"":""ratio"",""fairness"":""index_0_to_1"",""rb_utilization"":""ratio""}"
1.0.0,smoke-000267,42,poor_channel,tv1_smoke_fixed,267,1.895,0.0,1.0,1.0,0.516043,1.0,25,25,25,25,1895,1187,0,1,"{""throughput_e"":""Mbps"",""delay_u"":""ms"",""drop_u"":""ratio"",""sla_violation"":""ratio"",""fairness"":""index_0_to_1"",""rb_utilization"":""ratio""}"
1.0.0,smoke-000268,42,poor_channel,tv1_smoke_fixed,268,1.895,0.0,1.0,1.0,0.512238,1.0,25,25,25,25,1895,1895,0,2,"{""throughput_e"":""Mbps"",""delay_u"":""ms"",""drop_u"":""ratio"",""sla_violation"":""ratio"",""fairness"":""index_0_to_1"",""rb_utilization"":""ratio""}"
1.0.0,smoke-000269,42,poor_channel,tv1_smoke_fixed,269,2.762,0.0,1.0,1.0,0.516145,1.0,25,25,25,25,2762,1895,0,1,"{""throughput_e"":""Mbps"",""delay_u"":""ms"",""drop_u"":""ratio"",""sla_violation"":""ratio"",""fairness"":""index_0_to_1"",""rb_utilization"":""ratio""}"
1.0.0,smoke-000270,42,poor_channel,tv1_smoke_fixed,270,1.895,0.0,1.0,1.0,0.513241,1.0,25,25,25,25,1895,1895,0,4,"{""throughput_e"":""Mbps"",""delay_u"":""ms"",""drop_u"":""ratio"",""sla_violation"":""ratio"",""fairness"":""index_0_to_1"",""rb_utilization"":""ratio""}"
1.0.0,smoke-000271,42,poor_channel,tv1_smoke_fixed,271,2.762,0.0,1.0,1.0,0.512808,1.0,25,25,25,25,2762,1895,0,1,"{""throughput_e"":""Mbps"",""delay_u"":""ms"",""drop_u"":""ratio"",""sla_violation"":""ratio"",""fairness"":""index_0_to_1"",""rb_utilization"":""ratio""}"
1.0.0,smoke-000272,42,poor_channel,tv1_smoke_fixed,272,1.895,0.0,1.0,1.0,0.508748,1.0,25,25,25,25,1895,1895,0,3,"{""throughput_e"":""Mbps"",""delay_u"":""ms"",""drop_u"":""ratio"",""sla_violation"":""ratio"",""fairness"":""index_0_to_1"",""rb_utilization"":""ratio""}"
1.0.0,smoke-000273,42,poor_channel,tv1_smoke_fixed,273,1.187,0.0,1.0,1.0,0.505451,1.0,25,25,25,25,1187,1187,0,1,"{""throughput_e"":""Mbps"",""delay_u"":""ms"",""drop_u"":""ratio"",""sla_violation"":""ratio"",""fairness"":""index_0_to_1"",""rb_utilization"":""ratio""}"
1.0.0,smoke-000274,42,poor_channel,tv1_smoke_fixed,274,0.738,0.0,1.0,1.0,0.503372,1.0,25,25,25,25,738,1187,0,3,"{""throughput_e"":""Mbps"",""delay_u"":""ms"",""drop_u"":""ratio"",""sla_violation"":""ratio"",""fairness"":""index_0_to_1"",""rb_utilization"":""ratio""}"
1.0.0,smoke-000275,42,poor_channel,tv1_smoke_fixed,275,0.479,0.0,0.0,0.0,0.501307,1.0,25,25,25,25,479,1187,0,0,"{""throughput_e"":""Mbps"",""delay_u"":""ms"",""drop_u"":""ratio"",""sla_violation"":""ratio"",""fairness"":""index_0_to_1"",""rb_utilization"":""ratio""}"
1.0.0,smoke-000276,42,poor_channel,tv1_smoke_fixed,276,0.479,0.0,1.0,1.0,0.502403,1.0,25,25,25,25,479,1187,0,1,"{""throughput_e"":""Mbps"",""delay_u"":""ms"",""drop_u"":""ratio"",""sla_violation"":""ratio"",""fairness"":""index_0_to_1"",""rb_utilization"":""ratio""}"
1.0.0,smoke-000277,42,poor_channel,tv1_smoke_fixed,277,0.738,0.0,0.0,0.0,0.503326,1.0,25,25,25,25,738,1187,0,0,"{""throughput_e"":""Mbps"",""delay_u"":""ms"",""drop_u"":""ratio"",""sla_violation"":""ratio"",""fairness"":""index_0_to_1"",""rb_utilization"":""ratio""}"
1.0.0,smoke-000278,42,poor_channel,tv1_smoke_fixed,278,0.738,0.0,1.0,1.0,0.503667,1.0,25,25,25,25,738,1187,0,1,"{""throughput_e"":""Mbps"",""delay_u"":""ms"",""drop_u"":""ratio"",""sla_violation"":""ratio"",""fairness"":""index_0_to_1"",""rb_utilization"":""ratio""}"
1.0.0,smoke-000279,42,poor_channel,tv1_smoke_fixed,279,0.738,0.0,1.0,1.0,0.502477,1.0,25,25,25,25,738,1895,0,1,"{""throughput_e"":""Mbps"",""delay_u"":""ms"",""drop_u"":""ratio"",""sla_violation"":""ratio"",""fairness"":""index_0_to_1"",""rb_utilization"":""ratio""}"
1.0.0,smoke-000280,42,poor_channel,tv1_smoke_fixed,280,0.479,0.0,1.0,1.0,0.501868,1.0,25,25,25,25,479,1895,0,3,"{""throughput_e"":""Mbps"",""delay_u"":""ms"",""drop_u"":""ratio"",""sla_violation"":""ratio"",""fairness"":""index_0_to_1"",""rb_utilization"":""ratio""}"
1.0.0,smoke-000281,42,poor_channel,tv1_smoke_fixed,281,0.479,4.0,0.0,0.0,0.501275,1.0,25,25,25,25,479,2762,1,0,"{""throughput_e"":""Mbps"",""delay_u"":""ms"",""drop_u"":""ratio"",""sla_violation"":""ratio"",""fairness"":""index_0_to_1"",""rb_utilization"":""ratio""}"
1.0.0,smoke-000282,42,poor_channel,tv1_smoke_fixed,282,0.738,4.0,0.0,0.0,0.501654,1.0,25,25,25,25,738,2762,1,0,"{""throughput_e"":""Mbps"",""delay_u"":""ms"",""drop_u"":""ratio"",""sla_violation"":""ratio"",""fairness"":""index_0_to_1"",""rb_utilization"":""ratio""}"
1.0.0,smoke-000283,42,poor_channel,tv1_smoke_fixed,283,0.738,4.0,0.0,0.0,0.50218,1.0,25,25,25,25,738,2762,1,0,"{""throughput_e"":""Mbps"",""delay_u"":""ms"",""drop_u"":""ratio"",""sla_violation"":""ratio"",""fairness"":""index_0_to_1"",""rb_utilization"":""ratio""}"
1.0.0,smoke-000284,42,poor_channel,tv1_smoke_fixed,284,0.738,5.0,0.0,0.0,0.502149,1.0,25,25,25,25,738,2762,1,0,"{""throughput_e"":""Mbps"",""delay_u"":""ms"",""drop_u"":""ratio"",""sla_violation"":""ratio"",""fairness"":""index_0_to_1"",""rb_utilization"":""ratio""}"
1.0.0,smoke-000285,42,poor_channel,tv1_smoke_fixed,285,0.738,5.0,0.666667,0.666667,0.501842,1.0,25,25,25,25,738,2762,1,2,"{""throughput_e"":""Mbps"",""delay_u"":""ms"",""drop_u"":""ratio"",""sla_violation"":""ratio"",""fairness"":""index_0_to_1"",""rb_utilization"":""ratio""}"
1.0.0,smoke-000286,42,poor_channel,tv1_smoke_fixed,286,0.738,4.0,0.0,0.0,0.501372,1.0,25,25,25,25,738,2762,1,0,"{""throughput_e"":""Mbps"",""delay_u"":""ms"",""drop_u"":""ratio"",""sla_violation"":""ratio"",""fairness"":""index_0_to_1"",""rb_utilization"":""ratio""}"
1.0.0,smoke-000287,42,poor_channel,tv1_smoke_fixed,287,0.479,5.0,0.5,0.5,0.500695,1.0,25,25,25,25,479,2762,1,1,"{""throughput_e"":""Mbps"",""delay_u"":""ms"",""drop_u"":""ratio"",""sla_violation"":""ratio"",""fairness"":""index_0_to_1"",""rb_utilization"":""ratio""}"
1.0.0,smoke-000288,42,poor_channel,tv1_smoke_fixed,288,0.479,5.0,0.0,0.0,0.500353,1.0,25,25,25,25,479,2762,1,0,"{""throughput_e"":""Mbps"",""delay_u"":""ms"",""drop_u"":""ratio"",""sla_violation"":""ratio"",""fairness"":""index_0_to_1"",""rb_utilization"":""ratio""}"
1.0.0,smoke-000289,42,poor_channel,tv1_smoke_fixed,289,0.479,0.0,0.0,0.0,0.500492,1.0,25,25,25,25,479,1895,0,0,"{""throughput_e"":""Mbps"",""delay_u"":""ms"",""drop_u"":""ratio"",""sla_violation"":""ratio"",""fairness"":""index_0_to_1"",""rb_utilization"":""ratio""}"
1.0.0,smoke-000290,42,poor_channel,tv1_smoke_fixed,290,0.479,5.0,0.0,0.0,0.500301,1.0,25,25,25,25,479,1895,1,0,"{""throughput_e"":""Mbps"",""delay_u"":""ms"",""drop_u"":""ratio"",""sla_violation"":""ratio"",""fairness"":""index_0_to_1"",""rb_utilization"":""ratio""}"
1.0.0,smoke-000291,42,poor_channel,tv1_smoke_fixed,291,0.479,3.0,0.0,0.0,0.500366,1.0,25,25,25,25,479,1895,1,0,"{""throughput_e"":""Mbps"",""delay_u"":""ms"",""drop_u"":""ratio"",""sla_violation"":""ratio"",""fairness"":""index_0_to_1"",""rb_utilization"":""ratio""}"
1.0.0,smoke-000292,42,poor_channel,tv1_smoke_fixed,292,0.479,2.0,0.0,0.0,0.500187,0.98,25,25,25,24,479,1793,1,0,"{""throughput_e"":""Mbps"",""delay_u"":""ms"",""drop_u"":""ratio"",""sla_violation"":""ratio"",""fairness"":""index_0_to_1"",""rb_utilization"":""ratio""}"
1.0.0,smoke-000293,42,poor_channel,tv1_smoke_fixed,293,0.479,1.0,0.0,0.0,0.500186,0.98,25,25,25,24,479,2560,1,0,"{""throughput_e"":""Mbps"",""delay_u"":""ms"",""drop_u"":""ratio"",""sla_violation"":""ratio"",""fairness"":""index_0_to_1"",""rb_utilization"":""ratio""}"
1.0.0,smoke-000294,42,poor_channel,tv1_smoke_fixed,294,0.479,0.0,0.0,0.0,0.500185,0.5,25,25,25,0,479,0,0,0,"{""throughput_e"":""Mbps"",""delay_u"":""ms"",""drop_u"":""ratio"",""sla_violation"":""ratio"",""fairness"":""index_0_to_1"",""rb_utilization"":""ratio""}"
1.0.0,smoke-000295,42,poor_channel,tv1_smoke_fixed,295,0.479,1.0,0.0,0.0,0.500383,1.0,25,25,25,25,479,3703,1,0,"{""throughput_e"":""Mbps"",""delay_u"":""ms"",""drop_u"":""ratio"",""sla_violation"":""ratio"",""fairness"":""index_0_to_1"",""rb_utilization"":""ratio""}"
1.0.0,smoke-000296,42,poor_channel,tv1_smoke_fixed,296,0.479,2.0,0.0,0.0,0.500197,1.0,25,25,25,25,479,3703,1,0,"{""throughput_e"":""Mbps"",""delay_u"":""ms"",""drop_u"":""ratio"",""sla_violation"":""ratio"",""fairness"":""index_0_to_1"",""rb_utilization"":""ratio""}"
1.0.0,smoke-000297,42,poor_channel,tv1_smoke_fixed,297,0.738,3.0,0.0,0.0,0.500551,1.0,25,25,25,25,738,2762,1,0,"{""throughput_e"":""Mbps"",""delay_u"":""ms"",""drop_u"":""ratio"",""sla_violation"":""ratio"",""fairness"":""index_0_to_1"",""rb_utilization"":""ratio""}"
1.0.0,smoke-000298,42,poor_channel,tv1_smoke_fixed,298,0.479,2.0,0.0,0.0,0.50068,1.0,25,25,25,25,479,2762,2,0,"{""throughput_e"":""Mbps"",""delay_u"":""ms"",""drop_u"":""ratio"",""sla_violation"":""ratio"",""fairness"":""index_0_to_1"",""rb_utilization"":""ratio""}"
1.0.0,smoke-000299,42,poor_channel,tv1_smoke_fixed,299,0.479,2.0,0.0,0.0,0.500665,1.0,25,25,25,25,479,2762,1,0,"{""throughput_e"":""Mbps"",""delay_u"":""ms"",""drop_u"":""ratio"",""sla_violation"":""ratio"",""fairness"":""index_0_to_1"",""rb_utilization"":""ratio""}"
1.0.0,smoke-000300,42,poor_channel,tv1_smoke_fixed,300,0.479,3.0,0.0,0.0,0.500649,1.0,25,25,25,25,479,2762,1,0,"{""throughput_e"":""Mbps"",""delay_u"":""ms"",""drop_u"":""ratio"",""sla_violation"":""ratio"",""fairness"":""index_0_to_1"",""rb_utilization"":""ratio""}"
1.0.0,smoke-000301,42,poor_channel,tv1_smoke_fixed,301,0.479,0.0,0.0,0.0,0.500679,1.0,25,25,25,25,479,1895,0,0,"{""throughput_e"":""Mbps"",""delay_u"":""ms"",""drop_u"":""ratio"",""sla_violation"":""ratio"",""fairness"":""index_0_to_1"",""rb_utilization"":""ratio""}"
1.0.0,smoke-000302,42,poor_channel,tv1_smoke_fixed,302,0.479,5.0,0.0,0.0,0.50074,1.0,25,25,25,25,479,1895,1,0,"{""throughput_e"":""Mbps"",""delay_u"":""ms"",""drop_u"":""ratio"",""sla_violation"":""ratio"",""fairness"":""index_0_to_1"",""rb_utilization"":""ratio""}"
1.0.0,smoke-000303,42,poor_channel,tv1_smoke_fixed,303,0.479,5.0,0.0,0.0,0.500548,1.0,25,25,25,25,479,2762,1,0,"{""throughput_e"":""Mbps"",""delay_u"":""ms"",""drop_u"":""ratio"",""sla_violation"":""ratio"",""fairness"":""index_0_to_1"",""rb_utilization"":""ratio""}"
1.0.0,smoke-000304,42,poor_channel,tv1_smoke_fixed,304,0.479,5.0,0.0,0.0,0.500697,1.0,25,25,25,25,479,2762,1,0,"{""throughput_e"":""Mbps"",""delay_u"":""ms"",""drop_u"":""ratio"",""sla_violation"":""ratio"",""fairness"":""index_0_to_1"",""rb_utilization"":""ratio""}"
1.0.0,smoke-000305,42,poor_channel,tv1_smoke_fixed,305,0.479,4.0,0.0,0.0,0.501174,1.0,25,25,25,25,479,2762,1,0,"{""throughput_e"":""Mbps"",""delay_u"":""ms"",""drop_u"":""ratio"",""sla_violation"":""ratio"",""fairness"":""index_0_to_1"",""rb_utilization"":""ratio""}"
1.0.0,smoke-000306,42,poor_channel,tv1_smoke_fixed,306,0.479,3.5,0.0,0.0,0.501156,1.0,25,25,25,25,479,2762,2,0,"{""throughput_e"":""Mbps"",""delay_u"":""ms"",""drop_u"":""ratio"",""sla_violation"":""ratio"",""fairness"":""index_0_to_1"",""rb_utilization"":""ratio""}"
1.0.0,smoke-000307,42,poor_channel,tv1_smoke_fixed,307,0.479,0.0,0.0,0.0,0.501658,1.0,25,25,25,25,479,1895,0,0,"{""throughput_e"":""Mbps"",""delay_u"":""ms"",""drop_u"":""ratio"",""sla_violation"":""ratio"",""fairness"":""index_0_to_1"",""rb_utilization"":""ratio""}"
1.0.0,smoke-000308,42,poor_channel,tv1_smoke_fixed,308,0.479,5.0,0.0,0.0,0.501947,1.0,25,25,25,25,479,1895,1,0,"{""throughput_e"":""Mbps"",""delay_u"":""ms"",""drop_u"":""ratio"",""sla_violation"":""ratio"",""fairness"":""index_0_to_1"",""rb_utilization"":""ratio""}"
1.0.0,smoke-000309,42,poor_channel,tv1_smoke_fixed,309,0.479,5.0,0.75,0.75,0.501372,1.0,25,25,25,25,479,2762,1,3,"{""throughput_e"":""Mbps"",""delay_u"":""ms"",""drop_u"":""ratio"",""sla_violation"":""ratio"",""fairness"":""index_0_to_1"",""rb_utilization"":""ratio""}"
1.0.0,smoke-000310,42,poor_channel,tv1_smoke_fixed,310,0.738,5.0,0.0,0.0,0.501236,1.0,25,25,25,25,738,2762,1,0,"{""throughput_e"":""Mbps"",""delay_u"":""ms"",""drop_u"":""ratio"",""sla_violation"":""ratio"",""fairness"":""index_0_to_1"",""rb_utilization"":""ratio""}"
1.0.0,smoke-000311,42,poor_channel,tv1_smoke_fixed,311,0.738,5.0,0.0,0.0,0.501704,1.0,25,25,25,25,738,2762,1,0,"{""throughput_e"":""Mbps"",""delay_u"":""ms"",""drop_u"":""ratio"",""sla_violation"":""ratio"",""fairness"":""index_0_to_1"",""rb_utilization"":""ratio""}"
1.0.0,smoke-000312,42,poor_channel,tv1_smoke_fixed,312,0.738,5.0,0.5,0.5,0.501069,1.0,25,25,25,25,738,3703,1,1,"{""throughput_e"":""Mbps"",""delay_u"":""ms"",""drop_u"":""ratio"",""sla_violation"":""ratio"",""fairness"":""index_0_to_1"",""rb_utilization"":""ratio""}"
1.0.0,smoke-000313,42,poor_channel,tv1_smoke_fixed,313,0.738,5.0,0.0,0.0,0.501094,1.0,25,25,25,25,738,3703,1,0,"{""throughput_e"":""Mbps"",""delay_u"":""ms"",""drop_u"":""ratio"",""sla_violation"":""ratio"",""fairness"":""index_0_to_1"",""rb_utilization"":""ratio""}"
1.0.0,smoke-000314,42,poor_channel,tv1_smoke_fixed,314,0.738,4.0,0.0,0.0,0.501189,1.0,25,25,25,25,738,3703,1,0,"{""throughput_e"":""Mbps"",""delay_u"":""ms"",""drop_u"":""ratio"",""sla_violation"":""ratio"",""fairness"":""index_0_to_1"",""rb_utilization"":""ratio""}"
1.0.0,smoke-000315,42,poor_channel,tv1_smoke_fixed,315,1.187,5.0,0.0,0.0,0.501776,1.0,25,25,25,25,1187,3703,2,0,"{""throughput_e"":""Mbps"",""delay_u"":""ms"",""drop_u"":""ratio"",""sla_violation"":""ratio"",""fairness"":""index_0_to_1"",""rb_utilization"":""ratio""}"
1.0.0,smoke-000316,42,poor_channel,tv1_smoke_fixed,316,1.187,4.0,0.0,0.0,0.501811,1.0,25,25,25,25,1187,2762,1,0,"{""throughput_e"":""Mbps"",""delay_u"":""ms"",""drop_u"":""ratio"",""sla_violation"":""ratio"",""fairness"":""index_0_to_1"",""rb_utilization"":""ratio""}"
1.0.0,smoke-000317,42,poor_channel,tv1_smoke_fixed,317,1.187,5.0,0.0,0.0,0.502548,1.0,25,25,25,25,1187,2762,1,0,"{""throughput_e"":""Mbps"",""delay_u"":""ms"",""drop_u"":""ratio"",""sla_violation"":""ratio"",""fairness"":""index_0_to_1"",""rb_utilization"":""ratio""}"
1.0.0,smoke-000318,42,poor_channel,tv1_smoke_fixed,318,1.187,5.0,0.5,0.5,0.503664,1.0,25,25,25,25,1187,2762,1,1,"{""throughput_e"":""Mbps"",""delay_u"":""ms"",""drop_u"":""ratio"",""sla_violation"":""ratio"",""fairness"":""index_0_to_1"",""rb_utilization"":""ratio""}"
1.0.0,smoke-000319,42,poor_channel,tv1_smoke_fixed,319,1.187,5.0,0.0,0.0,0.503844,1.0,25,25,25,25,1187,2762,1,0,"{""throughput_e"":""Mbps"",""delay_u"":""ms"",""drop_u"":""ratio"",""sla_violation"":""ratio"",""fairness"":""index_0_to_1"",""rb_utilization"":""ratio""}"
1.0.0,smoke-000320,42,poor_channel,tv1_smoke_fixed,320,1.187,4.0,0.0,0.0,0.503798,1.0,25,25,25,25,1187,2762,1,0,"{""throughput_e"":""Mbps"",""delay_u"":""ms"",""drop_u"":""ratio"",""sla_violation"":""ratio"",""fairness"":""index_0_to_1"",""rb_utilization"":""ratio""}"
1.0.0,smoke-000321,42,poor_channel,tv1_smoke_fixed,321,1.187,5.0,0.5,0.5,0.50337,1.0,25,25,25,25,1187,2762,1,1,"{""throughput_e"":""Mbps"",""delay_u"":""ms"",""drop_u"":""ratio"",""sla_violation"":""ratio"",""fairness"":""index_0_to_1"",""rb_utilization"":""ratio""}"
1.0.0,smoke-000322,42,poor_channel,tv1_smoke_fixed,322,1.187,5.0,0.75,0.75,0.503036,1.0,25,25,25,25,1187,2762,1,3,"{""throughput_e"":""Mbps"",""delay_u"":""ms"",""drop_u"":""ratio"",""sla_violation"":""ratio"",""fairness"":""index_0_to_1"",""rb_utilization"":""ratio""}"
1.0.0,smoke-000323,42,poor_channel,tv1_smoke_fixed,323,0.738,5.0,0.5,0.5,0.501176,1.0,25,25,25,25,738,2762,1,1,"{""throughput_e"":""Mbps"",""delay_u"":""ms"",""drop_u"":""ratio"",""sla_violation"":""ratio"",""fairness"":""index_0_to_1"",""rb_utilization"":""ratio""}"
1.0.0,smoke-000324,42,poor_channel,tv1_smoke_fixed,324,0.738,5.0,0.0,0.0,0.500937,1.0,25,25,25,25,738,2762,1,0,"{""throughput_e"":""Mbps"",""delay_u"":""ms"",""drop_u"":""ratio"",""sla_violation"":""ratio"",""fairness"":""index_0_to_1"",""rb_utilization"":""ratio""}"
1.0.0,smoke-000325,42,poor_channel,tv1_smoke_fixed,325,0.479,4.0,0.0,0.0,0.500746,1.0,25,25,25,25,479,2762,1,0,"{""throughput_e"":""Mbps"",""delay_u"":""ms"",""drop_u"":""ratio"",""sla_violation"":""ratio"",""fairness"":""index_0_to_1"",""rb_utilization"":""ratio""}"
1.0.0,smoke-000326,42,poor_channel,tv1_smoke_fixed,326,0.479,0.0,0.0,0.0,0.500846,1.0,25,25,25,25,479,1895,0,0,"{""throughput_e"":""Mbps"",""delay_u"":""ms"",""drop_u"":""ratio"",""sla_violation"":""ratio"",""fairness"":""index_0_to_1"",""rb_utilization"":""ratio""}"
1.0.0,smoke-000327,42,poor_channel,tv1_smoke_fixed,327,0.479,5.0,0.0,0.0,0.50068,1.0,25,25,25,25,479,1895,1,0,"{""throughput_e"":""Mbps"",""delay_u"":""ms"",""drop_u"":""ratio"",""sla_violation"":""ratio"",""fairness"":""index_0_to_1"",""rb_utilization"":""ratio""}"
1.0.0,smoke-000328,42,poor_channel,tv1_smoke_fixed,328,0.479,5.0,0.0,0.0,0.501173,1.0,25,25,25,25,479,1187,1,0,"{""throughput_e"":""Mbps"",""delay_u"":""ms"",""drop_u"":""ratio"",""sla_violation"":""ratio"",""fairness"":""index_0_to_1"",""rb_utilization"":""ratio""}"
1.0.0,smoke-000329,42,poor_channel,tv1_smoke_fixed,329,0.479,0.0,1.0,1.0,0.501355,1.0,25,25,25,25,479,1187,0,2,"{""throughput_e"":""Mbps"",""delay_u"":""ms"",""drop_u"":""ratio"",""sla_violation"":""ratio"",""fairness"":""index_0_to_1"",""rb_utilization"":""ratio""}"
1.0.0,smoke-000330,42,poor_channel,tv1_smoke_fixed,330,0.479,0.0,0.0,0.0,0.500693,1.0,25,25,25,25,479,1187,0,0,"{""throughput_e"":""Mbps"",""delay_u"":""ms"",""drop_u"":""ratio"",""sla_violation"":""ratio"",""fairness"":""index_0_to_1"",""rb_utilization"":""ratio""}"
1.0.0,smoke-000331,42,poor_channel,tv1_smoke_fixed,331,0.479,4.0,0.0,0.0,0.500548,1.0,25,25,25,25,479,1895,1,0,"{""throughput_e"":""Mbps"",""delay_u"":""ms"",""drop_u"":""ratio"",""sla_violation"":""ratio"",""fairness"":""index_0_to_1"",""rb_utilization"":""ratio""}"
1.0.0,smoke-000332,42,poor_channel,tv1_smoke_fixed,332,0.738,4.0,0.0,0.0,0.500636,1.0,25,25,25,25,738,2762,1,0,"{""throughput_e"":""Mbps"",""delay_u"":""ms"",""drop_u"":""ratio"",""sla_violation"":""ratio"",""fairness"":""index_0_to_1"",""rb_utilization"":""ratio""}"
1.0.0,smoke-000333,42,poor_channel,tv1_smoke_fixed,333,1.187,3.0,0.0,0.0,0.501976,1.0,25,25,25,25,1187,1895,1,0,"{""throughput_e"":""Mbps"",""delay_u"":""ms"",""drop_u"":""ratio"",""sla_violation"":""ratio"",""fairness"":""index_0_to_1"",""rb_utilization"":""ratio""}"
1.0.0,smoke-000334,42,poor_channel,tv1_smoke_fixed,334,0.738,0.0,0.0,0.0,0.501565,1.0,25,25,25,25,738,1187,0,0,"{""throughput_e"":""Mbps"",""delay_u"":""ms"",""drop_u"":""ratio"",""sla_violation"":""ratio"",""fairness"":""index_0_to_1"",""rb_utilization"":""ratio""}"
1.0.0,smoke-000335,42,poor_channel,tv1_smoke_fixed,335,0.738,0.0,0.0,0.0,0.501839,1.0,25,25,25,25,738,1187,0,0,"{""throughput_e"":""Mbps"",""delay_u"":""ms"",""drop_u"":""ratio"",""sla_violation"":""ratio"",""fairness"":""index_0_to_1"",""rb_utilization"":""ratio""}"
1.0.0,smoke-000336,42,poor_channel,tv1_smoke_fixed,336,0.738,5.0,0.0,0.0,0.500996,1.0,25,25,25,25,738,1895,1,0,"{""throughput_e"":""Mbps"",""delay_u"":""ms"",""drop_u"":""ratio"",""sla_violation"":""ratio"",""fairness"":""index_0_to_1"",""rb_utilization"":""ratio""}"
1.0.0,smoke-000337,42,poor_channel,tv1_smoke_fixed,337,0.738,5.0,0.5,0.5,0.501402,1.0,25,25,25,25,738,1895,1,1,"{""throughput_e"":""Mbps"",""delay_u"":""ms"",""drop_u"":""ratio"",""sla_violation"":""ratio"",""fairness"":""index_0_to_1"",""rb_utilization"":""ratio""}"
1.0.0,smoke-000338,42,poor_channel,tv1_smoke_fixed,338,0.738,0.0,0.0,0.0,0.500972,1.0,25,25,25,25,738,1895,0,0,"{""throughput_e"":""Mbps"",""delay_u"":""ms"",""drop_u"":""ratio"",""sla_violation"":""ratio"",""fairness"":""index_0_to_1"",""rb_utilization"":""ratio""}"
1.0.0,smoke-000339,42,poor_channel,tv1_smoke_fixed,339,0.738,5.0,0.0,0.0,0.501053,1.0,25,25,25,25,738,1895,1,0,"{""throughput_e"":""Mbps"",""delay_u"":""ms"",""drop_u"":""ratio"",""sla_violation"":""ratio"",""fairness"":""index_0_to_1"",""rb_utilization"":""ratio""}"
1.0.0,smoke-000340,42,poor_channel,tv1_smoke_fixed,340,0.738,4.0,0.0,0.0,0.501774,1.0,25,25,25,25,738,1895,1,0,"{""throughput_e"":""Mbps"",""delay_u"":""ms"",""drop_u"":""ratio"",""sla_violation"":""ratio"",""fairness"":""index_0_to_1"",""rb_utilization"":""ratio""}"
1.0.0,smoke-000341,42,poor_channel,tv1_smoke_fixed,341,0.479,0.0,1.0,1.0,0.501201,1.0,25,25,25,25,479,1895,0,1,"{""throughput_e"":""Mbps"",""delay_u"":""ms"",""drop_u"":""ratio"",""sla_violation"":""ratio"",""fairness"":""index_0_to_1"",""rb_utilization"":""ratio""}"
1.0.0,smoke-000342,42,poor_channel,tv1_smoke_fixed,342,0.479,0.0,0.0,0.0,0.502974,1.0,25,25,25,25,479,1187,0,0,"{""throughput_e"":""Mbps"",""delay_u"":""ms"",""drop_u"":""ratio"",""sla_violation"":""ratio"",""fairness"":""index_0_to_1"",""rb_utilization"":""ratio""}"
1.0.0,smoke-000343,42,poor_channel,tv1_smoke_fixed,343,0.738,0.0,1.0,1.0,0.504838,1.0,25,25,25,25,738,1187,0,1,"{""throughput_e"":""Mbps"",""delay_u"":""ms"",""drop_u"":""ratio"",""sla_violation"":""ratio"",""fairness"":""index_0_to_1"",""rb_utilization"":""ratio""}"
1.0.0,smoke-000344,42,poor_channel,tv1_smoke_fixed,344,1.187,0.0,1.0,1.0,0.508134,1.0,25,25,25,25,1187,1187,0,3,"{""throughput_e"":""Mbps"",""delay_u"":""ms"",""drop_u"":""ratio"",""sla_violation"":""ratio"",""fairness"":""index_0_to_1"",""rb_utilization"":""ratio""}"
1.0.0,smoke-000345,42,poor_channel,tv1_smoke_fixed,345,1.187,0.0,1.0,1.0,0.504063,1.0,25,25,25,25,1187,1895,0,1,"{""throughput_e"":""Mbps"",""delay_u"":""ms"",""drop_u"":""ratio"",""sla_violation"":""ratio"",""fairness"":""index_0_to_1"",""rb_utilization"":""ratio""}"
1.0.0,smoke-000346,42,poor_channel,tv1_smoke_fixed,346,1.895,0.0,1.0,1.0,0.505655,1.0,25,25,25,25,1895,1895,0,4,"{""throughput_e"":""Mbps"",""delay_u"":""ms"",""drop_u"":""ratio"",""sla_violation"":""ratio"",""fairness"":""index_0_to_1"",""rb_utilization"":""ratio""}"
1.0.0,smoke-000347,42,poor_channel,tv1_smoke_fixed,347,1.895,0.0,1.0,1.0,0.504025,1.0,25,25,25,25,1895,1895,0,1,"{""throughput_e"":""Mbps"",""delay_u"":""ms"",""drop_u"":""ratio"",""sla_violation"":""ratio"",""fairness"":""index_0_to_1"",""rb_utilization"":""ratio""}"
1.0.0,smoke-000348,42,poor_channel,tv1_smoke_fixed,348,1.895,5.0,0.0,0.0,0.502753,1.0,25,25,25,25,1895,2762,1,0,"{""throughput_e"":""Mbps"",""delay_u"":""ms"",""drop_u"":""ratio"",""sla_violation"":""ratio"",""fairness"":""index_0_to_1"",""rb_utilization"":""ratio""}"
1.0.0,smoke-000349,42,poor_channel,tv1_smoke_fixed,349,2.762,5.0,0.0,0.0,0.503139,1.0,25,25,25,25,2762,2762,1,0,"{""throughput_e"":""Mbps"",""delay_u"":""ms"",""drop_u"":""ratio"",""sla_violation"":""ratio"",""fairness"":""index_0_to_1"",""rb_utilization"":""ratio""}"
1.0.0,smoke-000350,42,poor_channel,tv1_smoke_fixed,350,2.762,4.0,0.0,0.0,0.503865,1.0,25,25,25,25,2762,2762,1,0,"{""throughput_e"":""Mbps"",""delay_u"":""ms"",""drop_u"":""ratio"",""sla_violation"":""ratio"",""fairness"":""index_0_to_1"",""rb_utilization"":""ratio""}"
1.0.0,smoke-000351,42,poor_channel,tv1_smoke_fixed,351,2.762,0.0,1.0,1.0,0.50784,1.0,25,25,25,25,2762,1895,0,1,"{""throughput_e"":""Mbps"",""delay_u"":""ms"",""drop_u"":""ratio"",""sla_violation"":""ratio"",""fairness"":""index_0_to_1"",""rb_utilization"":""ratio""}"
1.0.0,smoke-000352,42,poor_channel,tv1_smoke_fixed,352,2.762,0.0,1.0,1.0,0.510413,1.0,25,25,25,25,2762,1895,0,1,"{""throughput_e"":""Mbps"",""delay_u"":""ms"",""drop_u"":""ratio"",""sla_violation"":""ratio"",""fairness"":""index_0_to_1"",""rb_utilization"":""ratio""}"
1.0.0,smoke-000353,42,poor_channel,tv1_smoke_fixed,353,3.703,0.0,0.0,0.0,0.513915,1.0,25,25,25,25,3703,1895,0,0,"{""throughput_e"":""Mbps"",""delay_u"":""ms"",""drop_u"":""ratio"",""sla_violation"":""ratio"",""fairness"":""index_0_to_1"",""rb_utilization"":""ratio""}"
1.0.0,smoke-000354,42,poor_channel,tv1_smoke_fixed,354,3.703,5.0,0.5,0.5,0.514274,1.0,25,25,25,25,3703,1895,1,1,"{""throughput_e"":""Mbps"",""delay_u"":""ms"",""drop_u"":""ratio"",""sla_violation"":""ratio"",""fairness"":""index_0_to_1"",""rb_utilization"":""ratio""}"
1.0.0,smoke-000355,42,poor_channel,tv1_smoke_fixed,355,3.703,0.0,1.0,1.0,0.512298,1.0,25,25,25,25,3703,1895,0,3,"{""throughput_e"":""Mbps"",""delay_u"":""ms"",""drop_u"":""ratio"",""sla_violation"":""ratio"",""fairness"":""index_0_to_1"",""rb_utilization"":""ratio""}"
1.0.0,smoke-000356,42,poor_channel,tv1_smoke_fixed,356,3.703,0.0,1.0,1.0,0.509205,1.0,25,25,25,25,3703,1895,0,3,"{""throughput_e"":""Mbps"",""delay_u"":""ms"",""drop_u"":""ratio"",""sla_violation"":""ratio"",""fairness"":""index_0_to_1"",""rb_utilization"":""ratio""}"
1.0.0,smoke-000357,42,poor_channel,tv1_smoke_fixed,357,4.651,0.0,1.0,1.0,0.507688,1.0,25,25,25,25,4651,1895,0,1,"{""throughput_e"":""Mbps"",""delay_u"":""ms"",""drop_u"":""ratio"",""sla_violation"":""ratio"",""fairness"":""index_0_to_1"",""rb_utilization"":""ratio""}"
1.0.0,smoke-000358,42,poor_channel,tv1_smoke_fixed,358,4.651,0.0,1.0,1.0,0.515296,1.0,25,25,25,25,4651,1187,0,1,"{""throughput_e"":""Mbps"",""delay_u"":""ms"",""drop_u"":""ratio"",""sla_violation"":""ratio"",""fairness"":""index_0_to_1"",""rb_utilization"":""ratio""}"
1.0.0,smoke-000359,42,poor_channel,tv1_smoke_fixed,359,4.651,0.0,0.0,0.0,0.513394,1.0,25,25,25,25,4651,1895,0,0,"{""throughput_e"":""Mbps"",""delay_u"":""ms"",""drop_u"":""ratio"",""sla_violation"":""ratio"",""fairness"":""index_0_to_1"",""rb_utilization"":""ratio""}"
1.0.0,smoke-000360,42,poor_channel,tv1_smoke_fixed,360,4.651,5.0,0.0,0.0,0.513856,1.0,25,25,25,25,4651,1895,1,0,"{""throughput_e"":""Mbps"",""delay_u"":""ms"",""drop_u"":""ratio"",""sla_violation"":""ratio"",""fairness"":""index_0_to_1"",""rb_utilization"":""ratio""}"
1.0.0,smoke-000361,42,poor_channel,tv1_smoke_fixed,361,4.651,5.0,0.0,0.0,0.508524,1.0,25,25,25,25,4651,2762,1,0,"{""throughput_e"":""Mbps"",""delay_u"":""ms"",""drop_u"":""ratio"",""sla_violation"":""ratio"",""fairness"":""index_0_to_1"",""rb_utilization"":""ratio""}"
1.0.0,smoke-000362,42,poor_channel,tv1_smoke_fixed,362,6.029,5.0,0.5,0.5,0.518332,1.0,25,25,25,25,6029,1895,1,1,"{""throughput_e"":""Mbps"",""delay_u"":""ms"",""drop_u"":""ratio"",""sla_violation"":""ratio"",""fairness"":""index_0_to_1"",""rb_utilization"":""ratio""}"
1.0.0,smoke-000363,42,poor_channel,tv1_smoke_fixed,363,6.029,0.0,1.0,1.0,0.52747,1.0,25,25,25,25,6029,1187,0,3,"{""throughput_e"":""Mbps"",""delay_u"":""ms"",""drop_u"":""ratio"",""sla_violation"":""ratio"",""fairness"":""index_0_to_1"",""rb_utilization"":""ratio""}"
1.0.0,smoke-000364,42,poor_channel,tv1_smoke_fixed,364,6.029,0.0,1.0,1.0,0.523508,1.0,25,25,25,25,6029,1187,0,1,"{""throughput_e"":""Mbps"",""delay_u"":""ms"",""drop_u"":""ratio"",""sla_violation"":""ratio"",""fairness"":""index_0_to_1"",""rb_utilization"":""ratio""}"
1.0.0,smoke-000365,42,poor_channel,tv1_smoke_fixed,365,4.651,0.0,0.0,0.0,0.518097,1.0,25,25,25,25,4651,1187,0,0,"{""throughput_e"":""Mbps"",""delay_u"":""ms"",""drop_u"":""ratio"",""sla_violation"":""ratio"",""fairness"":""index_0_to_1"",""rb_utilization"":""ratio""}"
1.0.0,smoke-000366,42,poor_channel,tv1_smoke_fixed,366,4.651,5.0,0.5,0.5,0.516099,1.0,25,25,25,25,4651,1895,1,1,"{""throughput_e"":""Mbps"",""delay_u"":""ms"",""drop_u"":""ratio"",""sla_violation"":""ratio"",""fairness"":""index_0_to_1"",""rb_utilization"":""ratio""}"
1.0.0,smoke-000367,42,poor_channel,tv1_smoke_fixed,367,4.651,0.0,1.0,1.0,0.513171,1.0,25,25,25,25,4651,1895,0,1,"{""throughput_e"":""Mbps"",""delay_u"":""ms"",""drop_u"":""ratio"",""sla_violation"":""ratio"",""fairness"":""index_0_to_1"",""rb_utilization"":""ratio""}"
1.0.0,smoke-000368,42,poor_channel,tv1_smoke_fixed,368,4.651,5.0,0.5,0.5,0.512883,1.0,25,25,25,25,4651,2762,1,1,"{""throughput_e"":""Mbps"",""delay_u"":""ms"",""drop_u"":""ratio"",""sla_violation"":""ratio"",""fairness"":""index_0_to_1"",""rb_utilization"":""ratio""}"
1.0.0,smoke-000369,42,poor_channel,tv1_smoke_fixed,369,4.651,0.0,1.0,1.0,0.516866,1.0,25,25,25,25,4651,1895,0,1,"{""throughput_e"":""Mbps"",""delay_u"":""ms"",""drop_u"":""ratio"",""sla_violation"":""ratio"",""fairness"":""index_0_to_1"",""rb_utilization"":""ratio""}"
1.0.0,smoke-000370,42,poor_channel,tv1_smoke_fixed,370,4.651,5.0,0.666667,0.666667,0.51284,1.0,25,25,25,25,4651,2762,1,2,"{""throughput_e"":""Mbps"",""delay_u"":""ms"",""drop_u"":""ratio"",""sla_violation"":""ratio"",""fairness"":""index_0_to_1"",""rb_utilization"":""ratio""}"
1.0.0,smoke-000371,42,poor_channel,tv1_smoke_fixed,371,3.703,4.0,0.0,0.0,0.509172,1.0,25,25,25,25,3703,2762,1,0,"{""throughput_e"":""Mbps"",""delay_u"":""ms"",""drop_u"":""ratio"",""sla_violation"":""ratio"",""fairness"":""index_0_to_1"",""rb_utilization"":""ratio""}"
1.0.0,smoke-000372,42,poor_channel,tv1_smoke_fixed,372,4.651,5.0,0.666667,0.666667,0.515217,1.0,25,25,25,25,4651,2762,1,2,"{""throughput_e"":""Mbps"",""delay_u"":""ms"",""drop_u"":""ratio"",""sla_violation"":""ratio"",""fairness"":""index_0_to_1"",""rb_utilization"":""ratio""}"
1.0.0,smoke-000373,42,poor_channel,tv1_smoke_fixed,373,4.651,5.0,0.0,0.0,0.514022,1.0,25,25,25,25,4651,2762,1,0,"{""throughput_e"":""Mbps"",""delay_u"":""ms"",""drop_u"":""ratio"",""sla_violation"":""ratio"",""fairness"":""index_0_to_1"",""rb_utilization"":""ratio""}"
1.0.0,smoke-000374,42,poor_channel,tv1_smoke_fixed,374,4.651,0.0,1.0,1.0,0.518393,1.0,25,25,25,25,4651,1895,0,2,"{""throughput_e"":""Mbps"",""delay_u"":""ms"",""drop_u"":""ratio"",""sla_violation"":""ratio"",""fairness"":""index_0_to_1"",""rb_utilization"":""ratio""}"
1.0.0,smoke-000375,42,poor_channel,tv1_smoke_fixed,375,4.651,5.0,0.5,0.5,0.512692,1.0,25,25,25,25,4651,2762,1,1,"{""throughput_e"":""Mbps"",""delay_u"":""ms"",""drop_u"":""ratio"",""sla_violation"":""ratio"",""fairness"":""index_0_to_1"",""rb_utilization"":""ratio""}"
1.0.0,smoke-000376,42,poor_channel,tv1_smoke_fixed,376,4.651,5.0,0.75,0.75,0.511397,1.0,25,25,25,25,4651,2762,1,3,"{""throughput_e"":""Mbps"",""delay_u"":""ms"",""drop_u"":""ratio"",""sla_violation"":""ratio"",""fairness"":""index_0_to_1"",""rb_utilization"":""ratio""}"
1.0.0,smoke-000377,42,poor_channel,tv1_smoke_fixed,377,6.029,5.0,0.5,0.5,0.513102,1.0,25,25,25,25,6029,2762,1,1,"{""throughput_e"":""Mbps"",""delay_u"":""ms"",""drop_u"":""ratio"",""sla_violation"":""ratio"",""fairness"":""index_0_to_1"",""rb_utilization"":""ratio""}"
1.0.0,smoke-000378,42,poor_channel,tv1_smoke_fixed,378,4.651,4.0,0.0,0.0,0.507571,1.0,25,25,25,25,4651,2762,1,0,"{""throughput_e"":""Mbps"",""delay_u"":""ms"",""drop_u"":""ratio"",""sla_violation"":""ratio"",""fairness"":""index_0_to_1"",""rb_utilization"":""ratio""}"
1.0.0,smoke-000379,42,poor_channel,tv1_smoke_fixed,379,3.703,5.0,0.0,0.0,0.505932,1.0,25,25,25,25,3703,2762,1,0,"{""throughput_e"":""Mbps"",""delay_u"":""ms"",""drop_u"":""ratio"",""sla_violation"":""ratio"",""fairness"":""index_0_to_1"",""rb_utilization"":""ratio""}"
1.0.0,smoke-000380,42,poor_channel,tv1_smoke_fixed,380,3.703,5.0,0.0,0.0,0.505837,1.0,25,25,25,25,3703,2762,1,0,"{""throughput_e"":""Mbps"",""delay_u"":""ms"",""drop_u"":""ratio"",""sla_violation"":""ratio"",""fairness"":""index_0_to_1"",""rb_utilization"":""ratio""}"
1.0.0,smoke-000381,42,poor_channel,tv1_smoke_fixed,381,3.703,0.0,1.0,1.0,0.508377,1.0,25,25,25,25,3703,1895,0,3,"{""throughput_e"":""Mbps"",""delay_u"":""ms"",""drop_u"":""ratio"",""sla_violation"":""ratio"",""fairness"":""index_0_to_1"",""rb_utilization"":""ratio""}"
1.0.0,smoke-000382,42,poor_channel,tv1_smoke_fixed,382,3.703,0.0,0.0,0.0,0.505801,1.0,25,25,25,25,3703,1895,0,0,"{""throughput_e"":""Mbps"",""delay_u"":""ms"",""drop_u"":""ratio"",""sla_violation"":""ratio"",""fairness"":""index_0_to_1"",""rb_utilization"":""ratio""}"
1.0.0,smoke-000383,42,poor_channel,tv1_smoke_fixed,383,3.703,5.0,0.0,0.0,0.507612,1.0,25,25,25,25,3703,1895,1,0,"{""throughput_e"":""Mbps"",""delay_u"":""ms"",""drop_u"":""ratio"",""sla_violation"":""ratio"",""fairness"":""index_0_to_1"",""rb_utilization"":""ratio""}"
1.0.0,smoke-000384,42,poor_channel,tv1_smoke_fixed,384,3.703,5.0,0.0,0.0,0.509415,1.0,25,25,25,25,3703,1895,1,0,"{""throughput_e"":""Mbps"",""delay_u"":""ms"",""drop_u"":""ratio"",""sla_violation"":""ratio"",""fairness"":""index_0_to_1"",""rb_utilization"":""ratio""}"
1.0.0,smoke-000385,42,poor_channel,tv1_smoke_fixed,385,2.762,0.0,1.0,1.0,0.509427,1.0,25,25,25,25,2762,1895,0,1,"{""throughput_e"":""Mbps"",""delay_u"":""ms"",""drop_u"":""ratio"",""sla_violation"":""ratio"",""fairness"":""index_0_to_1"",""rb_utilization"":""ratio""}"
1.0.0,smoke-000386,42,poor_channel,tv1_smoke_fixed,386,1.895,0.0,1.0,1.0,0.508086,1.0,25,25,25,25,1895,1895,0,1,"{""throughput_e"":""Mbps"",""delay_u"":""ms"",""drop_u"":""ratio"",""sla_violation"":""ratio"",""fairness"":""index_0_to_1"",""rb_utilization"":""ratio""}"
1.0.0,smoke-000387,42,poor_channel,tv1_smoke_fixed,387,1.895,0.0,1.0,1.0,0.50806,1.0,25,25,25,25,1895,1895,0,2,"{""throughput_e"":""Mbps"",""delay_u"":""ms"",""drop_u"":""ratio"",""sla_violation"":""ratio"",""fairness"":""index_0_to_1"",""rb_utilization"":""ratio""}"
1.0.0,smoke-000388,42,poor_channel,tv1_smoke_fixed,388,2.762,0.0,1.0,1.0,0.50958,1.0,25,25,25,25,2762,1895,0,2,"{""throughput_e"":""Mbps"",""delay_u"":""ms"",""drop_u"":""ratio"",""sla_violation"":""ratio"",""fairness"":""index_0_to_1"",""rb_utilization"":""ratio""}"
1.0.0,smoke-000389,42,poor_channel,tv1_smoke_fixed,389,2.762,0.0,1.0,1.0,0.509558,1.0,25,25,25,25,2762,1895,0,3,"{""throughput_e"":""Mbps"",""delay_u"":""ms"",""drop_u"":""ratio"",""sla_violation"":""ratio"",""fairness"":""index_0_to_1"",""rb_utilization"":""ratio""}"
1.0.0,smoke-000390,42,poor_channel,tv1_smoke_fixed,390,2.762,0.0,1.0,1.0,0.507415,1.0,25,25,25,25,2762,1895,0,3,"{""throughput_e"":""Mbps"",""delay_u"":""ms"",""drop_u"":""ratio"",""sla_violation"":""ratio"",""fairness"":""index_0_to_1"",""rb_utilization"":""ratio""}"
1.0.0,smoke-000391,42,poor_channel,tv1_smoke_fixed,391,2.762,5.0,0.0,0.0,0.504351,1.0,25,25,25,25,2762,2762,1,0,"{""throughput_e"":""Mbps"",""delay_u"":""ms"",""drop_u"":""ratio"",""sla_violation"":""ratio"",""fairness"":""index_0_to_1"",""rb_utilization"":""ratio""}"
1.0.0,smoke-000392,42,poor_channel,tv1_smoke_fixed,392,2.762,4.0,0.0,0.0,0.50356,1.0,25,25,25,25,2762,2762,1,0,"{""throughput_e"":""Mbps"",""delay_u"":""ms"",""drop_u"":""ratio"",""sla_violation"":""ratio"",""fairness"":""index_0_to_1"",""rb_utilization"":""ratio""}"
1.0.0,smoke-000393,42,poor_channel,tv1_smoke_fixed,393,2.762,5.0,0.0,0.0,0.502772,1.0,25,25,25,25,2762,2762,1,0,"{""throughput_e"":""Mbps"",""delay_u"":""ms"",""drop_u"":""ratio"",""sla_violation"":""ratio"",""fairness"":""index_0_to_1"",""rb_utilization"":""ratio""}"
1.0.0,smoke-000394,42,poor_channel,tv1_smoke_fixed,394,2.762,5.0,0.0,0.0,0.503429,1.0,25,25,25,25,2762,2762,1,0,"{""throughput_e"":""Mbps"",""delay_u"":""ms"",""drop_u"":""ratio"",""sla_violation"":""ratio"",""fairness"":""index_0_to_1"",""rb_utilization"":""ratio""}"
1.0.0,smoke-000395,42,poor_channel,tv1_smoke_fixed,395,1.895,5.0,0.5,0.5,0.502824,1.0,25,25,25,25,1895,3703,1,1,"{""throughput_e"":""Mbps"",""delay_u"":""ms"",""drop_u"":""ratio"",""sla_violation"":""ratio"",""fairness"":""index_0_to_1"",""rb_utilization"":""ratio""}"
1.0.0,smoke-000396,42,poor_channel,tv1_smoke_fixed,396,1.895,3.0,0.0,0.0,0.502565,1.0,25,25,25,25,1895,3703,1,0,"{""throughput_e"":""Mbps"",""delay_u"":""ms"",""drop_u"":""ratio"",""sla_violation"":""ratio"",""fairness"":""index_0_to_1"",""rb_utilization"":""ratio""}"
1.0.0,smoke-000397,42,poor_channel,tv1_smoke_fixed,397,1.895,4.0,0.0,0.0,0.502758,1.0,25,25,25,25,1895,3703,1,0,"{""throughput_e"":""Mbps"",""delay_u"":""ms"",""drop_u"":""ratio"",""sla_violation"":""ratio"",""fairness"":""index_0_to_1"",""rb_utilization"":""ratio""}"
1.0.0,smoke-000398,42,poor_channel,tv1_smoke_fixed,398,2.762,4.0,0.0,0.0,0.504832,1.0,25,25,25,25,2762,3703,2,0,"{""throughput_e"":""Mbps"",""delay_u"":""ms"",""drop_u"":""ratio"",""sla_violation"":""ratio"",""fairness"":""index_0_to_1"",""rb_utilization"":""ratio""}"
1.0.0,smoke-000399,42,poor_channel,tv1_smoke_fixed,399,2.762,5.0,0.5,0.5,0.504053,1.0,25,25,25,25,2762,3703,1,1,"{""throughput_e"":""Mbps"",""delay_u"":""ms"",""drop_u"":""ratio"",""sla_violation"":""ratio"",""fairness"":""index_0_to_1"",""rb_utilization"":""ratio""}"
1.0.0,smoke-000400,42,poor_channel,tv1_smoke_fixed,400,3.703,5.0,0.0,0.0,0.504246,1.0,25,25,25,25,3703,3703,1,0,"{""throughput_e"":""Mbps"",""delay_u"":""ms"",""drop_u"":""ratio"",""sla_violation"":""ratio"",""fairness"":""index_0_to_1"",""rb_utilization"":""ratio""}"
1.0.0,smoke-000401,42,poor_channel,tv1_smoke_fixed,401,3.703,5.0,0.5,0.5,0.504625,1.0,25,25,25,25,3703,3703,1,1,"{""throughput_e"":""Mbps"",""delay_u"":""ms"",""drop_u"":""ratio"",""sla_violation"":""ratio"",""fairness"":""index_0_to_1"",""rb_utilization"":""ratio""}"
1.0.0,smoke-000402,42,poor_channel,tv1_smoke_fixed,402,2.762,5.0,0.666667,0.666667,0.502507,1.0,25,25,25,25,2762,4651,1,2,"{""throughput_e"":""Mbps"",""delay_u"":""ms"",""drop_u"":""ratio"",""sla_violation"":""ratio"",""fairness"":""index_0_to_1"",""rb_utilization"":""ratio""}"
1.0.0,smoke-000403,42,poor_channel,tv1_smoke_fixed,403,2.762,3.0,0.0,0.0,0.501666,1.0,25,25,25,25,2762,4651,1,0,"{""throughput_e"":""Mbps"",""delay_u"":""ms"",""drop_u"":""ratio"",""sla_violation"":""ratio"",""fairness"":""index_0_to_1"",""rb_utilization"":""ratio""}"
1.0.0,smoke-000404,42,poor_channel,tv1_smoke_fixed,404,2.762,3.0,0.0,0.0,0.50102,1.0,25,25,25,25,2762,6029,3,0,"{""throughput_e"":""Mbps"",""delay_u"":""ms"",""drop_u"":""ratio"",""sla_violation"":""ratio"",""fairness"":""index_0_to_1"",""rb_utilization"":""ratio""}"
1.0.0,smoke-000405,42,poor_channel,tv1_smoke_fixed,405,3.703,1.5,0.0,0.0,0.501212,1.0,25,25,25,25,3703,6029,2,0,"{""throughput_e"":""Mbps"",""delay_u"":""ms"",""drop_u"":""ratio"",""sla_violation"":""ratio"",""fairness"":""index_0_to_1"",""rb_utilization"":""ratio""}"
1.0.0,smoke-000406,42,poor_channel,tv1_smoke_fixed,406,3.703,1.5,0.0,0.0,0.501924,1.0,25,25,25,25,3703,4651,2,0,"{""throughput_e"":""Mbps"",""delay_u"":""ms"",""drop_u"":""ratio"",""sla_violation"":""ratio"",""fairness"":""index_0_to_1"",""rb_utilization"":""ratio""}"
1.0.0,smoke-000407,42,poor_channel,tv1_smoke_fixed,407,2.762,2.0,0.0,0.0,0.501095,1.0,25,25,25,25,2762,4651,2,0,"{""throughput_e"":""Mbps"",""delay_u"":""ms"",""drop_u"":""ratio"",""sla_violation"":""ratio"",""fairness"":""index_0_to_1"",""rb_utilization"":""ratio""}"
1.0.0,smoke-000408,42,poor_channel,tv1_smoke_fixed,408,2.762,2.0,0.0,0.0,0.500757,1.0,25,25,25,25,2762,4651,1,0,"{""throughput_e"":""Mbps"",""delay_u"":""ms"",""drop_u"":""ratio"",""sla_violation"":""ratio"",""fairness"":""index_0_to_1"",""rb_utilization"":""ratio""}"
1.0.0,smoke-000409,42,poor_channel,tv1_smoke_fixed,409,2.762,1.5,0.0,0.0,0.500831,1.0,25,25,25,25,2762,4651,2,0,"{""throughput_e"":""Mbps"",""delay_u"":""ms"",""drop_u"":""ratio"",""sla_violation"":""ratio"",""fairness"":""index_0_to_1"",""rb_utilization"":""ratio""}"
1.0.0,smoke-000410,42,poor_channel,tv1_smoke_fixed,410,2.762,1.5,0.0,0.0,0.501136,1.0,25,25,25,25,2762,3703,2,0,"{""throughput_e"":""Mbps"",""delay_u"":""ms"",""drop_u"":""ratio"",""sla_violation"":""ratio"",""fairness"":""index_0_to_1"",""rb_utilization"":""ratio""}"
1.0.0,smoke-000411,42,poor_channel,tv1_smoke_fixed,411,2.762,2.0,0.0,0.0,0.501419,1.0,25,25,25,25,2762,3703,1,0,"{""throughput_e"":""Mbps"",""delay_u"":""ms"",""drop_u"":""ratio"",""sla_violation"":""ratio"",""fairness"":""index_0_to_1"",""rb_utilization"":""ratio""}"
1.0.0,smoke-000412,42,poor_channel,tv1_smoke_fixed,412,3.703,2.0,0.0,0.0,0.502361,1.0,25,25,25,25,3703,4651,2,0,"{""throughput_e"":""Mbps"",""delay_u"":""ms"",""drop_u"":""ratio"",""sla_violation"":""ratio"",""fairness"":""index_0_to_1"",""rb_utilization"":""ratio""}"
1.0.0,smoke-000413,42,poor_channel,tv1_smoke_fixed,413,4.651,2.0,0.0,0.0,0.503875,1.0,25,25,25,25,4651,3703,1,0,"{""throughput_e"":""Mbps"",""delay_u"":""ms"",""drop_u"":""ratio"",""sla_violation"":""ratio"",""fairness"":""index_0_to_1"",""rb_utilization"":""ratio""}"
1.0.0,smoke-000414,42,poor_channel,tv1_smoke_fixed,414,4.651,3.0,0.0,0.0,0.502623,1.0,25,25,25,25,4651,3703,2,0,"{""throughput_e"":""Mbps"",""delay_u"":""ms"",""drop_u"":""ratio"",""sla_violation"":""ratio"",""fairness"":""index_0_to_1"",""rb_utilization"":""ratio""}"
1.0.0,smoke-000415,42,poor_channel,tv1_smoke_fixed,415,4.651,3.0,0.0,0.0,0.506447,1.0,25,25,25,25,4651,2762,1,0,"{""throughput_e"":""Mbps"",""delay_u"":""ms"",""drop_u"":""ratio"",""sla_violation"":""ratio"",""fairness"":""index_0_to_1"",""rb_utilization"":""ratio""}"
1.0.0,smoke-000416,42,poor_channel,tv1_smoke_fixed,416,4.651,4.0,0.0,0.0,0.50864,1.0,25,25,25,25,4651,2762,1,0,"{""throughput_e"":""Mbps"",""delay_u"":""ms"",""drop_u"":""ratio"",""sla_violation"":""ratio"",""fairness"":""index_0_to_1"",""rb_utilization"":""ratio""}"
1.0.0,smoke-000417,42,poor_channel,tv1_smoke_fixed,417,6.029,3.0,0.0,0.0,0.509578,1.0,25,25,25,25,6029,2762,1,0,"{""throughput_e"":""Mbps"",""delay_u"":""ms"",""drop_u"":""ratio"",""sla_violation"":""ratio"",""fairness"":""index_0_to_1"",""rb_utilization"":""ratio""}"
1.0.0,smoke-000418,42,poor_channel,tv1_smoke_fixed,418,6.029,4.0,0.0,0.0,0.513903,1.0,25,25,25,25,6029,2762,1,0,"{""throughput_e"":""Mbps"",""delay_u"":""ms"",""drop_u"":""ratio"",""sla_violation"":""ratio"",""fairness"":""index_0_to_1"",""rb_utilization"":""ratio""}"
1.0.0,smoke-000419,42,poor_channel,tv1_smoke_fixed,419,6.029,5.0,0.0,0.0,0.51247,1.0,25,25,25,25,6029,3703,2,0,"{""throughput_e"":""Mbps"",""delay_u"":""ms"",""drop_u"":""ratio"",""sla_violation"":""ratio"",""fairness"":""index_0_to_1"",""rb_utilization"":""ratio""}"
1.0.0,smoke-000420,42,poor_channel,tv1_smoke_fixed,420,6.029,5.0,0.666667,0.666667,0.511277,1.0,25,25,25,25,6029,4651,1,2,"{""throughput_e"":""Mbps"",""delay_u"":""ms"",""drop_u"":""ratio"",""sla_violation"":""ratio"",""fairness"":""index_0_to_1"",""rb_utilization"":""ratio""}"
1.0.0,smoke-000421,42,poor_channel,tv1_smoke_fixed,421,6.029,4.0,0.0,0.0,0.50877,1.0,25,25,25,25,6029,4651,1,0,"{""throughput_e"":""Mbps"",""delay_u"":""ms"",""drop_u"":""ratio"",""sla_violation"":""ratio"",""fairness"":""index_0_to_1"",""rb_utilization"":""ratio""}"
1.0.0,smoke-000422,42,poor_channel,tv1_smoke_fixed,422,6.029,5.0,0.333333,0.333333,0.508918,1.0,25,25,25,25,6029,4651,2,1,"{""throughput_e"":""Mbps"",""delay_u"":""ms"",""drop_u"":""ratio"",""sla_violation"":""ratio"",""fairness"":""index_0_to_1"",""rb_utilization"":""ratio""}"
1.0.0,smoke-000423,42,poor_channel,tv1_smoke_fixed,423,4.651,5.0,0.333333,0.333333,0.504685,1.0,25,25,25,25,4651,6029,2,1,"{""throughput_e"":""Mbps"",""delay_u"":""ms"",""drop_u"":""ratio"",""sla_violation"":""ratio"",""fairness"":""index_0_to_1"",""rb_utilization"":""ratio""}"
1.0.0,smoke-000424,42,poor_channel,tv1_smoke_fixed,424,4.651,5.0,0.333333,0.333333,0.505194,1.0,25,25,25,25,4651,6029,2,1,"{""throughput_e"":""Mbps"",""delay_u"":""ms"",""drop_u"":""ratio"",""sla_violation"":""ratio"",""fairness"":""index_0_to_1"",""rb_utilization"":""ratio""}"
1.0.0,smoke-000425,42,poor_channel,tv1_smoke_fixed,425,4.651,4.0,0.0,0.0,0.504667,1.0,25,25,25,25,4651,6029,2,0,"{""throughput_e"":""Mbps"",""delay_u"":""ms"",""drop_u"":""ratio"",""sla_violation"":""ratio"",""fairness"":""index_0_to_1"",""rb_utilization"":""ratio""}"
1.0.0,smoke-000426,42,poor_channel,tv1_smoke_fixed,426,4.651,3.5,0.0,0.0,0.503441,1.0,25,25,25,25,4651,6029,2,0,"{""throughput_e"":""Mbps"",""delay_u"":""ms"",""drop_u"":""ratio"",""sla_violation"":""ratio"",""fairness"":""index_0_to_1"",""rb_utilization"":""ratio""}"
1.0.0,smoke-000427,42,poor_channel,tv1_smoke_fixed,427,4.651,4.0,0.0,0.0,0.503253,1.0,25,25,25,25,4651,6029,3,0,"{""throughput_e"":""Mbps"",""delay_u"":""ms"",""drop_u"":""ratio"",""sla_violation"":""ratio"",""fairness"":""index_0_to_1"",""rb_utilization"":""ratio""}"
1.0.0,smoke-000428,42,poor_channel,tv1_smoke_fixed,428,6.029,4.0,0.0,0.0,0.504278,1.0,25,25,25,25,6029,4651,1,0,"{""throughput_e"":""Mbps"",""delay_u"":""ms"",""drop_u"":""ratio"",""sla_violation"":""ratio"",""fairness"":""index_0_to_1"",""rb_utilization"":""ratio""}"
1.0.0,smoke-000429,42,poor_channel,tv1_smoke_fixed,429,4.651,4.0,0.0,0.0,0.504084,1.0,25,25,25,25,4651,4651,2,0,"{""throughput_e"":""Mbps"",""delay_u"":""ms"",""drop_u"":""ratio"",""sla_violation"":""ratio"",""fairness"":""index_0_to_1"",""rb_utilization"":""ratio""}"
1.0.0,smoke-000430,42,poor_channel,tv1_smoke_fixed,430,3.703,3.5,0.0,0.0,0.503344,1.0,25,25,25,25,3703,4651,2,0,"{""throughput_e"":""Mbps"",""delay_u"":""ms"",""drop_u"":""ratio"",""sla_violation"":""ratio"",""fairness"":""index_0_to_1"",""rb_utilization"":""ratio""}"
1.0.0,smoke-000431,42,poor_channel,tv1_smoke_fixed,431,3.703,3.0,0.0,0.0,0.502903,1.0,25,25,25,25,3703,4651,2,0,"{""throughput_e"":""Mbps"",""delay_u"":""ms"",""drop_u"":""ratio"",""sla_violation"":""ratio"",""fairness"":""index_0_to_1"",""rb_utilization"":""ratio""}"
1.0.0,smoke-000432,42,poor_channel,tv1_smoke_fixed,432,3.703,4.0,0.0,0.0,0.503095,1.0,25,25,25,25,3703,3703,1,0,"{""throughput_e"":""Mbps"",""delay_u"":""ms"",""drop_u"":""ratio"",""sla_violation"":""ratio"",""fairness"":""index_0_to_1"",""rb_utilization"":""ratio""}"
1.0.0,smoke-000433,42,poor_channel,tv1_smoke_fixed,433,3.703,4.0,0.0,0.0,0.502223,1.0,25,25,25,25,3703,4651,2,0,"{""throughput_e"":""Mbps"",""delay_u"":""ms"",""drop_u"":""ratio"",""sla_violation"":""ratio"",""fairness"":""index_0_to_1"",""rb_utilization"":""ratio""}"
1.0.0,smoke-000434,42,poor_channel,tv1_smoke_fixed,434,3.703,3.5,0.0,0.0,0.50284,1.0,25,25,25,25,3703,4651,2,0,"{""throughput_e"":""Mbps"",""delay_u"":""ms"",""drop_u"":""ratio"",""sla_violation"":""ratio"",""fairness"":""index_0_to_1"",""rb_utilization"":""ratio""}"
1.0.0,smoke-000435,42,poor_channel,tv1_smoke_fixed,435,3.703,2.5,0.0,0.0,0.50188,1.0,25,25,25,25,3703,4651,2,0,"{""throughput_e"":""Mbps"",""delay_u"":""ms"",""drop_u"":""ratio"",""sla_violation"":""ratio"",""fairness"":""index_0_to_1"",""rb_utilization"":""ratio""}"
1.0.0,smoke-000436,42,poor_channel,tv1_smoke_fixed,436,4.651,3.0,0.0,0.0,0.50311,1.0,25,25,25,25,4651,3703,1,0,"{""throughput_e"":""Mbps"",""delay_u"":""ms"",""drop_u"":""ratio"",""sla_violation"":""ratio"",""fairness"":""index_0_to_1"",""rb_utilization"":""ratio""}"
1.0.0,smoke-000437,42,poor_channel,tv1_smoke_fixed,437,6.029,3.0,0.0,0.0,0.504616,1.0,25,25,25,25,6029,3703,2,0,"{""throughput_e"":""Mbps"",""delay_u"":""ms"",""drop_u"":""ratio"",""sla_violation"":""ratio"",""fairness"":""index_0_to_1"",""rb_utilization"":""ratio""}"
1.0.0,smoke-000438,42,poor_channel,tv1_smoke_fixed,438,6.029,3.0,0.0,0.0,0.508398,1.0,25,25,25,25,6029,3703,1,0,"{""throughput_e"":""Mbps"",""delay_u"":""ms"",""drop_u"":""ratio"",""sla_violation"":""ratio"",""fairness"":""index_0_to_1"",""rb_utilization"":""ratio""}"
1.0.0,smoke-000439,42,poor_channel,tv1_smoke_fixed,439,6.029,3.0,0.0,0.0,0.508973,1.0,25,25,25,25,6029,3703,2,0,"{""throughput_e"":""Mbps"",""delay_u"":""ms"",""drop_u"":""ratio"",""sla_violation"":""ratio"",""fairness"":""index_0_to_1"",""rb_utilization"":""ratio""}"
1.0.0,smoke-000440,42,poor_channel,tv1_smoke_fixed,440,6.029,3.0,0.0,0.0,0.511374,1.0,25,25,25,25,6029,2762,1,0,"{""throughput_e"":""Mbps"",""delay_u"":""ms"",""drop_u"":""ratio"",""sla_violation"":""ratio"",""fairness"":""index_0_to_1"",""rb_utilization"":""ratio""}"
1.0.0,smoke-000441,42,poor_channel,tv1_smoke_fixed,441,4.651,4.0,0.0,0.0,0.506469,1.0,25,25,25,25,4651,3703,1,0,"{""throughput_e"":""Mbps"",""delay_u"":""ms"",""drop_u"":""ratio"",""sla_violation"":""ratio"",""fairness"":""index_0_to_1"",""rb_utilization"":""ratio""}"
1.0.0,smoke-000442,42,poor_channel,tv1_smoke_fixed,442,6.029,5.0,0.666667,0.666667,0.507896,1.0,25,25,25,25,6029,3703,1,2,"{""throughput_e"":""Mbps"",""delay_u"":""ms"",""drop_u"":""ratio"",""sla_violation"":""ratio"",""fairness"":""index_0_to_1"",""rb_utilization"":""ratio""}"
1.0.0,smoke-000443,42,poor_channel,tv1_smoke_fixed,443,6.029,5.0,0.5,0.5,0.505894,1.0,25,25,25,25,6029,4651,1,1,"{""throughput_e"":""Mbps"",""delay_u"":""ms"",""drop_u"":""ratio"",""sla_violation"":""ratio"",""fairness"":""index_0_to_1"",""rb_utilization"":""ratio""}"
1.0.0,smoke-000444,42,poor_channel,tv1_smoke_fixed,444,4.651,5.0,0.0,0.0,0.504891,1.0,25,25,25,25,4651,3703,1,0,"{""throughput_e"":""Mbps"",""delay_u"":""ms"",""drop_u"":""ratio"",""sla_violation"":""ratio"",""fairness"":""index_0_to_1"",""rb_utilization"":""ratio""}"
1.0.0,smoke-000445,42,poor_channel,tv1_smoke_fixed,445,4.651,5.0,0.0,0.0,0.506146,1.0,25,25,25,25,4651,3703,1,0,"{""throughput_e"":""Mbps"",""delay_u"":""ms"",""drop_u"":""ratio"",""sla_violation"":""ratio"",""fairness"":""index_0_to_1"",""rb_utilization"":""ratio""}"
1.0.0,smoke-000446,42,poor_channel,tv1_smoke_fixed,446,3.703,4.5,0.0,0.0,0.504175,1.0,25,25,25,25,3703,4651,2,0,"{""throughput_e"":""Mbps"",""delay_u"":""ms"",""drop_u"":""ratio"",""sla_violation"":""ratio"",""fairness"":""index_0_to_1"",""rb_utilization"":""ratio""}"
1.0.0,smoke-000447,42,poor_channel,tv1_smoke_fixed,447,3.703,4.5,0.0,0.0,0.504772,1.0,25,25,25,25,3703,4651,2,0,"{""throughput_e"":""Mbps"",""delay_u"":""ms"",""drop_u"":""ratio"",""sla_violation"":""ratio"",""fairness"":""index_0_to_1"",""rb_utilization"":""ratio""}"
1.0.0,smoke-000448,42,poor_channel,tv1_smoke_fixed,448,2.762,4.0,0.0,0.0,0.502857,1.0,25,25,25,25,2762,4651,2,0,"{""throughput_e"":""Mbps"",""delay_u"":""ms"",""drop_u"":""ratio"",""sla_violation"":""ratio"",""fairness"":""index_0_to_1"",""rb_utilization"":""ratio""}"
1.0.0,smoke-000449,42,poor_channel,tv1_smoke_fixed,449,2.762,4.5,0.0,0.0,0.50292,1.0,25,25,25,25,2762,4651,2,0,"{""throughput_e"":""Mbps"",""delay_u"":""ms"",""drop_u"":""ratio"",""sla_violation"":""ratio"",""fairness"":""index_0_to_1"",""rb_utilization"":""ratio""}"
1.0.0,smoke-000450,42,poor_channel,tv1_smoke_fixed,450,2.762,5.0,0.0,0.0,0.5026,1.0,25,25,25,25,2762,4651,1,0,"{""throughput_e"":""Mbps"",""delay_u"":""ms"",""drop_u"":""ratio"",""sla_violation"":""ratio"",""fairness"":""index_0_to_1"",""rb_utilization"":""ratio""}"
1.0.0,smoke-000451,42,poor_channel,tv1_smoke_fixed,451,2.762,5.0,0.333333,0.333333,0.502664,1.0,25,25,25,25,2762,4651,2,1,"{""throughput_e"":""Mbps"",""delay_u"":""ms"",""drop_u"":""ratio"",""sla_violation"":""ratio"",""fairness"":""index_0_to_1"",""rb_utilization"":""ratio""}"
1.0.0,smoke-000452,42,poor_channel,tv1_smoke_fixed,452,3.703,4.0,0.0,0.0,0.503045,1.0,25,25,25,25,3703,4651,1,0,"{""throughput_e"":""Mbps"",""delay_u"":""ms"",""drop_u"":""ratio"",""sla_violation"":""ratio"",""fairness"":""index_0_to_1"",""rb_utilization"":""ratio""}"
1.0.0,smoke-000453,42,poor_channel,tv1_smoke_fixed,453,4.651,4.5,0.0,0.0,0.50414,1.0,25,25,25,25,4651,3703,2,0,"{""throughput_e"":""Mbps"",""delay_u"":""ms"",""drop_u"":""ratio"",""sla_violation"":""ratio"",""fairness"":""index_0_to_1"",""rb_utilization"":""ratio""}"
1.0.0,smoke-000454,42,poor_channel,tv1_smoke_fixed,454,4.651,4.0,0.0,0.0,0.508271,1.0,25,25,25,25,4651,2762,1,0,"{""throughput_e"":""Mbps"",""delay_u"":""ms"",""drop_u"":""ratio"",""sla_violation"":""ratio"",""fairness"":""index_0_to_1"",""rb_utilization"":""ratio""}"
1.0.0,smoke-000455,42,poor_channel,tv1_smoke_fixed,455,6.029,5.0,0.0,0.0,0.509214,1.0,25,25,25,25,6029,2762,1,0,"{""throughput_e"":""Mbps"",""delay_u"":""ms"",""drop_u"":""ratio"",""sla_violation"":""ratio"",""fairness"":""index_0_to_1"",""rb_utilization"":""ratio""}"
1.0.0,smoke-000456,42,poor_channel,tv1_smoke_fixed,456,6.029,5.0,0.0,0.0,0.507815,1.0,25,25,25,25,6029,3703,1,0,"{""throughput_e"":""Mbps"",""delay_u"":""ms"",""drop_u"":""ratio"",""sla_violation"":""ratio"",""fairness"":""index_0_to_1"",""rb_utilization"":""ratio""}"
1.0.0,smoke-000457,42,poor_channel,tv1_smoke_fixed,457,6.029,4.5,0.0,0.0,0.508376,1.0,25,25,25,25,6029,3703,2,0,"{""throughput_e"":""Mbps"",""delay_u"":""ms"",""drop_u"":""ratio"",""sla_violation"":""ratio"",""fairness"":""index_0_to_1"",""rb_utilization"":""ratio""}"
1.0.0,smoke-000458,42,poor_channel,tv1_smoke_fixed,458,6.029,5.0,0.666667,0.666667,0.509964,1.0,25,25,25,25,6029,3703,1,2,"{""throughput_e"":""Mbps"",""delay_u"":""ms"",""drop_u"":""ratio"",""sla_violation"":""ratio"",""fairness"":""index_0_to_1"",""rb_utilization"":""ratio""}"
1.0.0,smoke-000459,42,poor_channel,tv1_smoke_fixed,459,6.029,4.0,0.0,0.0,0.507184,1.0,25,25,25,25,6029,3703,1,0,"{""throughput_e"":""Mbps"",""delay_u"":""ms"",""drop_u"":""ratio"",""sla_violation"":""ratio"",""fairness"":""index_0_to_1"",""rb_utilization"":""ratio""}"
1.0.0,smoke-000460,42,poor_channel,tv1_smoke_fixed,460,6.029,5.0,0.0,0.0,0.509,1.0,25,25,25,25,6029,2762,1,0,"{""throughput_e"":""Mbps"",""delay_u"":""ms"",""drop_u"":""ratio"",""sla_violation"":""ratio"",""fairness"":""index_0_to_1"",""rb_utilization"":""ratio""}"
1.0.0,smoke-000461,42,poor_channel,tv1_smoke_fixed,461,6.029,5.0,0.5,0.5,0.508878,1.0,25,25,25,25,6029,2762,1,1,"{""throughput_e"":""Mbps"",""delay_u"":""ms"",""drop_u"":""ratio"",""sla_violation"":""ratio"",""fairness"":""index_0_to_1"",""rb_utilization"":""ratio""}"
1.0.0,smoke-000462,42,poor_channel,tv1_smoke_fixed,462,6.029,5.0,0.666667,0.666667,0.50715,1.0,25,25,25,25,6029,3703,1,2,"{""throughput_e"":""Mbps"",""delay_u"":""ms"",""drop_u"":""ratio"",""sla_violation"":""ratio"",""fairness"":""index_0_to_1"",""rb_utilization"":""ratio""}"
1.0.0,smoke-000463,42,poor_channel,tv1_smoke_fixed,463,6.029,4.0,0.0,0.0,0.505103,1.0,25,25,25,25,6029,3703,1,0,"{""throughput_e"":""Mbps"",""delay_u"":""ms"",""drop_u"":""ratio"",""sla_violation"":""ratio"",""fairness"":""index_0_to_1"",""rb_utilization"":""ratio""}"
1.0.0,smoke-000464,42,poor_channel,tv1_smoke_fixed,464,6.029,4.0,0.0,0.0,0.504641,1.0,25,25,25,25,6029,3703,1,0,"{""throughput_e"":""Mbps"",""delay_u"":""ms"",""drop_u"":""ratio"",""sla_violation"":""ratio"",""fairness"":""index_0_to_1"",""rb_utilization"":""ratio""}"
1.0.0,smoke-000465,42,poor_channel,tv1_smoke_fixed,465,6.029,4.0,0.0,0.0,0.502517,1.0,25,25,25,25,6029,4651,2,0,"{""throughput_e"":""Mbps"",""delay_u"":""ms"",""drop_u"":""ratio"",""sla_violation"":""ratio"",""fairness"":""index_0_to_1"",""rb_utilization"":""ratio""}"
1.0.0,smoke-000466,42,poor_channel,tv1_smoke_fixed,466,6.029,3.5,0.0,0.0,0.502327,1.0,25,25,25,25,6029,3703,2,0,"{""throughput_e"":""Mbps"",""delay_u"":""ms"",""drop_u"":""ratio"",""sla_violation"":""ratio"",""fairness"":""index_0_to_1"",""rb_utilization"":""ratio""}"
1.0.0,smoke-000467,42,poor_channel,tv1_smoke_fixed,467,6.029,2.0,0.0,0.0,0.50187,1.0,25,25,25,25,6029,3703,1,0,"{""throughput_e"":""Mbps"",""delay_u"":""ms"",""drop_u"":""ratio"",""sla_violation"":""ratio"",""fairness"":""index_0_to_1"",""rb_utilization"":""ratio""}"
1.0.0,smoke-000468,42,poor_channel,tv1_smoke_fixed,468,6.029,2.0,0.0,0.0,0.503255,1.0,25,25,25,25,6029,2762,1,0,"{""throughput_e"":""Mbps"",""delay_u"":""ms"",""drop_u"":""ratio"",""sla_violation"":""ratio"",""fairness"":""index_0_to_1"",""rb_utilization"":""ratio""}"
1.0.0,smoke-000469,42,poor_channel,tv1_smoke_fixed,469,6.029,2.0,0.0,0.0,0.504498,1.0,25,25,25,25,6029,2762,1,0,"{""throughput_e"":""Mbps"",""delay_u"":""ms"",""drop_u"":""ratio"",""sla_violation"":""ratio"",""fairness"":""index_0_to_1"",""rb_utilization"":""ratio""}"
1.0.0,smoke-000470,42,poor_channel,tv1_smoke_fixed,470,6.029,3.0,0.0,0.0,0.505733,1.0,25,25,25,25,6029,2762,1,0,"{""throughput_e"":""Mbps"",""delay_u"":""ms"",""drop_u"":""ratio"",""sla_violation"":""ratio"",""fairness"":""index_0_to_1"",""rb_utilization"":""ratio""}"
1.0.0,smoke-000471,42,poor_channel,tv1_smoke_fixed,471,6.029,3.0,0.0,0.0,0.505617,1.0,25,25,25,25,6029,2762,1,0,"{""throughput_e"":""Mbps"",""delay_u"":""ms"",""drop_u"":""ratio"",""sla_violation"":""ratio"",""fairness"":""index_0_to_1"",""rb_utilization"":""ratio""}"
1.0.0,smoke-000472,42,poor_channel,tv1_smoke_fixed,472,6.029,3.5,0.0,0.0,0.505114,1.0,25,25,25,25,6029,3703,2,0,"{""throughput_e"":""Mbps"",""delay_u"":""ms"",""drop_u"":""ratio"",""sla_violation"":""ratio"",""fairness"":""index_0_to_1"",""rb_utilization"":""ratio""}"
1.0.0,smoke-000473,42,poor_channel,tv1_smoke_fixed,473,6.029,4.0,0.0,0.0,0.507672,1.0,25,25,25,25,6029,3703,1,0,"{""throughput_e"":""Mbps"",""delay_u"":""ms"",""drop_u"":""ratio"",""sla_violation"":""ratio"",""fairness"":""index_0_to_1"",""rb_utilization"":""ratio""}"
1.0.0,smoke-000474,42,poor_channel,tv1_smoke_fixed,474,4.651,3.5,0.0,0.0,0.504432,1.0,25,25,25,25,4651,4651,2,0,"{""throughput_e"":""Mbps"",""delay_u"":""ms"",""drop_u"":""ratio"",""sla_violation"":""ratio"",""fairness"":""index_0_to_1"",""rb_utilization"":""ratio""}"
1.0.0,smoke-000475,42,poor_channel,tv1_smoke_fixed,475,4.651,3.5,0.0,0.0,0.50392,1.0,25,25,25,25,4651,4651,2,0,"{""throughput_e"":""Mbps"",""delay_u"":""ms"",""drop_u"":""ratio"",""sla_violation"":""ratio"",""fairness"":""index_0_to_1"",""rb_utilization"":""ratio""}"
1.0.0,smoke-000476,42,poor_channel,tv1_smoke_fixed,476,4.651,4.0,0.0,0.0,0.504028,1.0,25,25,25,25,4651,4651,2,0,"{""throughput_e"":""Mbps"",""delay_u"":""ms"",""drop_u"":""ratio"",""sla_violation"":""ratio"",""fairness"":""index_0_to_1"",""rb_utilization"":""ratio""}"
1.0.0,smoke-000477,42,poor_channel,tv1_smoke_fixed,477,4.651,5.0,0.0,0.0,0.503651,1.0,25,25,25,25,4651,3703,1,0,"{""throughput_e"":""Mbps"",""delay_u"":""ms"",""drop_u"":""ratio"",""sla_violation"":""ratio"",""fairness"":""index_0_to_1"",""rb_utilization"":""ratio""}"
1.0.0,smoke-000478,42,poor_channel,tv1_smoke_fixed,478,3.703,5.0,0.0,0.0,0.505163,1.0,25,25,25,25,3703,2762,1,0,"{""throughput_e"":""Mbps"",""delay_u"":""ms"",""drop_u"":""ratio"",""sla_violation"":""ratio"",""fairness"":""index_0_to_1"",""rb_utilization"":""ratio""}"
1.0.0,smoke-000479,42,poor_channel,tv1_smoke_fixed,479,3.703,4.5,0.0,0.0,0.503185,1.0,25,25,25,25,3703,3703,2,0,"{""throughput_e"":""Mbps"",""delay_u"":""ms"",""drop_u"":""ratio"",""sla_violation"":""ratio"",""fairness"":""index_0_to_1"",""rb_utilization"":""ratio""}"
1.0.0,smoke-000480,42,poor_channel,tv1_smoke_fixed,480,4.651,5.0,0.0,0.0,0.503869,1.0,25,25,25,25,4651,2762,1,0,"{""throughput_e"":""Mbps"",""delay_u"":""ms"",""drop_u"":""ratio"",""sla_violation"":""ratio"",""fairness"":""index_0_to_1"",""rb_utilization"":""ratio""}"
1.0.0,smoke-000481,42,poor_channel,tv1_smoke_fixed,481,4.651,4.0,0.0,0.0,0.502756,1.0,25,25,25,25,4651,2762,1,0,"{""throughput_e"":""Mbps"",""delay_u"":""ms"",""drop_u"":""ratio"",""sla_violation"":""ratio"",""fairness"":""index_0_to_1"",""rb_utilization"":""ratio""}"
1.0.0,smoke-000482,42,poor_channel,tv1_smoke_fixed,482,3.703,5.0,0.5,0.5,0.502942,1.0,25,25,25,25,3703,2762,1,1,"{""throughput_e"":""Mbps"",""delay_u"":""ms"",""drop_u"":""ratio"",""sla_violation"":""ratio"",""fairness"":""index_0_to_1"",""rb_utilization"":""ratio""}"
1.0.0,smoke-000483,42,poor_channel,tv1_smoke_fixed,483,3.703,2.0,0.0,0.0,0.50244,1.0,25,25,25,25,3703,2762,1,0,"{""throughput_e"":""Mbps"",""delay_u"":""ms"",""drop_u"":""ratio"",""sla_violation"":""ratio"",""fairness"":""index_0_to_1"",""rb_utilization"":""ratio""}"
1.0.0,smoke-000484,42,poor_channel,tv1_smoke_fixed,484,4.651,3.0,0.0,0.0,0.50222,1.0,25,25,25,25,4651,3703,1,0,"{""throughput_e"":""Mbps"",""delay_u"":""ms"",""drop_u"":""ratio"",""sla_violation"":""ratio"",""fairness"":""index_0_to_1"",""rb_utilization"":""ratio""}"
1.0.0,smoke-000485,42,poor_channel,tv1_smoke_fixed,485,4.651,3.0,0.0,0.0,0.502634,1.0,25,25,25,25,4651,3703,1,0,"{""throughput_e"":""Mbps"",""delay_u"":""ms"",""drop_u"":""ratio"",""sla_violation"":""ratio"",""fairness"":""index_0_to_1"",""rb_utilization"":""ratio""}"
1.0.0,smoke-000486,42,poor_channel,tv1_smoke_fixed,486,3.703,2.5,0.0,0.0,0.503254,1.0,25,25,25,25,3703,2762,2,0,"{""throughput_e"":""Mbps"",""delay_u"":""ms"",""drop_u"":""ratio"",""sla_violation"":""ratio"",""fairness"":""index_0_to_1"",""rb_utilization"":""ratio""}"
1.0.0,smoke-000487,42,poor_channel,tv1_smoke_fixed,487,3.703,3.0,0.0,0.0,0.50641,1.0,25,25,25,25,3703,2762,1,0,"{""throughput_e"":""Mbps"",""delay_u"":""ms"",""drop_u"":""ratio"",""sla_violation"":""ratio"",""fairness"":""index_0_to_1"",""rb_utilization"":""ratio""}"
1.0.0,smoke-000488,42,poor_channel,tv1_smoke_fixed,488,2.762,0.0,0.0,0.0,0.509519,1.0,25,25,25,25,2762,1895,0,0,"{""throughput_e"":""Mbps"",""delay_u"":""ms"",""drop_u"":""ratio"",""sla_violation"":""ratio"",""fairness"":""index_0_to_1"",""rb_utilization"":""ratio""}"
1.0.0,smoke-000489,42,poor_channel,tv1_smoke_fixed,489,2.762,4.0,0.0,0.0,0.50885,1.0,25,25,25,25,2762,1895,1,0,"{""throughput_e"":""Mbps"",""delay_u"":""ms"",""drop_u"":""ratio"",""sla_violation"":""ratio"",""fairness"":""index_0_to_1"",""rb_utilization"":""ratio""}"
1.0.0,smoke-000490,42,poor_channel,tv1_smoke_fixed,490,2.762,5.0,0.0,0.0,0.506217,1.0,25,25,25,25,2762,2762,1,0,"{""throughput_e"":""Mbps"",""delay_u"":""ms"",""drop_u"":""ratio"",""sla_violation"":""ratio"",""fairness"":""index_0_to_1"",""rb_utilization"":""ratio""}"
1.0.0,smoke-000491,42,poor_channel,tv1_smoke_fixed,491,2.762,5.0,0.8,0.8,0.506158,1.0,25,25,25,25,2762,2762,1,4,"{""throughput_e"":""Mbps"",""delay_u"":""ms"",""drop_u"":""ratio"",""sla_violation"":""ratio"",""fairness"":""index_0_to_1"",""rb_utilization"":""ratio""}"
1.0.0,smoke-000492,42,poor_channel,tv1_smoke_fixed,492,1.895,0.0,1.0,1.0,0.503575,1.0,25,25,25,25,1895,1895,0,4,"{""throughput_e"":""Mbps"",""delay_u"":""ms"",""drop_u"":""ratio"",""sla_violation"":""ratio"",""fairness"":""index_0_to_1"",""rb_utilization"":""ratio""}"
1.0.0,smoke-000493,42,poor_channel,tv1_smoke_fixed,493,1.895,0.0,0.0,0.0,0.501784,1.0,25,25,25,25,1895,1895,0,0,"{""throughput_e"":""Mbps"",""delay_u"":""ms"",""drop_u"":""ratio"",""sla_violation"":""ratio"",""fairness"":""index_0_to_1"",""rb_utilization"":""ratio""}"
1.0.0,smoke-000494,42,poor_channel,tv1_smoke_fixed,494,1.895,5.0,0.0,0.0,0.503713,1.0,25,25,25,25,1895,1895,1,0,"{""throughput_e"":""Mbps"",""delay_u"":""ms"",""drop_u"":""ratio"",""sla_violation"":""ratio"",""fairness"":""index_0_to_1"",""rb_utilization"":""ratio""}"
1.0.0,smoke-000495,42,poor_channel,tv1_smoke_fixed,495,1.895,5.0,0.0,0.0,0.503268,1.0,25,25,25,25,1895,1895,1,0,"{""throughput_e"":""Mbps"",""delay_u"":""ms"",""drop_u"":""ratio"",""sla_violation"":""ratio"",""fairness"":""index_0_to_1"",""rb_utilization"":""ratio""}"
1.0.0,smoke-000496,42,poor_channel,tv1_smoke_fixed,496,1.895,0.0,0.0,0.0,0.506392,1.0,25,25,25,25,1895,1187,0,0,"{""throughput_e"":""Mbps"",""delay_u"":""ms"",""drop_u"":""ratio"",""sla_violation"":""ratio"",""fairness"":""index_0_to_1"",""rb_utilization"":""ratio""}"
1.0.0,smoke-000497,42,poor_channel,tv1_smoke_fixed,497,1.895,5.0,0.0,0.0,0.505939,1.0,25,25,25,25,1895,1187,1,0,"{""throughput_e"":""Mbps"",""delay_u"":""ms"",""drop_u"":""ratio"",""sla_violation"":""ratio"",""fairness"":""index_0_to_1"",""rb_utilization"":""ratio""}"
1.0.0,smoke-000498,42,poor_channel,tv1_smoke_fixed,498,2.762,0.0,1.0,1.0,0.510733,1.0,25,25,25,25,2762,1187,0,4,"{""throughput_e"":""Mbps"",""delay_u"":""ms"",""drop_u"":""ratio"",""sla_violation"":""ratio"",""fairness"":""index_0_to_1"",""rb_utilization"":""ratio""}"
1.0.0,smoke-000499,42,poor_channel,tv1_smoke_fixed,499,2.762,0.0,0.0,0.0,0.515359,1.0,25,25,25,25,2762,738,0,0,"{""throughput_e"":""Mbps"",""delay_u"":""ms"",""drop_u"":""ratio"",""sla_violation"":""ratio"",""fairness"":""index_0_to_1"",""rb_utilization"":""ratio""}"
