schema_version,request_id,seed,scenario_id,algorithm,time_slot,throughput_e,delay_u,drop_u,sla_violation,fairness,rb_utilization,allocated_embb_rb,allocated_urllc_rb,used_embb_rb,used_urllc_rb,served_embb_bits,served_urllc_bits,completed_urllc_packets,dropped_urllc_packets,units
1.0.0,smoke-000000,42,stable_load,tv1_smoke_fixed,0,10.465,1.0,0.0,0.0,0.937096,0.72,25,25,25,11,10465,2560,1,0,"{""throughput_e"":""Mbps"",""delay_u"":""ms"",""drop_u"":""ratio"",""sla_violation"":""ratio"",""fairness"":""index_0_to_1"",""rb_utilization"":""ratio""}"
1.0.0,smoke-000001,42,stable_load,tv1_smoke_fixed,1,10.465,1.0,0.0,0.0,0.967342,1.0,25,25,25,25,10465,4651,1,0,"{""throughput_e"":""Mbps"",""delay_u"":""ms"",""drop_u"":""ratio"",""sla_violation"":""ratio"",""fairness"":""index_0_to_1"",""rb_utilization"":""ratio""}"
1.0.0,smoke-000002,42,stable_load,tv1_smoke_fixed,2,10.465,2.0,0.0,0.0,0.793435,0.76,25,25,25,13,10465,3029,2,0,"{""throughput_e"":""Mbps"",""delay_u"":""ms"",""drop_u"":""ratio"",""sla_violation"":""ratio"",""fairness"":""index_0_to_1"",""rb_utilization"":""ratio""}"
1.0.0,smoke-000003,42,stable_load,tv1_smoke_fixed,3,10.465,1.0,0.0,0.0,0.744977,0.72,25,25,25,11,10465,2560,1,0,"{""throughput_e"":""Mbps"",""delay_u"":""ms"",""drop_u"":""ratio"",""sla_violation"":""ratio"",""fairness"":""index_0_to_1"",""rb_utilization"":""ratio""}"
1.0.0,smoke-000004,42,stable_load,tv1_smoke_fixed,4,10.465,1.0,0.0,0.0,0.707338,0.72,25,25,25,11,10465,2560,1,0,"{""throughput_e"":""Mbps"",""delay_u"":""ms"",""drop_u"":""ratio"",""sla_violation"":""ratio"",""fairness"":""index_0_to_1"",""rb_utilization"":""ratio""}"
1.0.0,smoke-000005,42,stable_load,tv1_smoke_fixed,5,10.465,1.0,0.0,0.0,0.675314,0.94,25,25,25,22,10465,5120,2,0,"{""throughput_e"":""Mbps"",""delay_u"":""ms"",""drop_u"":""ratio"",""sla_violation"":""ratio"",""fairness"":""index_0_to_1"",""rb_utilization"":""ratio""}"
1.0.0,smoke-000006,42,stable_load,tv1_smoke_fixed,6,10.465,1.0,0.0,0.0,0.654381,0.72,25,25,25,11,10465,2560,1,0,"{""throughput_e"":""Mbps"",""delay_u"":""ms"",""drop_u"":""ratio"",""sla_violation"":""ratio"",""fairness"":""index_0_to_1"",""rb_utilization"":""ratio""}"
1.0.0,smoke-000007,42,stable_load,tv1_smoke_fixed,7,10.465,1.0,0.0,0.0,0.643321,0.94,25,25,25,22,10465,5120,2,0,"{""throughput_e"":""Mbps"",""delay_u"":""ms"",""drop_u"":""ratio"",""sla_violation"":""ratio"",""fairness"":""index_0_to_1"",""rb_utilization"":""ratio""}"
1.0.0,smoke-000008,42,stable_load,tv1_smoke_fixed,8,8.601,1.0,0.0,0.0,0.605846,1.0,25,25,25,25,8601,7579,2,0,"{""throughput_e"":""Mbps"",""delay_u"":""ms"",""drop_u"":""ratio"",""sla_violation"":""ratio"",""fairness"":""index_0_to_1"",""rb_utilization"":""ratio""}"
1.0.0,smoke-000009,42,stable_load,tv1_smoke_fixed,9,7.579,1.333333,0.0,0.0,0.581416,0.86,25,25,25,18,7579,5221,3,0,"{""throughput_e"":""Mbps"",""delay_u"":""ms"",""drop_u"":""ratio"",""sla_violation"":""ratio"",""fairness"":""index_0_to_1"",""rb_utilization"":""ratio""}"
1.0.0,smoke-000010,42,stable_load,tv1_smoke_fixed,10,8.601,1.0,0.0,0.0,0.58331,1.0,25,25,25,25,8601,7579,2,0,"{""throughput_e"":""Mbps"",""delay_u"":""ms"",""drop_u"":""ratio"",""sla_violation"":""ratio"",""fairness"":""index_0_to_1"",""rb_utilization"":""ratio""}"
1.0.0,smoke-000011,42,stable_load,tv1_smoke_fixed,11,8.601,1.5,0.0,0.0,0.576713,0.68,25,25,25,9,8601,2661,2,0,"{""throughput_e"":""Mbps"",""delay_u"":""ms"",""drop_u"":""ratio"",""sla_violation"":""ratio"",""fairness"":""index_0_to_1"",""rb_utilization"":""ratio""}"
1.0.0,smoke-000012,42,stable_load,tv1_smoke_fixed,12,10.465,0.0,0.0,0.0,0.585281,0.5,25,25,25,0,10465,0,0,0,"{""throughput_e"":""Mbps"",""delay_u"":""ms"",""drop_u"":""ratio"",""sla_violation"":""ratio"",""fairness"":""index_0_to_1"",""rb_utilization"":""ratio""}"
1.0.0,smoke-000013,42,stable_load,tv1_smoke_fixed,13,10.465,1.0,0.0,0.0,0.580059,0.68,25,25,25,9,10465,2560,1,0,"{""throughput_e"":""Mbps"",""delay_u"":""ms"",""drop_u"":""ratio"",""sla_violation"":""ratio"",""fairness"":""index_0_to_1"",""rb_utilization"":""ratio""}"
1.0.0,smoke-000014,42,stable_load,tv1_smoke_fixed,14,10.465,0.0,0.0,0.0,0.576244,0.5,25,25,25,0,10465,0,0,0,"{""throughput_e"":""Mbps"",""delay_u"":""ms"",""drop_u"":""ratio"",""sla_violation"":""ratio"",""fairness"":""index_0_to_1"",""rb_utilization"":""ratio""}"
1.0.0,smoke-000015,42,stable_load,tv1_smoke_fixed,15,10.465,1.0,0.0,0.0,0.571763,0.8,25,25,25,15,10465,5120,2,0,"{""throughput_e"":""Mbps"",""delay_u"":""ms"",""drop_u"":""ratio"",""sla_violation"":""ratio"",""fairness"":""index_0_to_1"",""rb_utilization"":""ratio""}"
1.0.0,smoke-000016,42,stable_load,tv1_smoke_fixed,16,10.465,1.0,0.0,0.0,0.56857,0.66,25,25,25,8,10465,2560,1,0,"{""throughput_e"":""Mbps"",""delay_u"":""ms"",""drop_u"":""ratio"",""sla_violation"":""ratio"",""fairness"":""index_0_to_1"",""rb_utilization"":""ratio""}"
1.0.0,smoke-000017,42,stable_load,tv1_smoke_fixed,17,10.465,1.0,0.0,0.0,0.566462,1.0,25,25,25,25,10465,7579,2,0,"{""throughput_e"":""Mbps"",""delay_u"":""ms"",""drop_u"":""ratio"",""sla_violation"":""ratio"",""fairness"":""index_0_to_1"",""rb_utilization"":""ratio""}"
1.0.0,smoke-000018,42,stable_load,tv1_smoke_fixed,18,10.465,1.5,0.0,0.0,0.563082,0.74,25,25,25,12,10465,2661,2,0,"{""throughput_e"":""Mbps"",""delay_u"":""ms"",""drop_u"":""ratio"",""sla_violation"":""ratio"",""fairness"":""index_0_to_1"",""rb_utilization"":""ratio""}"
1.0.0,smoke-000019,42,stable_load,tv1_smoke_fixed,19,10.465,0.0,0.0,0.0,0.561283,0.5,25,25,25,0,10465,0,0,0,"{""throughput_e"":""Mbps"",""delay_u"":""ms"",""drop_u"":""ratio"",""sla_violation"":""ratio"",""fairness"":""index_0_to_1"",""rb_utilization"":""ratio""}"
1.0.0,smoke-000020,42,stable_load,tv1_smoke_fixed,20,10.465,0.0,0.0,0.0,0.558858,0.5,25,25,25,0,10465,0,0,0,"{""throughput_e"":""Mbps"",""delay_u"":""ms"",""drop_u"":""ratio"",""sla_violation"":""ratio"",""fairness"":""index_0_to_1"",""rb_utilization"":""ratio""}"
1.0.0,smoke-000021,42,stable_load,tv1_smoke_fixed,21,10.465,1.0,0.0,0.0,0.571379,1.0,25,25,25,25,10465,6029,2,0,"{""throughput_e"":""Mbps"",""delay_u"":""ms"",""drop_u"":""ratio"",""sla_violation"":""ratio"",""fairness"":""index_0_to_1"",""rb_utilization"":""ratio""}"
1.0.0,smoke-000022,42,stable_load,tv1_smoke_fixed,22,10.465,1.5,0.0,0.0,0.554711,0.96,25,25,25,23,10465,4211,2,0,"{""throughput_e"":""Mbps"",""delay_u"":""ms"",""drop_u"":""ratio"",""sla_violation"":""ratio"",""fairness"":""index_0_to_1"",""rb_utilization"":""ratio""}"
1.0.0,smoke-000023,42,stable_load,tv1_smoke_fixed,23,10.465,1.0,0.0,0.0,0.552113,0.78,25,25,25,14,10465,2560,1,0,"{""throughput_e"":""Mbps"",""delay_u"":""ms"",""drop_u"":""ratio"",""sla_violation"":""ratio"",""fairness"":""index_0_to_1"",""rb_utilization"":""ratio""}"
1.0.0,smoke-000024,42,stable_load,tv1_smoke_fixed,24,10.465,1.0,0.0,0.0,0.550272,0.94,25,25,25,22,10465,5120,2,0,"{""throughput_e"":""Mbps"",""delay_u"":""ms"",""drop_u"":""ratio"",""sla_violation"":""ratio"",""fairness"":""index_0_to_1"",""rb_utilization"":""ratio""}"
1.0.0,smoke-000025,42,stable_load,tv1_smoke_fixed,25,8.601,1.0,0.0,0.0,0.539545,0.94,25,25,25,22,8601,5120,2,0,"{""throughput_e"":""Mbps"",""delay_u"":""ms"",""drop_u"":""ratio"",""sla_violation"":""ratio"",""fairness"":""index_0_to_1"",""rb_utilization"":""ratio""}"
1.0.0,smoke-000026,42,stable_load,tv1_smoke_fixed,26,8.601,1.0,0.0,0.0,0.537794,0.94,25,25,25,22,8601,5120,2,0,"{""throughput_e"":""Mbps"",""delay_u"":""ms"",""drop_u"":""ratio"",""sla_violation"":""ratio"",""fairness"":""index_0_to_1"",""rb_utilization"":""ratio""}"
1.0.0,smoke-000027,42,stable_load,tv1_smoke_fixed,27,8.601,0.0,0.0,0.0,0.536265,0.5,25,25,25,0,8601,0,0,0,"{""throughput_e"":""Mbps"",""delay_u"":""ms"",""drop_u"":""ratio"",""sla_violation"":""ratio"",""fairness"":""index_0_to_1"",""rb_utilization"":""ratio""}"
1.0.0,smoke-000028,42,stable_load,tv1_smoke_fixed,28,8.601,1.0,0.0,0.0,0.545074,1.0,25,25,25,25,8601,6029,2,0,"{""throughput_e"":""Mbps"",""delay_u"":""ms"",""drop_u"":""ratio"",""sla_violation"":""ratio"",""fairness"":""index_0_to_1"",""rb_utilization"":""ratio""}"
1.0.0,smoke-000029,42,stable_load,tv1_smoke_fixed,29,8.601,1.5,0.0,0.0,0.551987,1.0,25,25,25,25,8601,6029,2,0,"{""throughput_e"":""Mbps"",""delay_u"":""ms"",""drop_u"":""ratio"",""sla_violation"":""ratio"",""fairness"":""index_0_to_1"",""rb_utilization"":""ratio""}"
1.0.0,smoke-000030,42,stable_load,tv1_smoke_fixed,30,8.601,1.666667,0.0,0.0,0.532508,0.9,25,25,25,20,8601,5862,3,0,"{""throughput_e"":""Mbps"",""delay_u"":""ms"",""drop_u"":""ratio"",""sla_violation"":""ratio"",""fairness"":""index_0_to_1"",""rb_utilization"":""ratio""}"
1.0.0,smoke-000031,42,stable_load,tv1_smoke_fixed,31,10.465,1.0,0.0,0.0,0.538258,0.84,25,25,25,17,10465,5120,2,0,"{""throughput_e"":""Mbps"",""delay_u"":""ms"",""drop_u"":""ratio"",""sla_violation"":""ratio"",""fairness"":""index_0_to_1"",""rb_utilization"":""ratio""}"
1.0.0,smoke-000032,42,stable_load,tv1_smoke_fixed,32,10.465,1.0,0.0,0.0,0.537855,1.0,25,25,25,25,10465,7579,2,0,"{""throughput_e"":""Mbps"",""delay_u"":""ms"",""drop_u"":""ratio"",""sla_violation"":""ratio"",""fairness"":""index_0_to_1"",""rb_utilization"":""ratio""}"
1.0.0,smoke-000033,42,stable_load,tv1_smoke_fixed,33,10.465,1.5,0.0,0.0,0.536382,0.68,25,25,25,9,10465,2661,2,0,"{""throughput_e"":""Mbps"",""delay_u"":""ms"",""drop_u"":""ratio"",""sla_violation"":""ratio"",""fairness"":""index_0_to_1"",""rb_utilization"":""ratio""}"
1.0.0,smoke-000034,42,stable_load,tv1_smoke_fixed,34,8.601,1.0,0.0,0.0,0.529137,0.84,25,25,25,17,8601,5120,2,0,"{""throughput_e"":""Mbps"",""delay_u"":""ms"",""drop_u"":""ratio"",""sla_violation"":""ratio"",""fairness"":""index_0_to_1"",""rb_utilization"":""ratio""}"
1.0.0,smoke-000035,42,stable_load,tv1_smoke_fixed,35,8.601,1.0,0.0,0.0,0.528412,0.68,25,25,25,9,8601,2560,1,0,"{""throughput_e"":""Mbps"",""delay_u"":""ms"",""drop_u"":""ratio"",""sla_violation"":""ratio"",""fairness"":""index_0_to_1"",""rb_utilization"":""ratio""}"
1.0.0,smoke-000036,42,stable_load,tv1_smoke_fixed,36,10.465,1.0,0.0,0.0,0.533222,0.84,25,25,25,17,10465,5120,2,0,"{""throughput_e"":""Mbps"",""delay_u"":""ms"",""drop_u"":""ratio"",""sla_violation"":""ratio"",""fairness"":""index_0_to_1"",""rb_utilization"":""ratio""}"
1.0.0,smoke-000037,42,stable_load,tv1_smoke_fixed,37,10.465,1.0,0.0,0.0,0.53258,0.84,25,25,25,17,10465,5120,2,0,"{""throughput_e"":""Mbps"",""delay_u"":""ms"",""drop_u"":""ratio"",""sla_violation"":""ratio"",""fairness"":""index_0_to_1"",""rb_utilization"":""ratio""}"
1.0.0,smoke-000038,42,stable_load,tv1_smoke_fixed,38,8.601,1.0,0.0,0.0,0.526218,0.84,25,25,25,17,8601,5120,2,0,"{""throughput_e"":""Mbps"",""delay_u"":""ms"",""drop_u"":""ratio"",""sla_violation"":""ratio"",""fairness"":""index_0_to_1"",""rb_utilization"":""ratio""}"
1.0.0,smoke-000039,42,stable_load,tv1_smoke_fixed,39,8.601,1.0,0.0,0.0,0.525484,0.84,25,25,25,17,8601,5120,2,0,"{""throughput_e"":""Mbps"",""delay_u"":""ms"",""drop_u"":""ratio"",""sla_violation"":""ratio"",""fairness"":""index_0_to_1"",""rb_utilization"":""ratio""}"
1.0.0,smoke-000040,42,stable_load,tv1_smoke_fixed,40,8.601,0.0,0.0,0.0,0.524716,0.5,25,25,25,0,8601,0,0,0,"{""throughput_e"":""Mbps"",""delay_u"":""ms"",""drop_u"":""ratio"",""sla_violation"":""ratio"",""fairness"":""index_0_to_1"",""rb_utilization"":""ratio""}"
1.0.0,smoke-000041,42,stable_load,tv1_smoke_fixed,41,8.601,1.0,0.0,0.0,0.524143,0.94,25,25,25,22,8601,5120,2,0,"{""throughput_e"":""Mbps"",""delay_u"":""ms"",""drop_u"":""ratio"",""sla_violation"":""ratio"",""fairness"":""index_0_to_1"",""rb_utilization"":""ratio""}"
1.0.0,smoke-000042,42,stable_load,tv1_smoke_fixed,42,8.601,1.0,0.0,0.0,0.523642,0.94,25,25,25,22,8601,5120,2,0,"{""throughput_e"":""Mbps"",""delay_u"":""ms"",""drop_u"":""ratio"",""sla_violation"":""ratio"",""fairness"":""index_0_to_1"",""rb_utilization"":""ratio""}"
1.0.0,smoke-000043,42,stable_load,tv1_smoke_fixed,43,8.601,0.0,0.0,0.0,0.522771,0.5,25,25,25,0,8601,0,0,0,"{""throughput_e"":""Mbps"",""delay_u"":""ms"",""drop_u"":""ratio"",""sla_violation"":""ratio"",""fairness"":""index_0_to_1"",""rb_utilization"":""ratio""}"
1.0.0,smoke-000044,42,stable_load,tv1_smoke_fixed,44,8.601,1.0,0.0,0.0,0.522206,0.72,25,25,25,11,8601,2560,1,0,"{""throughput_e"":""Mbps"",""delay_u"":""ms"",""drop_u"":""ratio"",""sla_violation"":""ratio"",""fairness"":""index_0_to_1"",""rb_utilization"":""ratio""}"
1.0.0,smoke-000045,42,stable_load,tv1_smoke_fixed,45,7.579,0.0,0.0,0.0,0.519041,0.5,25,25,25,0,7579,0,0,0,"{""throughput_e"":""Mbps"",""delay_u"":""ms"",""drop_u"":""ratio"",""sla_violation"":""ratio"",""fairness"":""index_0_to_1"",""rb_utilization"":""ratio""}"
1.0.0,smoke-000046,42,stable_load,tv1_smoke_fixed,46,8.601,1.0,0.0,0.0,0.520958,0.78,25,25,25,14,8601,2560,1,0,"{""throughput_e"":""Mbps"",""delay_u"":""ms"",""drop_u"":""ratio"",""sla_violation"":""ratio"",""fairness"":""index_0_to_1"",""rb_utilization"":""ratio""}"
1.0.0,smoke-000047,42,stable_load,tv1_smoke_fixed,47,8.601,1.0,0.0,0.0,0.520444,0.72,25,25,25,11,8601,2560,1,0,"{""throughput_e"":""Mbps"",""delay_u"":""ms"",""drop_u"":""ratio"",""sla_violation"":""ratio"",""fairness"":""index_0_to_1"",""rb_utilization"":""ratio""}"
1.0.0,smoke-000048,42,stable_load,tv1_smoke_fixed,48,8.601,0.0,0.0,0.0,0.51999,0.5,25,25,25,0,8601,0,0,0,"{""throughput_e"":""Mbps"",""delay_u"":""ms"",""drop_u"":""ratio"",""sla_violation"":""ratio"",""fairness"":""index_0_to_1"",""rb_utilization"":""ratio""}"
1.0.0,smoke-000049,42,stable_load,tv1_smoke_fixed,49,8.601,0.0,0.0,0.0,0.519464,0.5,25,25,25,0,8601,0,0,0,"{""throughput_e"":""Mbps"",""delay_u"":""ms"",""drop_u"":""ratio"",""sla_violation"":""ratio"",""fairness"":""index_0_to_1"",""rb_utilization"":""ratio""}"
1.0.0,smoke-000050,42,stable_load,tv1_smoke_fixed,50,8.601,1.0,0.0,0.0,0.524177,1.0,25,25,25,25,8601,6029,2,0,"{""throughput_e"":""Mbps"",""delay_u"":""ms"",""drop_u"":""ratio"",""sla_violation"":""ratio"",""fairness"":""index_0_to_1"",""rb_utilization"":""ratio""}"
1.0.0,smoke-000051,42,stable_load,tv1_smoke_fixed,51,8.601,2.0,0.0,0.0,0.518629,0.64,25,25,25,7,8601,1651,1,0,"{""throughput_e"":""Mbps"",""delay_u"":""ms"",""drop_u"":""ratio"",""sla_violation"":""ratio"",""fairness"":""index_0_to_1"",""rb_utilization"":""ratio""}"
1.0.0,smoke-000052,42,stable_load,tv1_smoke_fixed,52,7.579,1.0,0.0,0.0,0.527396,1.0,25,25,25,25,7579,6029,2,0,"{""throughput_e"":""Mbps"",""delay_u"":""ms"",""drop_u"":""ratio"",""sla_violation"":""ratio"",""fairness"":""index_0_to_1"",""rb_utilization"":""ratio""}"
1.0.0,smoke-000053,42,stable_load,tv1_smoke_fixed,53,8.601,2.0,0.0,0.0,0.520091,1.0,25,25,25,25,8601,6029,2,0,"{""throughput_e"":""Mbps"",""delay_u"":""ms"",""drop_u"":""ratio"",""sla_violation"":""ratio"",""fairness"":""index_0_to_1"",""rb_utilization"":""ratio""}"
1.0.0,smoke-000054,42,stable_load,tv1_smoke_fixed,54,8.601,2.0,0.0,0.0,0.517522,0.58,25,25,25,4,8601,742,1,0,"{""throughput_e"":""Mbps"",""delay_u"":""ms"",""drop_u"":""ratio"",""sla_violation"":""ratio"",""fairness"":""index_0_to_1"",""rb_utilization"":""ratio""}"
1.0.0,smoke-000055,42,stable_load,tv1_smoke_fixed,55,8.601,1.0,0.0,0.0,0.517222,0.72,25,25,25,11,8601,2560,1,0,"{""throughput_e"":""Mbps"",""delay_u"":""ms"",""drop_u"":""ratio"",""sla_violation"":""ratio"",""fairness"":""index_0_to_1"",""rb_utilization"":""ratio""}"
1.0.0,smoke-000056,42,stable_load,tv1_smoke_fixed,56,8.601,1.0,0.0,0.0,0.521538,1.0,25,25,25,25,8601,6029,2,0,"{""throughput_e"":""Mbps"",""delay_u"":""ms"",""drop_u"":""ratio"",""sla_violation"":""ratio"",""fairness"":""index_0_to_1"",""rb_utilization"":""ratio""}"
1.0.0,smoke-000057,42,stable_load,tv1_smoke_fixed,57,8.601,2.0,0.0,0.0,0.516569,0.64,25,25,25,7,8601,1651,1,0,"{""throughput_e"":""Mbps"",""delay_u"":""ms"",""drop_u"":""ratio"",""sla_violation"":""ratio"",""fairness"":""index_0_to_1"",""rb_utilization"":""ratio""}"
1.0.0,smoke-000058,42,stable_load,tv1_smoke_fixed,58,8.601,1.0,0.0,0.0,0.526716,1.0,25,25,25,25,8601,4651,1,0,"{""throughput_e"":""Mbps"",""delay_u"":""ms"",""drop_u"":""ratio"",""sla_violation"":""ratio"",""fairness"":""index_0_to_1"",""rb_utilization"":""ratio""}"
1.0.0,smoke-000059,42,stable_load,tv1_smoke_fixed,59,8.601,1.666667,0.0,0.0,0.515906,0.98,25,25,25,24,8601,5589,3,0,"{""throughput_e"":""Mbps"",""delay_u"":""ms"",""drop_u"":""ratio"",""sla_violation"":""ratio"",""fairness"":""index_0_to_1"",""rb_utilization"":""ratio""}"
1.0.0,smoke-000060,42,stable_load,tv1_smoke_fixed,60,8.601,1.0,0.0,0.0,0.515646,0.94,25,25,25,22,8601,5120,2,0,"{""throughput_e"":""Mbps"",""delay_u"":""ms"",""drop_u"":""ratio"",""sla_violation"":""ratio"",""fairness"":""index_0_to_1"",""rb_utilization"":""ratio""}"
1.0.0,smoke-000061,42,stable_load,tv1_smoke_fixed,61,8.601,1.0,0.0,0.0,0.515375,0.94,25,25,25,22,8601,5120,2,0,"{""throughput_e"":""Mbps"",""delay_u"":""ms"",""drop_u"":""ratio"",""sla_violation"":""ratio"",""fairness"":""index_0_to_1"",""rb_utilization"":""ratio""}"
1.0.0,smoke-000062,42,stable_load,tv1_smoke_fixed,62,8.601,1.0,0.0,0.0,0.514996,0.94,25,25,25,22,8601,5120,2,0,"{""throughput_e"":""Mbps"",""delay_u"":""ms"",""drop_u"":""ratio"",""sla_violation"":""ratio"",""fairness"":""index_0_to_1"",""rb_utilization"":""ratio""}"
1.0.0,smoke-000063,42,stable_load,tv1_smoke_fixed,63,8.601,1.0,0.0,0.0,0.514787,0.94,25,25,25,22,8601,5120,2,0,"{""throughput_e"":""Mbps"",""delay_u"":""ms"",""drop_u"":""ratio"",""sla_violation"":""ratio"",""fairness"":""index_0_to_1"",""rb_utilization"":""ratio""}"
1.0.0,smoke-000064,42,stable_load,tv1_smoke_fixed,64,8.601,0.0,0.0,0.0,0.514611,0.5,25,25,25,0,8601,0,0,0,"{""throughput_e"":""Mbps"",""delay_u"":""ms"",""drop_u"":""ratio"",""sla_violation"":""ratio"",""fairness"":""index_0_to_1"",""rb_utilization"":""ratio""}"
1.0.0,smoke-000065,42,stable_load,tv1_smoke_fixed,65,8.601,1.0,0.0,0.0,0.514589,1.0,25,25,25,25,8601,7579,2,0,"{""throughput_e"":""Mbps"",""delay_u"":""ms"",""drop_u"":""ratio"",""sla_violation"":""ratio"",""fairness"":""index_0_to_1"",""rb_utilization"":""ratio""}"
1.0.0,smoke-000066,42,stable_load,tv1_smoke_fixed,66,8.601,2.0,0.0,0.0,0.514161,0.52,25,25,25,1,8601,101,1,0,"{""throughput_e"":""Mbps"",""delay_u"":""ms"",""drop_u"":""ratio"",""sla_violation"":""ratio"",""fairness"":""index_0_to_1"",""rb_utilization"":""ratio""}"
1.0.0,smoke-000067,42,stable_load,tv1_smoke_fixed,67,8.601,1.0,0.0,0.0,0.513948,0.84,25,25,25,17,8601,5120,2,0,"{""throughput_e"":""Mbps"",""delay_u"":""ms"",""drop_u"":""ratio"",""sla_violation"":""ratio"",""fairness"":""index_0_to_1"",""rb_utilization"":""ratio""}"
1.0.0,smoke-000068,42,stable_load,tv1_smoke_fixed,68,8.601,1.0,0.0,0.0,0.513689,0.68,25,25,25,9,8601,2560,1,0,"{""throughput_e"":""Mbps"",""delay_u"":""ms"",""drop_u"":""ratio"",""sla_violation"":""ratio"",""fairness"":""index_0_to_1"",""rb_utilization"":""ratio""}"
1.0.0,smoke-000069,42,stable_load,tv1_smoke_fixed,69,8.601,1.0,0.0,0.0,0.513442,0.84,25,25,25,17,8601,5120,2,0,"{""throughput_e"":""Mbps"",""delay_u"":""ms"",""drop_u"":""ratio"",""sla_violation"":""ratio"",""fairness"":""index_0_to_1"",""rb_utilization"":""ratio""}"
1.0.0,smoke-000070,42,stable_load,tv1_smoke_fixed,70,8.601,0.0,0.0,0.0,0.513318,0.5,25,25,25,0,8601,0,0,0,"{""throughput_e"":""Mbps"",""delay_u"":""ms"",""drop_u"":""ratio"",""sla_violation"":""ratio"",""fairness"":""index_0_to_1"",""rb_utilization"":""ratio""}"
1.0.0,smoke-000071,42,stable_load,tv1_smoke_fixed,71,7.579,1.0,0.0,0.0,0.511577,0.68,25,25,25,9,7579,2560,1,0,"{""throughput_e"":""Mbps"",""delay_u"":""ms"",""drop_u"":""ratio"",""sla_violation"":""ratio"",""fairness"":""index_0_to_1"",""rb_utilization"":""ratio""}"
1.0.0,smoke-000072,42,stable_load,tv1_smoke_fixed,72,8.601,1.0,0.0,0.0,0.512966,0.68,25,25,25,9,8601,2560,1,0,"{""throughput_e"":""Mbps"",""delay_u"":""ms"",""drop_u"":""ratio"",""sla_violation"":""ratio"",""fairness"":""index_0_to_1"",""rb_utilization"":""ratio""}"
1.0.0,smoke-000073,42,stable_load,tv1_smoke_fixed,73,8.601,1.0,0.0,0.0,0.512759,0.68,25,25,25,9,8601,2560,1,0,"{""throughput_e"":""Mbps"",""delay_u"":""ms"",""drop_u"":""ratio"",""sla_violation"":""ratio"",""fairness"":""index_0_to_1"",""rb_utilization"":""ratio""}"
1.0.0,smoke-000074,42,stable_load,tv1_smoke_fixed,74,8.601,1.0,0.0,0.0,0.51268,0.68,25,25,25,9,8601,2560,1,0,"{""throughput_e"":""Mbps"",""delay_u"":""ms"",""drop_u"":""ratio"",""sla_violation"":""ratio"",""fairness"":""index_0_to_1"",""rb_utilization"":""ratio""}"
1.0.0,smoke-000075,42,stable_load,tv1_smoke_fixed,75,8.601,0.0,0.0,0.0,0.512482,0.5,25,25,25,0,8601,0,0,0,"{""throughput_e"":""Mbps"",""delay_u"":""ms"",""drop_u"":""ratio"",""sla_violation"":""ratio"",""fairness"":""index_0_to_1"",""rb_utilization"":""ratio""}"
1.0.0,smoke-000076,42,stable_load,tv1_smoke_fixed,76,8.601,1.0,0.0,0.0,0.512484,1.0,25,25,25,25,8601,7579,2,0,"{""throughput_e"":""Mbps"",""delay_u"":""ms"",""drop_u"":""ratio"",""sla_violation"":""ratio"",""fairness"":""index_0_to_1"",""rb_utilization"":""ratio""}"
1.0.0,smoke-000077,42,stable_load,tv1_smoke_fixed,77,8.601,1.333333,0.0,0.0,0.520585,1.0,25,25,25,25,8601,7579,3,0,"{""throughput_e"":""Mbps"",""delay_u"":""ms"",""drop_u"":""ratio"",""sla_violation"":""ratio"",""fairness"":""index_0_to_1"",""rb_utilization"":""ratio""}"
1.0.0,smoke-000078,42,stable_load,tv1_smoke_fixed,78,10.465,2.0,0.0,0.0,0.519994,1.0,25,25,25,25,10465,7579,3,0,"{""throughput_e"":""Mbps"",""delay_u"":""ms"",""drop_u"":""ratio"",""sla_violation"":""ratio"",""fairness"":""index_0_to_1"",""rb_utilization"":""ratio""}"
1.0.0,smoke-000079,42,stable_load,tv1_smoke_fixed,79,10.465,2.0,0.0,0.0,0.514387,0.68,25,25,25,9,10465,2863,2,0,"{""throughput_e"":""Mbps"",""delay_u"":""ms"",""drop_u"":""ratio"",""sla_violation"":""ratio"",""fairness"":""index_0_to_1"",""rb_utilization"":""ratio""}"
1.0.0,smoke-000080,42,stable_load,tv1_smoke_fixed,80,10.465,1.0,0.0,0.0,0.514211,0.66,25,25,25,8,10465,2560,1,0,"{""throughput_e"":""Mbps"",""delay_u"":""ms"",""drop_u"":""ratio"",""sla_violation"":""ratio"",""fairness"":""index_0_to_1"",""rb_utilization"":""ratio""}"
1.0.0,smoke-000081,42,stable_load,tv1_smoke_fixed,81,10.465,1.0,0.0,0.0,0.514045,0.66,25,25,25,8,10465,2560,1,0,"{""throughput_e"":""Mbps"",""delay_u"":""ms"",""drop_u"":""ratio"",""sla_violation"":""ratio"",""fairness"":""index_0_to_1"",""rb_utilization"":""ratio""}"
1.0.0,smoke-000082,42,stable_load,tv1_smoke_fixed,82,8.601,1.0,0.0,0.0,0.51144,0.96,25,25,25,23,8601,7680,3,0,"{""throughput_e"":""Mbps"",""delay_u"":""ms"",""drop_u"":""ratio"",""sla_violation"":""ratio"",""fairness"":""index_0_to_1"",""rb_utilization"":""ratio""}"
1.0.0,smoke-000083,42,stable_load,tv1_smoke_fixed,83,8.601,1.0,0.0,0.0,0.511312,0.66,25,25,25,8,8601,2560,1,0,"{""throughput_e"":""Mbps"",""delay_u"":""ms"",""drop_u"":""ratio"",""sla_violation"":""ratio"",""fairness"":""index_0_to_1"",""rb_utilization"":""ratio""}"
1.0.0,smoke-000084,42,stable_load,tv1_smoke_fixed,84,8.601,1.0,0.0,0.0,0.511137,0.66,25,25,25,8,8601,2560,1,0,"{""throughput_e"":""Mbps"",""delay_u"":""ms"",""drop_u"":""ratio"",""sla_violation"":""ratio"",""fairness"":""index_0_to_1"",""rb_utilization"":""ratio""}"
1.0.0,smoke-000085,42,stable_load,tv1_smoke_fixed,85,8.601,1.0,0.0,0.0,0.511002,0.84,25,25,25,17,8601,5120,2,0,"{""throughput_e"":""Mbps"",""delay_u"":""ms"",""drop_u"":""ratio"",""sla_violation"":""ratio"",""fairness"":""index_0_to_1"",""rb_utilization"":""ratio""}"
1.0.0,smoke-000086,42,stable_load,tv1_smoke_fixed,86,10.465,1.0,0.0,0.0,0.517855,1.0,25,25,25,25,10465,7579,2,0,"{""throughput_e"":""Mbps"",""delay_u"":""ms"",""drop_u"":""ratio"",""sla_violation"":""ratio"",""fairness"":""index_0_to_1"",""rb_utilization"":""ratio""}"
1.0.0,smoke-000087,42,stable_load,tv1_smoke_fixed,87,8.601,2.0,0.0,0.0,0.51076,0.68,25,25,25,9,8601,2661,2,0,"{""throughput_e"":""Mbps"",""delay_u"":""ms"",""drop_u"":""ratio"",""sla_violation"":""ratio"",""fairness"":""index_0_to_1"",""rb_utilization"":""ratio""}"
1.0.0,smoke-000088,42,stable_load,tv1_smoke_fixed,88,8.601,1.0,0.0,0.0,0.514352,1.0,25,25,25,25,8601,7579,2,0,"{""throughput_e"":""Mbps"",""delay_u"":""ms"",""drop_u"":""ratio"",""sla_violation"":""ratio"",""fairness"":""index_0_to_1"",""rb_utilization"":""ratio""}"
1.0.0,smoke-000089,42,stable_load,tv1_smoke_fixed,89,7.579,1.666667,0.0,0.0,0.509244,0.94,25,25,25,22,7579,5221,3,0,"{""throughput_e"":""Mbps"",""delay_u"":""ms"",""drop_u"":""ratio"",""sla_violation"":""ratio"",""fairness"":""index_0_to_1"",""rb_utilization"":""ratio""}"
1.0.0,smoke-000090,42,stable_load,tv1_smoke_fixed,90,8.601,1.0,0.0,0.0,0.510351,0.94,25,25,25,22,8601,5120,2,0,"{""throughput_e"":""Mbps"",""delay_u"":""ms"",""drop_u"":""ratio"",""sla_violation"":""ratio"",""fairness"":""index_0_to_1"",""rb_utilization"":""ratio""}"
1.0.0,smoke-000091,42,stable_load,tv1_smoke_fixed,91,8.601,1.0,0.0,0.0,0.521801,1.0,25,25,25,25,8601,6029,2,0,"{""throughput_e"":""Mbps"",""delay_u"":""ms"",""drop_u"":""ratio"",""sla_violation"":""ratio"",""fairness"":""index_0_to_1"",""rb_utilization"":""ratio""}"
1.0.0,smoke-000092,42,stable_load,tv1_smoke_fixed,92,8.601,2.0,0.0,0.0,0.522794,1.0,25,25,25,25,8601,7579,3,0,"{""throughput_e"":""Mbps"",""delay_u"":""ms"",""drop_u"":""ratio"",""sla_violation"":""ratio"",""fairness"":""index_0_to_1"",""rb_utilization"":""ratio""}"
1.0.0,smoke-000093,42,stable_load,tv1_smoke_fixed,93,8.601,2.0,0.0,0.0,0.515922,1.0,25,25,25,25,8601,7579,3,0,"{""throughput_e"":""Mbps"",""delay_u"":""ms"",""drop_u"":""ratio"",""sla_violation"":""ratio"",""fairness"":""index_0_to_1"",""rb_utilization"":""ratio""}"
1.0.0,smoke-000094,42,stable_load,tv1_smoke_fixed,94,8.601,2.5,0.0,0.0,0.509931,0.8,25,25,25,15,8601,4413,2,0,"{""throughput_e"":""Mbps"",""delay_u"":""ms"",""drop_u"":""ratio"",""sla_violation"":""ratio"",""fairness"":""index_0_to_1"",""rb_utilization"":""ratio""}"
1.0.0,smoke-000095,42,stable_load,tv1_smoke_fixed,95,8.601,1.0,0.0,0.0,0.509848,0.84,25,25,25,17,8601,5120,2,0,"{""throughput_e"":""Mbps"",""delay_u"":""ms"",""drop_u"":""ratio"",""sla_violation"":""ratio"",""fairness"":""index_0_to_1"",""rb_utilization"":""ratio""}"
1.0.0,smoke-000096,42,stable_load,tv1_smoke_fixed,96,10.465,0.0,0.0,0.0,0.51185,0.5,25,25,25,0,10465,0,0,0,"{""throughput_e"":""Mbps"",""delay_u"":""ms"",""drop_u"":""ratio"",""sla_violation"":""ratio"",""fairness"":""index_0_to_1"",""rb_utilization"":""ratio""}"
1.0.0,smoke-000097,42,stable_load,tv1_smoke_fixed,97,10.465,0.0,0.0,0.0,0.511764,0.5,25,25,25,0,10465,0,0,0,"{""throughput_e"":""Mbps"",""delay_u"":""ms"",""drop_u"":""ratio"",""sla_violation"":""ratio"",""fairness"":""index_0_to_1"",""rb_utilization"":""ratio""}"
1.0.0,smoke-000098,42,stable_load,tv1_smoke_fixed,98,10.465,1.0,0.0,0.0,0.511684,0.84,25,25,25,17,10465,5120,2,0,"{""throughput_e"":""Mbps"",""delay_u"":""ms"",""drop_u"":""ratio"",""sla_violation"":""ratio"",""fairness"":""index_0_to_1"",""rb_utilization"":""ratio""}"
1.0.0,smoke-000099,42,stable_load,tv1_smoke_fixed,99,10.465,1.0,0.0,0.0,0.511552,0.84,25,25,25,17,10465,5120,2,0,"{""throughput_e"":""Mbps"",""delay_u"":""ms"",""drop_u"":""ratio"",""sla_violation"":""ratio"",""fairness"":""index_0_to_1"",""rb_utilization"":""ratio""}"
1.0.0,smoke-000100,42,stable_load,tv1_smoke_fixed,100,10.465,1.0,0.0,0.0,0.511448,0.68,25,25,25,9,10465,2560,1,0,"{""throughput_e"":""Mbps"",""delay_u"":""ms"",""drop_u"":""ratio"",""sla_violation"":""ratio"",""fairness"":""index_0_to_1"",""rb_utilization"":""ratio""}"
1.0.0,smoke-000101,42,stable_load,tv1_smoke_fixed,101,12.292,1.0,0.0,0.0,0.51334,0.8,25,25,25,15,12292,5120,2,0,"{""throughput_e"":""Mbps"",""delay_u"":""ms"",""drop_u"":""ratio"",""sla_violation"":""ratio"",""fairness"":""index_0_to_1"",""rb_utilization"":""ratio""}"
1.0.0,smoke-000102,42,stable_load,tv1_smoke_fixed,102,12.292,1.0,0.0,0.0,0.51329,0.68,25,25,25,9,12292,2560,1,0,"{""throughput_e"":""Mbps"",""delay_u"":""ms"",""drop_u"":""ratio"",""sla_violation"":""ratio"",""fairness"":""index_0_to_1"",""rb_utilization"":""ratio""}"
1.0.0,smoke-000103,42,stable_load,tv1_smoke_fixed,103,14.248,1.0,0.0,0.0,0.515294,0.72,25,25,25,11,14248,2560,1,0,"{""throughput_e"":""Mbps"",""delay_u"":""ms"",""drop_u"":""ratio"",""sla_violation"":""ratio"",""fairness"":""index_0_to_1"",""rb_utilization"":""ratio""}"
1.0.0,smoke-000104,42,stable_load,tv1_smoke_fixed,104,14.248,1.0,0.0,0.0,0.515249,0.72,25,25,25,11,14248,2560,1,0,"{""throughput_e"":""Mbps"",""delay_u"":""ms"",""drop_u"":""ratio"",""sla_violation"":""ratio"",""fairness"":""index_0_to_1"",""rb_utilization"":""ratio""}"
1.0.0,smoke-000105,42,stable_load,tv1_smoke_fixed,105,14.248,1.0,0.0,0.0,0.5258,1.0,25,25,25,25,14248,6029,2,0,"{""throughput_e"":""Mbps"",""delay_u"":""ms"",""drop_u"":""ratio"",""sla_violation"":""ratio"",""fairness"":""index_0_to_1"",""rb_utilization"":""ratio""}"
1.0.0,smoke-000106,42,stable_load,tv1_smoke_fixed,106,14.248,1.666667,0.0,0.0,0.515142,0.96,25,25,25,23,14248,6771,3,0,"{""throughput_e"":""Mbps"",""delay_u"":""ms"",""drop_u"":""ratio"",""sla_violation"":""ratio"",""fairness"":""index_0_to_1"",""rb_utilization"":""ratio""}"
1.0.0,smoke-000107,42,stable_load,tv1_smoke_fixed,107,16.112,1.0,0.0,0.0,0.517046,0.84,25,25,25,17,16112,5120,2,0,"{""throughput_e"":""Mbps"",""delay_u"":""ms"",""drop_u"":""ratio"",""sla_violation"":""ratio"",""fairness"":""index_0_to_1"",""rb_utilization"":""ratio""}"
1.0.0,smoke-000108,42,stable_load,tv1_smoke_fixed,108,16.112,1.0,0.0,0.0,0.517019,0.68,25,25,25,9,16112,2560,1,0,"{""throughput_e"":""Mbps"",""delay_u"":""ms"",""drop_u"":""ratio"",""sla_violation"":""ratio"",""fairness"":""index_0_to_1"",""rb_utilization"":""ratio""}"
1.0.0,smoke-000109,42,stable_load,tv1_smoke_fixed,109,16.112,1.0,0.0,0.0,0.516964,0.68,25,25,25,9,16112,2560,1,0,"{""throughput_e"":""Mbps"",""delay_u"":""ms"",""drop_u"":""ratio"",""sla_violation"":""ratio"",""fairness"":""index_0_to_1"",""rb_utilization"":""ratio""}"
1.0.0,smoke-000110,42,stable_load,tv1_smoke_fixed,110,14.248,1.0,0.0,0.0,0.515222,1.0,25,25,25,25,14248,7579,2,0,"{""throughput_e"":""Mbps"",""delay_u"":""ms"",""drop_u"":""ratio"",""sla_violation"":""ratio"",""fairness"":""index_0_to_1"",""rb_utilization"":""ratio""}"
1.0.0,smoke-000111,42,stable_load,tv1_smoke_fixed,111,14.248,1.5,0.0,0.0,0.514936,0.68,25,25,25,9,14248,2661,2,0,"{""throughput_e"":""Mbps"",""delay_u"":""ms"",""drop_u"":""ratio"",""sla_violation"":""ratio"",""fairness"":""index_0_to_1"",""rb_utilization"":""ratio""}"
1.0.0,smoke-000112,42,stable_load,tv1_smoke_fixed,112,14.248,1.0,0.0,0.0,0.514883,0.84,25,25,25,17,14248,5120,2,0,"{""throughput_e"":""Mbps"",""delay_u"":""ms"",""drop_u"":""ratio"",""sla_violation"":""ratio"",""fairness"":""index_0_to_1"",""rb_utilization"":""ratio""}"
1.0.0,smoke-000113,42,stable_load,tv1_smoke_fixed,113,14.248,1.0,0.0,0.0,0.514801,0.68,25,25,25,9,14248,2560,1,0,"{""throughput_e"":""Mbps"",""delay_u"":""ms"",""drop_u"":""ratio"",""sla_violation"":""ratio"",""fairness"":""index_0_to_1"",""rb_utilization"":""ratio""}"
1.0.0,smoke-000114,42,stable_load,tv1_smoke_fixed,114,14.248,1.0,0.0,0.0,0.514792,0.68,25,25,25,9,14248,2560,1,0,"{""throughput_e"":""Mbps"",""delay_u"":""ms"",""drop_u"":""ratio"",""sla_violation"":""ratio"",""fairness"":""index_0_to_1"",""rb_utilization"":""ratio""}"
1.0.0,smoke-000115,42,stable_load,tv1_smoke_fixed,115,14.248,0.0,0.0,0.0,0.514727,0.5,25,25,25,0,14248,0,0,0,"{""throughput_e"":""Mbps"",""delay_u"":""ms"",""drop_u"":""ratio"",""sla_violation"":""ratio"",""fairness"":""index_0_to_1"",""rb_utilization"":""ratio""}"
1.0.0,smoke-000116,42,stable_load,tv1_smoke_fixed,116,12.292,1.0,0.0,0.0,0.512684,0.84,25,25,25,17,12292,5120,2,0,"{""throughput_e"":""Mbps"",""delay_u"":""ms"",""drop_u"":""ratio"",""sla_violation"":""ratio"",""fairness"":""index_0_to_1"",""rb_utilization"":""ratio""}"
1.0.0,smoke-000117,42,stable_load,tv1_smoke_fixed,117,12.292,1.0,0.0,0.0,0.512613,0.68,25,25,25,9,12292,2560,1,0,"{""throughput_e"":""Mbps"",""delay_u"":""ms"",""drop_u"":""ratio"",""sla_violation"":""ratio"",""fairness"":""index_0_to_1"",""rb_utilization"":""ratio""}"
1.0.0,smoke-000118,42,stable_load,tv1_smoke_fixed,118,12.292,1.0,0.0,0.0,0.512538,0.68,25,25,25,9,12292,2560,1,0,"{""throughput_e"":""Mbps"",""delay_u"":""ms"",""drop_u"":""ratio"",""sla_violation"":""ratio"",""fairness"":""index_0_to_1"",""rb_utilization"":""ratio""}"
1.0.0,smoke-000119,42,stable_load,tv1_smoke_fixed,119,12.292,1.0,0.0,0.0,0.512461,0.66,25,25,25,8,12292,2560,1,0,"{""throughput_e"":""Mbps"",""delay_u"":""ms"",""drop_u"":""ratio"",""sla_violation"":""ratio"",""fairness"":""index_0_to_1"",""rb_utilization"":""ratio""}"
1.0.0,smoke-000120,42,stable_load,tv1_smoke_fixed,120,14.248,0.0,0.0,0.0,0.514387,0.5,25,25,25,0,14248,0,0,0,"{""throughput_e"":""Mbps"",""delay_u"":""ms"",""drop_u"":""ratio"",""sla_violation"":""ratio"",""fairness"":""index_0_to_1"",""rb_utilization"":""ratio""}"
1.0.0,smoke-000121,42,stable_load,tv1_smoke_fixed,121,14.248,1.0,0.0,0.0,0.514317,0.8,25,25,25,15,14248,5120,2,0,"{""throughput_e"":""Mbps"",""delay_u"":""ms"",""drop_u"":""ratio"",""sla_violation"":""ratio"",""fairness"":""index_0_to_1"",""rb_utilization"":""ratio""}"
1.0.0,smoke-000122,42,stable_load,tv1_smoke_fixed,122,14.248,1.0,0.0,0.0,0.514264,0.84,25,25,25,17,14248,5120,2,0,"{""throughput_e"":""Mbps"",""delay_u"":""ms"",""drop_u"":""ratio"",""sla_violation"":""ratio"",""fairness"":""index_0_to_1"",""rb_utilization"":""ratio""}"
1.0.0,smoke-000123,42,stable_load,tv1_smoke_fixed,123,14.248,1.0,0.0,0.0,0.514213,0.68,25,25,25,9,14248,2560,1,0,"{""throughput_e"":""Mbps"",""delay_u"":""ms"",""drop_u"":""ratio"",""sla_violation"":""ratio"",""fairness"":""index_0_to_1"",""rb_utilization"":""ratio""}"
1.0.0,smoke-000124,42,stable_load,tv1_smoke_fixed,124,14.248,0.0,0.0,0.0,0.514135,0.5,25,25,25,0,14248,0,0,0,"{""throughput_e"":""Mbps"",""delay_u"":""ms"",""drop_u"":""ratio"",""sla_violation"":""ratio"",""fairness"":""index_0_to_1"",""rb_utilization"":""ratio""}"
1.0.0,smoke-000125,42,stable_load,tv1_smoke_fixed,125,14.248,1.0,0.0,0.0,0.514089,0.66,25,25,25,8,14248,2560,1,0,"{""throughput_e"":""Mbps"",""delay_u"":""ms"",""drop_u"":""ratio"",""sla_violation"":""ratio"",""fairness"":""index_0_to_1"",""rb_utilization"":""ratio""}"
1.0.0,smoke-000126,42,stable_load,tv1_smoke_fixed,126,14.248,1.0,0.0,0.0,0.517212,1.0,25,25,25,25,14248,10465,4,0,"{""throughput_e"":""Mbps"",""delay_u"":""ms"",""drop_u"":""ratio"",""sla_violation"":""ratio"",""fairness"":""index_0_to_1"",""rb_utilization"":""ratio""}"
1.0.0,smoke-000127,42,stable_load,tv1_smoke_fixed,127,14.248,1.25,0.0,0.0,0.514011,0.98,25,25,25,24,14248,10015,4,0,"{""throughput_e"":""Mbps"",""delay_u"":""ms"",""drop_u"":""ratio"",""sla_violation"":""ratio"",""fairness"":""index_0_to_1"",""rb_utilization"":""ratio""}"
1.0.0,smoke-000128,42,stable_load,tv1_smoke_fixed,128,14.248,1.0,0.0,0.0,0.513933,0.62,25,25,25,6,14248,2560,1,0,"{""throughput_e"":""Mbps"",""delay_u"":""ms"",""drop_u"":""ratio"",""sla_violation"":""ratio"",""fairness"":""index_0_to_1"",""rb_utilization"":""ratio""}"
1.0.0,smoke-000129,42,stable_load,tv1_smoke_fixed,129,14.248,1.0,0.0,0.0,0.513902,0.62,25,25,25,6,14248,2560,1,0,"{""throughput_e"":""Mbps"",""delay_u"":""ms"",""drop_u"":""ratio"",""sla_violation"":""ratio"",""fairness"":""index_0_to_1"",""rb_utilization"":""ratio""}"
1.0.0,smoke-000130,42,stable_load,tv1_smoke_fixed,130,12.292,1.0,0.0,0.0,0.511948,0.62,25,25,25,6,12292,2560,1,0,"{""throughput_e"":""Mbps"",""delay_u"":""ms"",""drop_u"":""ratio"",""sla_violation"":""ratio"",""fairness"":""index_0_to_1"",""rb_utilization"":""ratio""}"
1.0.0,smoke-000131,42,stable_load,tv1_smoke_fixed,131,12.292,0.0,0.0,0.0,0.511903,0.5,25,25,25,0,12292,0,0,0,"{""throughput_e"":""Mbps"",""delay_u"":""ms"",""drop_u"":""ratio"",""sla_violation"":""ratio"",""fairness"":""index_0_to_1"",""rb_utilization"":""ratio""}"
1.0.0,smoke-000132,42,stable_load,tv1_smoke_fixed,132,12.292,1.0,0.0,0.0,0.511841,0.64,25,25,25,7,12292,2560,1,0,"{""throughput_e"":""Mbps"",""delay_u"":""ms"",""drop_u"":""ratio"",""sla_violation"":""ratio"",""fairness"":""index_0_to_1"",""rb_utilization"":""ratio""}"
1.0.0,smoke-000133,42,stable_load,tv1_smoke_fixed,133,10.465,0.0,0.0,0.0,0.510015,0.5,25,25,25,0,10465,0,0,0,"{""throughput_e"":""Mbps"",""delay_u"":""ms"",""drop_u"":""ratio"",""sla_violation"":""ratio"",""fairness"":""index_0_to_1"",""rb_utilization"":""ratio""}"
1.0.0,smoke-000134,42,stable_load,tv1_smoke_fixed,134,10.465,1.0,0.0,0.0,0.509941,0.64,25,25,25,7,10465,2560,1,0,"{""throughput_e"":""Mbps"",""delay_u"":""ms"",""drop_u"":""ratio"",""sla_violation"":""ratio"",""fairness"":""index_0_to_1"",""rb_utilization"":""ratio""}"
1.0.0,smoke-000135,42,stable_load,tv1_smoke_fixed,135,10.465,1.0,0.0,0.0,0.509849,0.64,25,25,25,7,10465,2560,1,0,"{""throughput_e"":""Mbps"",""delay_u"":""ms"",""drop_u"":""ratio"",""sla_violation"":""ratio"",""fairness"":""index_0_to_1"",""rb_utilization"":""ratio""}"
1.0.0,smoke-000136,42,stable_load,tv1_smoke_fixed,136,10.465,1.0,0.0,0.0,0.509788,0.8,25,25,25,15,10465,5120,2,0,"{""throughput_e"":""Mbps"",""delay_u"":""ms"",""drop_u"":""ratio"",""sla_violation"":""ratio"",""fairness"":""index_0_to_1"",""rb_utilization"":""ratio""}"
1.0.0,smoke-000137,42,stable_load,tv1_smoke_fixed,137,10.465,1.0,0.0,0.0,0.509714,0.96,25,25,25,23,10465,7680,3,0,"{""throughput_e"":""Mbps"",""delay_u"":""ms"",""drop_u"":""ratio"",""sla_violation"":""ratio"",""fairness"":""index_0_to_1"",""rb_utilization"":""ratio""}"
1.0.0,smoke-000138,42,stable_load,tv1_smoke_fixed,138,10.465,1.0,0.0,0.0,0.51147,1.0,25,25,25,25,10465,8601,3,0,"{""throughput_e"":""Mbps"",""delay_u"":""ms"",""drop_u"":""ratio"",""sla_violation"":""ratio"",""fairness"":""index_0_to_1"",""rb_utilization"":""ratio""}"
1.0.0,smoke-000139,42,stable_load,tv1_smoke_fixed,139,10.465,1.333333,0.0,0.0,0.509568,0.9,25,25,25,20,10465,6759,3,0,"{""throughput_e"":""Mbps"",""delay_u"":""ms"",""drop_u"":""ratio"",""sla_violation"":""ratio"",""fairness"":""index_0_to_1"",""rb_utilization"":""ratio""}"
1.0.0,smoke-000140,42,stable_load,tv1_smoke_fixed,140,10.465,0.0,0.0,0.0,0.5095,0.5,25,25,25,0,10465,0,0,0,"{""throughput_e"":""Mbps"",""delay_u"":""ms"",""drop_u"":""ratio"",""sla_violation"":""ratio"",""fairness"":""index_0_to_1"",""rb_utilization"":""ratio""}"
1.0.0,smoke-000141,42,stable_load,tv1_smoke_fixed,141,10.465,1.0,0.0,0.0,0.509422,0.8,25,25,25,15,10465,5120,2,0,"{""throughput_e"":""Mbps"",""delay_u"":""ms"",""drop_u"":""ratio"",""sla_violation"":""ratio"",""fairness"":""index_0_to_1"",""rb_utilization"":""ratio""}"
1.0.0,smoke-000142,42,stable_load,tv1_smoke_fixed,142,10.465,0.0,0.0,0.0,0.509351,0.5,25,25,25,0,10465,0,0,0,"{""throughput_e"":""Mbps"",""delay_u"":""ms"",""drop_u"":""ratio"",""sla_violation"":""ratio"",""fairness"":""index_0_to_1"",""rb_utilization"":""ratio""}"
1.0.0,smoke-000143,42,stable_load,tv1_smoke_fixed,143,8.601,1.0,0.0,0.0,0.507624,0.66,25,25,25,8,8601,2560,1,0,"{""throughput_e"":""Mbps"",""delay_u"":""ms"",""drop_u"":""ratio"",""sla_violation"":""ratio"",""fairness"":""index_0_to_1"",""rb_utilization"":""ratio""}"
1.0.0,smoke-000144,42,stable_load,tv1_smoke_fixed,144,7.579,0.0,0.0,0.0,0.506672,0.5,25,25,25,0,7579,0,0,0,"{""throughput_e"":""Mbps"",""delay_u"":""ms"",""drop_u"":""ratio"",""sla_violation"":""ratio"",""fairness"":""index_0_to_1"",""rb_utilization"":""ratio""}"
1.0.0,smoke-000145,42,stable_load,tv1_smoke_fixed,145,7.579,1.0,0.0,0.0,0.506604,0.68,25,25,25,9,7579,2560,1,0,"{""throughput_e"":""Mbps"",""delay_u"":""ms"",""drop_u"":""ratio"",""sla_violation"":""ratio"",""fairness"":""index_0_to_1"",""rb_utilization"":""ratio""}"
1.0.0,smoke-000146,42,stable_load,tv1_smoke_fixed,146,8.601,1.0,0.0,0.0,0.507431,0.66,25,25,25,8,8601,2560,1,0,"{""throughput_e"":""Mbps"",""delay_u"":""ms"",""drop_u"":""ratio"",""sla_violation"":""ratio"",""fairness"":""index_0_to_1"",""rb_utilization"":""ratio""}"
1.0.0,smoke-000147,42,stable_load,tv1_smoke_fixed,147,8.601,1.0,0.0,0.0,0.50737,0.8,25,25,25,15,8601,5120,2,0,"{""throughput_e"":""Mbps"",""delay_u"":""ms"",""drop_u"":""ratio"",""sla_violation"":""ratio"",""fairness"":""index_0_to_1"",""rb_utilization"":""ratio""}"
1.0.0,smoke-000148,42,stable_load,tv1_smoke_fixed,148,8.601,1.0,0.0,0.0,0.507311,0.66,25,25,25,8,8601,2560,1,0,"{""throughput_e"":""Mbps"",""delay_u"":""ms"",""drop_u"":""ratio"",""sla_violation"":""ratio"",""fairness"":""index_0_to_1"",""rb_utilization"":""ratio""}"
1.0.0,smoke-000149,42,stable_load,tv1_smoke_fixed,149,8.601,0.0,0.0,0.0,0.50727,0.5,25,25,25,0,8601,0,0,0,"{""throughput_e"":""Mbps"",""delay_u"":""ms"",""drop_u"":""ratio"",""sla_violation"":""ratio"",""fairness"":""index_0_to_1"",""rb_utilization"":""ratio""}"
1.0.0,smoke-000150,42,stable_load,tv1_smoke_fixed,150,8.601,1.0,0.0,0.0,0.507251,0.84,25,25,25,17,8601,5120,2,0,"{""throughput_e"":""Mbps"",""delay_u"":""ms"",""drop_u"":""ratio"",""sla_violation"":""ratio"",""fairness"":""index_0_to_1"",""rb_utilization"":""ratio""}"
1.0.0,smoke-000151,42,stable_load,tv1_smoke_fixed,151,8.601,1.0,0.0,0.0,0.507204,0.96,25,25,25,23,8601,7680,3,0,"{""throughput_e"":""Mbps"",""delay_u"":""ms"",""drop_u"":""ratio"",""sla_violation"":""ratio"",""fairness"":""index_0_to_1"",""rb_utilization"":""ratio""}"
1.0.0,smoke-000152,42,stable_load,tv1_smoke_fixed,152,8.601,0.0,0.0,0.0,0.507142,0.5,25,25,25,0,8601,0,0,0,"{""throughput_e"":""Mbps"",""delay_u"":""ms"",""drop_u"":""ratio"",""sla_violation"":""ratio"",""fairness"":""index_0_to_1"",""rb_utilization"":""ratio""}"
1.0.0,smoke-000153,42,stable_load,tv1_smoke_fixed,153,8.601,1.0,0.0,0.0,0.507086,0.8,25,25,25,15,8601,5120,2,0,"{""throughput_e"":""Mbps"",""delay_u"":""ms"",""drop_u"":""ratio"",""sla_violation"":""ratio"",""fairness"":""index_0_to_1"",""rb_utilization"":""ratio""}"
1.0.0,smoke-000154,42,stable_load,tv1_smoke_fixed,154,8.601,0.0,0.0,0.0,0.507036,0.5,25,25,25,0,8601,0,0,0,"{""throughput_e"":""Mbps"",""delay_u"":""ms"",""drop_u"":""ratio"",""sla_violation"":""ratio"",""fairness"":""index_0_to_1"",""rb_utilization"":""ratio""}"
1.0.0,smoke-000155,42,stable_load,tv1_smoke_fixed,155,8.601,1.0,0.0,0.0,0.506997,0.8,25,25,25,15,8601,5120,2,0,"{""throughput_e"":""Mbps"",""delay_u"":""ms"",""drop_u"":""ratio"",""sla_violation"":""ratio"",""fairness"":""index_0_to_1"",""rb_utilization"":""ratio""}"
1.0.0,smoke-000156,42,stable_load,tv1_smoke_fixed,156,7.579,0.0,0.0,0.0,0.50611,0.5,25,25,25,0,7579,0,0,0,"{""throughput_e"":""Mbps"",""delay_u"":""ms"",""drop_u"":""ratio"",""sla_violation"":""ratio"",""fairness"":""index_0_to_1"",""rb_utilization"":""ratio""}"
1.0.0,smoke-000157,42,stable_load,tv1_smoke_fixed,157,7.579,0.0,0.0,0.0,0.506077,0.5,25,25,25,0,7579,0,0,0,"{""throughput_e"":""Mbps"",""delay_u"":""ms"",""drop_u"":""ratio"",""sla_violation"":""ratio"",""fairness"":""index_0_to_1"",""rb_utilization"":""ratio""}"
1.0.0,smoke-000158,42,stable_load,tv1_smoke_fixed,158,8.601,1.0,0.0,0.0,0.506844,0.96,25,25,25,23,8601,7680,3,0,"{""throughput_e"":""Mbps"",""delay_u"":""ms"",""drop_u"":""ratio"",""sla_violation"":""ratio"",""fairness"":""index_0_to_1"",""rb_utilization"":""ratio""}"
1.0.0,smoke-000159,42,stable_load,tv1_smoke_fixed,159,8.601,1.0,0.0,0.0,0.506782,0.84,25,25,25,17,8601,5120,2,0,"{""throughput_e"":""Mbps"",""delay_u"":""ms"",""drop_u"":""ratio"",""sla_violation"":""ratio"",""fairness"":""index_0_to_1"",""rb_utilization"":""ratio""}"
1.0.0,smoke-000160,42,stable_load,tv1_smoke_fixed,160,8.601,1.0,0.0,0.0,0.506729,0.66,25,25,25,8,8601,2560,1,0,"{""throughput_e"":""Mbps"",""delay_u"":""ms"",""drop_u"":""ratio"",""sla_violation"":""ratio"",""fairness"":""index_0_to_1"",""rb_utilization"":""ratio""}"
1.0.0,smoke-000161,42,stable_load,tv1_smoke_fixed,161,8.601,1.0,0.0,0.0,0.506785,1.0,25,25,25,25,8601,7579,2,0,"{""throughput_e"":""Mbps"",""delay_u"":""ms"",""drop_u"":""ratio"",""sla_violation"":""ratio"",""fairness"":""index_0_to_1"",""rb_utilization"":""ratio""}"
1.0.0,smoke-000162,42,stable_load,tv1_smoke_fixed,162,8.601,1.333333,0.0,0.0,0.50683,1.0,25,25,25,25,8601,7579,3,0,"{""throughput_e"":""Mbps"",""delay_u"":""ms"",""drop_u"":""ratio"",""sla_violation"":""ratio"",""fairness"":""index_0_to_1"",""rb_utilization"":""ratio""}"
1.0.0,smoke-000163,42,stable_load,tv1_smoke_fixed,163,8.601,1.333333,0.0,0.0,0.511427,1.0,25,25,25,25,8601,6029,3,0,"{""throughput_e"":""Mbps"",""delay_u"":""ms"",""drop_u"":""ratio"",""sla_violation"":""ratio"",""fairness"":""index_0_to_1"",""rb_utilization"":""ratio""}"
1.0.0,smoke-000164,42,stable_load,tv1_smoke_fixed,164,8.601,2.0,0.0,0.0,0.509824,1.0,25,25,25,25,8601,4651,2,0,"{""throughput_e"":""Mbps"",""delay_u"":""ms"",""drop_u"":""ratio"",""sla_violation"":""ratio"",""fairness"":""index_0_to_1"",""rb_utilization"":""ratio""}"
1.0.0,smoke-000165,42,stable_load,tv1_smoke_fixed,165,8.601,2.0,0.0,0.0,0.510441,1.0,25,25,25,25,8601,4651,1,0,"{""throughput_e"":""Mbps"",""delay_u"":""ms"",""drop_u"":""ratio"",""sla_violation"":""ratio"",""fairness"":""index_0_to_1"",""rb_utilization"":""ratio""}"
1.0.0,smoke-000166,42,stable_load,tv1_smoke_fixed,166,8.601,2.0,0.0,0.0,0.511022,1.0,25,25,25,25,8601,4651,2,0,"{""throughput_e"":""Mbps"",""delay_u"":""ms"",""drop_u"":""ratio"",""sla_violation"":""ratio"",""fairness"":""index_0_to_1"",""rb_utilization"":""ratio""}"
1.0.0,smoke-000167,42,stable_load,tv1_smoke_fixed,167,10.465,1.666667,0.0,0.0,0.507836,1.0,25,25,25,25,10465,5820,3,0,"{""throughput_e"":""Mbps"",""delay_u"":""ms"",""drop_u"":""ratio"",""sla_violation"":""ratio"",""fairness"":""index_0_to_1"",""rb_utilization"":""ratio""}"
1.0.0,smoke-000168,42,stable_load,tv1_smoke_fixed,168,12.292,1.0,0.0,0.0,0.509166,0.72,25,25,25,11,12292,2560,1,0,"{""throughput_e"":""Mbps"",""delay_u"":""ms"",""drop_u"":""ratio"",""sla_violation"":""ratio"",""fairness"":""index_0_to_1"",""rb_utilization"":""ratio""}"
1.0.0,smoke-000169,42,stable_load,tv1_smoke_fixed,169,12.292,1.0,0.0,0.0,0.509124,0.72,25,25,25,11,12292,2560,1,0,"{""throughput_e"":""Mbps"",""delay_u"":""ms"",""drop_u"":""ratio"",""sla_violation"":""ratio"",""fairness"":""index_0_to_1"",""rb_utilization"":""ratio""}"
1.0.0,smoke-000170,42,stable_load,tv1_smoke_fixed,170,12.292,1.0,0.0,0.0,0.509081,0.94,25,25,25,22,12292,5120,2,0,"{""throughput_e"":""Mbps"",""delay_u"":""ms"",""drop_u"":""ratio"",""sla_violation"":""ratio"",""fairness"":""index_0_to_1"",""rb_utilization"":""ratio""}"
1.0.0,smoke-000171,42,stable_load,tv1_smoke_fixed,171,12.292,1.0,0.0,0.0,0.509026,0.72,25,25,25,11,12292,2560,1,0,"{""throughput_e"":""Mbps"",""delay_u"":""ms"",""drop_u"":""ratio"",""sla_violation"":""ratio"",""fairness"":""index_0_to_1"",""rb_utilization"":""ratio""}"
1.0.0,smoke-000172,42,stable_load,tv1_smoke_fixed,172,12.292,1.0,0.0,0.0,0.509104,1.0,25,25,25,25,12292,7579,2,0,"{""throughput_e"":""Mbps"",""delay_u"":""ms"",""drop_u"":""ratio"",""sla_violation"":""ratio"",""fairness"":""index_0_to_1"",""rb_utilization"":""ratio""}"
1.0.0,smoke-000173,42,stable_load,tv1_smoke_fixed,173,12.292,1.333333,0.0,0.0,0.509187,1.0,25,25,25,25,12292,7579,3,0,"{""throughput_e"":""Mbps"",""delay_u"":""ms"",""drop_u"":""ratio"",""sla_violation"":""ratio"",""fairness"":""index_0_to_1"",""rb_utilization"":""ratio""}"
1.0.0,smoke-000174,42,stable_load,tv1_smoke_fixed,174,12.292,1.5,0.0,0.0,0.508908,0.7,25,25,25,10,12292,2762,2,0,"{""throughput_e"":""Mbps"",""delay_u"":""ms"",""drop_u"":""ratio"",""sla_violation"":""ratio"",""fairness"":""index_0_to_1"",""rb_utilization"":""ratio""}"
1.0.0,smoke-000175,42,stable_load,tv1_smoke_fixed,175,10.465,1.0,0.0,0.0,0.507541,0.84,25,25,25,17,10465,5120,2,0,"{""throughput_e"":""Mbps"",""delay_u"":""ms"",""drop_u"":""ratio"",""sla_violation"":""ratio"",""fairness"":""index_0_to_1"",""rb_utilization"":""ratio""}"
1.0.0,smoke-000176,42,stable_load,tv1_smoke_fixed,176,10.465,1.0,0.0,0.0,0.5075,0.68,25,25,25,9,10465,2560,1,0,"{""throughput_e"":""Mbps"",""delay_u"":""ms"",""drop_u"":""ratio"",""sla_violation"":""ratio"",""fairness"":""index_0_to_1"",""rb_utilization"":""ratio""}"
1.0.0,smoke-000177,42,stable_load,tv1_smoke_fixed,177,10.465,1.0,0.0,0.0,0.507467,0.68,25,25,25,9,10465,2560,1,0,"{""throughput_e"":""Mbps"",""delay_u"":""ms"",""drop_u"":""ratio"",""sla_violation"":""ratio"",""fairness"":""index_0_to_1"",""rb_utilization"":""ratio""}"
1.0.0,smoke-000178,42,stable_load,tv1_smoke_fixed,178,12.292,1.0,0.0,0.0,0.508722,0.8,25,25,25,15,12292,5120,2,0,"{""throughput_e"":""Mbps"",""delay_u"":""ms"",""drop_u"":""ratio"",""sla_violation"":""ratio"",""fairness"":""index_0_to_1"",""rb_utilization"":""ratio""}"
1.0.0,smoke-000179,42,stable_load,tv1_smoke_fixed,179,12.292,0.0,0.0,0.0,0.508683,0.5,25,25,25,0,12292,0,0,0,"{""throughput_e"":""Mbps"",""delay_u"":""ms"",""drop_u"":""ratio"",""sla_violation"":""ratio"",""fairness"":""index_0_to_1"",""rb_utilization"":""ratio""}"
1.0.0,smoke-000180,42,stable_load,tv1_smoke_fixed,180,10.465,1.0,0.0,0.0,0.507375,0.76,25,25,25,13,10465,5120,2,0,"{""throughput_e"":""Mbps"",""delay_u"":""ms"",""drop_u"":""ratio"",""sla_violation"":""ratio"",""fairness"":""index_0_to_1"",""rb_utilization"":""ratio""}"
1.0.0,smoke-000181,42,stable_load,tv1_smoke_fixed,181,10.465,0.0,0.0,0.0,0.507335,0.5,25,25,25,0,10465,0,0,0,"{""throughput_e"":""Mbps"",""delay_u"":""ms"",""drop_u"":""ratio"",""sla_violation"":""ratio"",""fairness"":""index_0_to_1"",""rb_utilization"":""ratio""}"
1.0.0,smoke-000182,42,stable_load,tv1_smoke_fixed,182,10.465,0.0,0.0,0.0,0.507294,0.5,25,25,25,0,10465,0,0,0,"{""throughput_e"":""Mbps"",""delay_u"":""ms"",""drop_u"":""ratio"",""sla_violation"":""ratio"",""fairness"":""index_0_to_1"",""rb_utilization"":""ratio""}"
1.0.0,smoke-000183,42,stable_load,tv1_smoke_fixed,183,10.465,0.0,0.0,0.0,0.507251,0.5,25,25,25,0,10465,0,0,0,"{""throughput_e"":""Mbps"",""delay_u"":""ms"",""drop_u"":""ratio"",""sla_violation"":""ratio"",""fairness"":""index_0_to_1"",""rb_utilization"":""ratio""}"
1.0.0,smoke-000184,42,stable_load,tv1_smoke_fixed,184,10.465,1.0,0.0,0.0,0.507219,0.82,25,25,25,16,10465,7680,3,0,"{""throughput_e"":""Mbps"",""delay_u"":""ms"",""drop_u"":""ratio"",""sla_violation"":""ratio"",""fairness"":""index_0_to_1"",""rb_utilization"":""ratio""}"
1.0.0,smoke-000185,42,stable_load,tv1_smoke_fixed,185,10.465,1.0,0.0,0.0,0.507183,0.82,25,25,25,16,10465,7680,3,0,"{""throughput_e"":""Mbps"",""delay_u"":""ms"",""drop_u"":""ratio"",""sla_violation"":""ratio"",""fairness"":""index_0_to_1"",""rb_utilization"":""ratio""}"
1.0.0,smoke-000186,42,stable_load,tv1_smoke_fixed,186,10.465,0.0,0.0,0.0,0.507154,0.5,25,25,25,0,10465,0,0,0,"{""throughput_e"":""Mbps"",""delay_u"":""ms"",""drop_u"":""ratio"",""sla_violation"":""ratio"",""fairness"":""index_0_to_1"",""rb_utilization"":""ratio""}"
1.0.0,smoke-000187,42,stable_load,tv1_smoke_fixed,187,10.465,0.0,0.0,0.0,0.507116,0.5,25,25,25,0,10465,0,0,0,"{""throughput_e"":""Mbps"",""delay_u"":""ms"",""drop_u"":""ratio"",""sla_violation"":""ratio"",""fairness"":""index_0_to_1"",""rb_utilization"":""ratio""}"
1.0.0,smoke-000188,42,stable_load,tv1_smoke_fixed,188,10.465,1.0,0.0,0.0,0.507072,0.66,25,25,25,8,10465,5120,2,0,"{""throughput_e"":""Mbps"",""delay_u"":""ms"",""drop_u"":""ratio"",""sla_violation"":""ratio"",""fairness"":""index_0_to_1"",""rb_utilization"":""ratio""}"
1.0.0,smoke-000189,42,stable_load,tv1_smoke_fixed,189,10.465,1.0,0.0,0.0,0.507039,0.6,25,25,25,5,10465,2560,1,0,"{""throughput_e"":""Mbps"",""delay_u"":""ms"",""drop_u"":""ratio"",""sla_violation"":""ratio"",""fairness"":""index_0_to_1"",""rb_utilization"":""ratio""}"
1.0.0,smoke-000190,42,stable_load,tv1_smoke_fixed,190,12.292,1.0,0.0,0.0,0.50822,0.68,25,25,25,9,12292,5120,2,0,"{""throughput_e"":""Mbps"",""delay_u"":""ms"",""drop_u"":""ratio"",""sla_violation"":""ratio"",""fairness"":""index_0_to_1"",""rb_utilization"":""ratio""}"
1.0.0,smoke-000191,42,stable_load,tv1_smoke_fixed,191,12.292,1.0,0.0,0.0,0.50818,0.78,25,25,25,14,12292,7680,3,0,"{""throughput_e"":""Mbps"",""delay_u"":""ms"",""drop_u"":""ratio"",""sla_violation"":""ratio"",""fairness"":""index_0_to_1"",""rb_utilization"":""ratio""}"
1.0.0,smoke-000192,42,stable_load,tv1_smoke_fixed,192,12.292,1.0,0.0,0.0,0.508158,0.74,25,25,25,12,12292,7680,3,0,"{""throughput_e"":""Mbps"",""delay_u"":""ms"",""drop_u"":""ratio"",""sla_violation"":""ratio"",""fairness"":""index_0_to_1"",""rb_utilization"":""ratio""}"
1.0.0,smoke-000193,42,stable_load,tv1_smoke_fixed,193,12.292,1.0,0.0,0.0,0.508129,0.82,25,25,25,16,12292,10240,4,0,"{""throughput_e"":""Mbps"",""delay_u"":""ms"",""drop_u"":""ratio"",""sla_violation"":""ratio"",""fairness"":""index_0_to_1"",""rb_utilization"":""ratio""}"
1.0.0,smoke-000194,42,stable_load,tv1_smoke_fixed,194,12.292,0.0,0.0,0.0,0.508095,0.5,25,25,25,0,12292,0,0,0,"{""throughput_e"":""Mbps"",""delay_u"":""ms"",""drop_u"":""ratio"",""sla_violation"":""ratio"",""fairness"":""index_0_to_1"",""rb_utilization"":""ratio""}"
1.0.0,smoke-000195,42,stable_load,tv1_smoke_fixed,195,12.292,0.0,0.0,0.0,0.508054,0.5,25,25,25,0,12292,0,0,0,"{""throughput_e"":""Mbps"",""delay_u"":""ms"",""drop_u"":""ratio"",""sla_violation"":""ratio"",""fairness"":""index_0_to_1"",""rb_utilization"":""ratio""}"
1.0.0,smoke-000196,42,stable_load,tv1_smoke_fixed,196,12.292,1.0,0.0,0.0,0.508023,0.66,25,25,25,8,12292,5120,2,0,"{""throughput_e"":""Mbps"",""delay_u"":""ms"",""drop_u"":""ratio"",""sla_violation"":""ratio"",""fairness"":""index_0_to_1"",""rb_utilization"":""ratio""}"
1.0.0,smoke-000197,42,stable_load,tv1_smoke_fixed,197,12.292,1.0,0.0,0.0,0.507993,0.58,25,25,25,4,12292,2560,1,0,"{""throughput_e"":""Mbps"",""delay_u"":""ms"",""drop_u"":""ratio"",""sla_violation"":""ratio"",""fairness"":""index_0_to_1"",""rb_utilization"":""ratio""}"
1.0.0,smoke-000198,42,stable_load,tv1_smoke_fixed,198,12.292,1.0,0.0,0.0,0.507966,0.86,25,25,25,18,12292,10240,4,0,"{""throughput_e"":""Mbps"",""delay_u"":""ms"",""drop_u"":""ratio"",""sla_violation"":""ratio"",""fairness"":""index_0_to_1"",""rb_utilization"":""ratio""}"
1.0.0,smoke-000199,42,stable_load,tv1_smoke_fixed,199,12.292,1.0,0.0,0.0,0.507945,0.72,25,25,25,11,12292,5120,2,0,"{""throughput_e"":""Mbps"",""delay_u"":""ms"",""drop_u"":""ratio"",""sla_violation"":""ratio"",""fairness"":""index_0_to_1"",""rb_utilization"":""ratio""}"
1.0.0,smoke-000200,42,stable_load,tv1_smoke_fixed,200,12.292,1.0,0.0,0.0,0.507925,0.62,25,25,25,6,12292,2560,1,0,"{""throughput_e"":""Mbps"",""delay_u"":""ms"",""drop_u"":""ratio"",""sla_violation"":""ratio"",""fairness"":""index_0_to_1"",""rb_utilization"":""ratio""}"
1.0.0,smoke-000201,42,stable_load,tv1_smoke_fixed,201,14.248,0.0,0.0,0.0,0.509168,0.5,25,25,25,0,14248,0,0,0,"{""throughput_e"":""Mbps"",""delay_u"":""ms"",""drop_u"":""ratio"",""sla_violation"":""ratio"",""fairness"":""index_0_to_1"",""rb_utilization"":""ratio""}"
1.0.0,smoke-000202,42,stable_load,tv1_smoke_fixed,202,12.292,1.0,0.0,0.0,0.507895,0.64,25,25,25,7,12292,2560,1,0,"{""throughput_e"":""Mbps"",""delay_u"":""ms"",""drop_u"":""ratio"",""sla_violation"":""ratio"",""fairness"":""index_0_to_1"",""rb_utilization"":""ratio""}"
1.0.0,smoke-000203,42,stable_load,tv1_smoke_fixed,203,12.292,0.0,0.0,0.0,0.507855,0.5,25,25,25,0,12292,0,0,0,"{""throughput_e"":""Mbps"",""delay_u"":""ms"",""drop_u"":""ratio"",""sla_violation"":""ratio"",""fairness"":""index_0_to_1"",""rb_utilization"":""ratio""}"
1.0.0,smoke-000204,42,stable_load,tv1_smoke_fixed,204,14.248,1.0,0.0,0.0,0.509076,0.88,25,25,25,19,14248,7680,3,0,"{""throughput_e"":""Mbps"",""delay_u"":""ms"",""drop_u"":""ratio"",""sla_violation"":""ratio"",""fairness"":""index_0_to_1"",""rb_utilization"":""ratio""}"
1.0.0,smoke-000205,42,stable_load,tv1_smoke_fixed,205,14.248,0.0,0.0,0.0,0.509067,0.5,25,25,25,0,14248,0,0,0,"{""throughput_e"":""Mbps"",""delay_u"":""ms"",""drop_u"":""ratio"",""sla_violation"":""ratio"",""fairness"":""index_0_to_1"",""rb_utilization"":""ratio""}"
1.0.0,smoke-000206,42,stable_load,tv1_smoke_fixed,206,14.248,1.0,0.0,0.0,0.509052,0.64,25,25,25,7,14248,2560,1,0,"{""throughput_e"":""Mbps"",""delay_u"":""ms"",""drop_u"":""ratio"",""sla_violation"":""ratio"",""fairness"":""index_0_to_1"",""rb_utilization"":""ratio""}"
1.0.0,smoke-000207,42,stable_load,tv1_smoke_fixed,207,14.248,1.0,0.0,0.0,0.516119,1.0,25,25,25,25,14248,8601,3,0,"{""throughput_e"":""Mbps"",""delay_u"":""ms"",""drop_u"":""ratio"",""sla_violation"":""ratio"",""fairness"":""index_0_to_1"",""rb_utilization"":""ratio""}"
1.0.0,smoke-000208,42,stable_load,tv1_smoke_fixed,208,14.248,2.0,0.0,0.0,0.515094,1.0,25,25,25,25,14248,8601,3,0,"{""throughput_e"":""Mbps"",""delay_u"":""ms"",""drop_u"":""ratio"",""sla_violation"":""ratio"",""fairness"":""index_0_to_1"",""rb_utilization"":""ratio""}"
1.0.0,smoke-000209,42,stable_load,tv1_smoke_fixed,209,14.248,1.75,0.0,0.0,0.50939,1.0,25,25,25,25,14248,10465,4,0,"{""throughput_e"":""Mbps"",""delay_u"":""ms"",""drop_u"":""ratio"",""sla_violation"":""ratio"",""fairness"":""index_0_to_1"",""rb_utilization"":""ratio""}"
1.0.0,smoke-000210,42,stable_load,tv1_smoke_fixed,210,14.248,1.333333,0.0,0.0,0.50894,0.78,25,25,25,14,14248,5613,3,0,"{""throughput_e"":""Mbps"",""delay_u"":""ms"",""drop_u"":""ratio"",""sla_violation"":""ratio"",""fairness"":""index_0_to_1"",""rb_utilization"":""ratio""}"
1.0.0,smoke-000211,42,stable_load,tv1_smoke_fixed,211,14.248,1.0,0.0,0.0,0.508915,0.76,25,25,25,13,14248,5120,2,0,"{""throughput_e"":""Mbps"",""delay_u"":""ms"",""drop_u"":""ratio"",""sla_violation"":""ratio"",""fairness"":""index_0_to_1"",""rb_utilization"":""ratio""}"
1.0.0,smoke-000212,42,stable_load,tv1_smoke_fixed,212,14.248,1.0,0.0,0.0,0.50888,0.8,25,25,25,15,14248,5120,2,0,"{""throughput_e"":""Mbps"",""delay_u"":""ms"",""drop_u"":""ratio"",""sla_violation"":""ratio"",""fairness"":""index_0_to_1"",""rb_utilization"":""ratio""}"
1.0.0,smoke-000213,42,stable_load,tv1_smoke_fixed,213,14.248,1.0,0.0,0.0,0.508864,0.8,25,25,25,15,14248,5120,2,0,"{""throughput_e"":""Mbps"",""delay_u"":""ms"",""drop_u"":""ratio"",""sla_violation"":""ratio"",""fairness"":""index_0_to_1"",""rb_utilization"":""ratio""}"
1.0.0,smoke-000214,42,stable_load,tv1_smoke_fixed,214,14.248,1.0,0.0,0.0,0.508868,0.8,25,25,25,15,14248,5120,2,0,"{""throughput_e"":""Mbps"",""delay_u"":""ms"",""drop_u"":""ratio"",""sla_violation"":""ratio"",""fairness"":""index_0_to_1"",""rb_utilization"":""ratio""}"
1.0.0,smoke-000215,42,stable_load,tv1_smoke_fixed,215,14.248,0.0,0.0,0.0,0.508849,0.5,25,25,25,0,14248,0,0,0,"{""throughput_e"":""Mbps"",""delay_u"":""ms"",""drop_u"":""ratio"",""sla_violation"":""ratio"",""fairness"":""index_0_to_1"",""rb_utilization"":""ratio""}"
1.0.0,smoke-000216,42,stable_load,tv1_smoke_fixed,216,12.292,1.0,0.0,0.0,0.507625,0.8,25,25,25,15,12292,5120,2,0,"{""throughput_e"":""Mbps"",""delay_u"":""ms"",""drop_u"":""ratio"",""sla_violation"":""ratio"",""fairness"":""index_0_to_1"",""rb_utilization"":""ratio""}"
1.0.0,smoke-000217,42,stable_load,tv1_smoke_fixed,217,12.292,1.0,0.0,0.0,0.507589,0.88,25,25,25,19,12292,7680,3,0,"{""throughput_e"":""Mbps"",""delay_u"":""ms"",""drop_u"":""ratio"",""sla_violation"":""ratio"",""fairness"":""index_0_to_1"",""rb_utilization"":""ratio""}"
1.0.0,smoke-000218,42,stable_load,tv1_smoke_fixed,218,10.465,1.0,0.0,0.0,0.506427,0.64,25,25,25,7,10465,2560,1,0,"{""throughput_e"":""Mbps"",""delay_u"":""ms"",""drop_u"":""ratio"",""sla_violation"":""ratio"",""fairness"":""index_0_to_1"",""rb_utilization"":""ratio""}"
1.0.0,smoke-000219,42,stable_load,tv1_smoke_fixed,219,12.292,0.0,0.0,0.0,0.507501,0.5,25,25,25,0,12292,0,0,0,"{""throughput_e"":""Mbps"",""delay_u"":""ms"",""drop_u"":""ratio"",""sla_violation"":""ratio"",""fairness"":""index_0_to_1"",""rb_utilization"":""ratio""}"
1.0.0,smoke-000220,42,stable_load,tv1_smoke_fixed,220,12.292,0.0,0.0,0.0,0.507483,0.5,25,25,25,0,12292,0,0,0,"{""throughput_e"":""Mbps"",""delay_u"":""ms"",""drop_u"":""ratio"",""sla_violation"":""ratio"",""fairness"":""index_0_to_1"",""rb_utilization"":""ratio""}"
1.0.0,smoke-000221,42,stable_load,tv1_smoke_fixed,221,12.292,1.0,0.0,0.0,0.50746,0.88,25,25,25,19,12292,7680,3,0,"{""throughput_e"":""Mbps"",""delay_u"":""ms"",""drop_u"":""ratio"",""sla_violation"":""ratio"",""fairness"":""index_0_to_1"",""rb_utilization"":""ratio""}"
1.0.0,smoke-000222,42,stable_load,tv1_smoke_fixed,222,12.292,1.0,0.0,0.0,0.50743,0.76,25,25,25,13,12292,5120,2,0,"{""throughput_e"":""Mbps"",""delay_u"":""ms"",""drop_u"":""ratio"",""sla_violation"":""ratio"",""fairness"":""index_0_to_1"",""rb_utilization"":""ratio""}"
1.0.0,smoke-000223,42,stable_load,tv1_smoke_fixed,223,12.292,1.0,0.0,0.0,0.507412,0.76,25,25,25,13,12292,5120,2,0,"{""throughput_e"":""Mbps"",""delay_u"":""ms"",""drop_u"":""ratio"",""sla_violation"":""ratio"",""fairness"":""index_0_to_1"",""rb_utilization"":""ratio""}"
1.0.0,smoke-000224,42,stable_load,tv1_smoke_fixed,224,12.292,1.0,0.0,0.0,0.507392,1.0,25,25,25,25,12292,10240,4,0,"{""throughput_e"":""Mbps"",""delay_u"":""ms"",""drop_u"":""ratio"",""sla_violation"":""ratio"",""fairness"":""index_0_to_1"",""rb_utilization"":""ratio""}"
1.0.0,smoke-000225,42,stable_load,tv1_smoke_fixed,225,12.292,1.0,0.0,0.0,0.507369,0.88,25,25,25,19,12292,7680,3,0,"{""throughput_e"":""Mbps"",""delay_u"":""ms"",""drop_u"":""ratio"",""sla_violation"":""ratio"",""fairness"":""index_0_to_1"",""rb_utilization"":""ratio""}"
1.0.0,smoke-000226,42,stable_load,tv1_smoke_fixed,226,12.292,1.0,0.0,0.0,0.507342,0.64,25,25,25,7,12292,2560,1,0,"{""throughput_e"":""Mbps"",""delay_u"":""ms"",""drop_u"":""ratio"",""sla_violation"":""ratio"",""fairness"":""index_0_to_1"",""rb_utilization"":""ratio""}"
1.0.0,smoke-000227,42,stable_load,tv1_smoke_fixed,227,12.292,1.0,0.0,0.0,0.507322,0.76,25,25,25,13,12292,5120,2,0,"{""throughput_e"":""Mbps"",""delay_u"":""ms"",""drop_u"":""ratio"",""sla_violation"":""ratio"",""fairness"":""index_0_to_1"",""rb_utilization"":""ratio""}"
1.0.0,smoke-000228,42,stable_load,tv1_smoke_fixed,228,12.292,1.0,0.0,0.0,0.507303,0.76,25,25,25,13,12292,5120,2,0,"{""throughput_e"":""Mbps"",""delay_u"":""ms"",""drop_u"":""ratio"",""sla_violation"":""ratio"",""fairness"":""index_0_to_1"",""rb_utilization"":""ratio""}"
1.0.0,smoke-000229,42,stable_load,tv1_smoke_fixed,229,12.292,1.0,0.0,0.0,0.507279,0.62,25,25,25,6,12292,2560,1,0,"{""throughput_e"":""Mbps"",""delay_u"":""ms"",""drop_u"":""ratio"",""sla_violation"":""ratio"",""fairness"":""index_0_to_1"",""rb_utilization"":""ratio""}"
1.0.0,smoke-000230,42,stable_load,tv1_smoke_fixed,230,12.292,1.0,0.0,0.0,0.507258,0.62,25,25,25,6,12292,2560,1,0,"{""throughput_e"":""Mbps"",""delay_u"":""ms"",""drop_u"":""ratio"",""sla_violation"":""ratio"",""fairness"":""index_0_to_1"",""rb_utilization"":""ratio""}"
1.0.0,smoke-000231,42,stable_load,tv1_smoke_fixed,231,12.292,0.0,0.0,0.0,0.507241,0.5,25,25,25,0,12292,0,0,0,"{""throughput_e"":""Mbps"",""delay_u"":""ms"",""drop_u"":""ratio"",""sla_violation"":""ratio"",""fairness"":""index_0_to_1"",""rb_utilization"":""ratio""}"
1.0.0,smoke-000232,42,stable_load,tv1_smoke_fixed,232,12.292,1.0,0.0,0.0,0.507217,0.72,25,25,25,11,12292,5120,2,0,"{""throughput_e"":""Mbps"",""delay_u"":""ms"",""drop_u"":""ratio"",""sla_violation"":""ratio"",""fairness"":""index_0_to_1"",""rb_utilization"":""ratio""}"
1.0.0,smoke-000233,42,stable_load,tv1_smoke_fixed,233,12.292,1.0,0.0,0.0,0.507203,0.82,25,25,25,16,12292,7680,3,0,"{""throughput_e"":""Mbps"",""delay_u"":""ms"",""drop_u"":""ratio"",""sla_violation"":""ratio"",""fairness"":""index_0_to_1"",""rb_utilization"":""ratio""}"
1.0.0,smoke-000234,42,stable_load,tv1_smoke_fixed,234,10.465,1.0,0.0,0.0,0.506119,0.88,25,25,25,19,10465,7680,3,0,"{""throughput_e"":""Mbps"",""delay_u"":""ms"",""drop_u"":""ratio"",""sla_violation"":""ratio"",""fairness"":""index_0_to_1"",""rb_utilization"":""ratio""}"
1.0.0,smoke-000235,42,stable_load,tv1_smoke_fixed,235,10.465,1.0,0.0,0.0,0.506092,0.76,25,25,25,13,10465,5120,2,0,"{""throughput_e"":""Mbps"",""delay_u"":""ms"",""drop_u"":""ratio"",""sla_violation"":""ratio"",""fairness"":""index_0_to_1"",""rb_utilization"":""ratio""}"
1.0.0,smoke-000236,42,stable_load,tv1_smoke_fixed,236,10.465,1.0,0.0,0.0,0.506067,0.72,25,25,25,11,10465,5120,2,0,"{""throughput_e"":""Mbps"",""delay_u"":""ms"",""drop_u"":""ratio"",""sla_violation"":""ratio"",""fairness"":""index_0_to_1"",""rb_utilization"":""ratio""}"
1.0.0,smoke-000237,42,stable_load,tv1_smoke_fixed,237,10.465,1.0,0.0,0.0,0.506293,1.0,25,25,25,25,10465,12292,4,0,"{""throughput_e"":""Mbps"",""delay_u"":""ms"",""drop_u"":""ratio"",""sla_violation"":""ratio"",""fairness"":""index_0_to_1"",""rb_utilization"":""ratio""}"
1.0.0,smoke-000238,42,stable_load,tv1_smoke_fixed,238,12.292,1.333333,0.0,0.0,0.507072,0.74,25,25,25,12,12292,5628,3,0,"{""throughput_e"":""Mbps"",""delay_u"":""ms"",""drop_u"":""ratio"",""sla_violation"":""ratio"",""fairness"":""index_0_to_1"",""rb_utilization"":""ratio""}"
1.0.0,smoke-000239,42,stable_load,tv1_smoke_fixed,239,12.292,0.0,0.0,0.0,0.50704,0.5,25,25,25,0,12292,0,0,0,"{""throughput_e"":""Mbps"",""delay_u"":""ms"",""drop_u"":""ratio"",""sla_violation"":""ratio"",""fairness"":""index_0_to_1"",""rb_utilization"":""ratio""}"
1.0.0,smoke-000240,42,stable_load,tv1_smoke_fixed,240,12.292,1.0,0.0,0.0,0.507026,0.78,25,25,25,14,12292,7680,3,0,"{""throughput_e"":""Mbps"",""delay_u"":""ms"",""drop_u"":""ratio"",""sla_violation"":""ratio"",""fairness"":""index_0_to_1"",""rb_utilization"":""ratio""}"
1.0.0,smoke-000241,42,stable_load,tv1_smoke_fixed,241,12.292,1.0,0.0,0.0,0.507013,0.78,25,25,25,14,12292,7680,3,0,"{""throughput_e"":""Mbps"",""delay_u"":""ms"",""drop_u"":""ratio"",""sla_violation"":""ratio"",""fairness"":""index_0_to_1"",""rb_utilization"":""ratio""}"
1.0.0,smoke-000242,42,stable_load,tv1_smoke_fixed,242,12.292,1.0,0.0,0.0,0.506989,0.68,25,25,25,9,12292,5120,2,0,"{""throughput_e"":""Mbps"",""delay_u"":""ms"",""drop_u"":""ratio"",""sla_violation"":""ratio"",""fairness"":""index_0_to_1"",""rb_utilization"":""ratio""}"
1.0.0,smoke-000243,42,stable_load,tv1_smoke_fixed,243,12.292,0.0,0.0,0.0,0.506967,0.5,25,25,25,0,12292,0,0,0,"{""throughput_e"":""Mbps"",""delay_u"":""ms"",""drop_u"":""ratio"",""sla_violation"":""ratio"",""fairness"":""index_0_to_1"",""rb_utilization"":""ratio""}"
1.0.0,smoke-000244,42,stable_load,tv1_smoke_fixed,244,10.465,1.0,0.0,0.0,0.505919,0.6,25,25,25,5,10465,2560,1,0,"{""throughput_e"":""Mbps"",""delay_u"":""ms"",""drop_u"":""ratio"",""sla_violation"":""ratio"",""fairness"":""index_0_to_1"",""rb_utilization"":""ratio""}"
1.0.0,smoke-000245,42,stable_load,tv1_smoke_fixed,245,10.465,0.0,0.0,0.0,0.505895,0.5,25,25,25,0,10465,0,0,0,"{""throughput_e"":""Mbps"",""delay_u"":""ms"",""drop_u"":""ratio"",""sla_violation"":""ratio"",""fairness"":""index_0_to_1"",""rb_utilization"":""ratio""}"
1.0.0,smoke-000246,42,stable_load,tv1_smoke_fixed,246,10.465,1.0,0.0,0.0,0.505866,0.6,25,25,25,5,10465,2560,1,0,"{""throughput_e"":""Mbps"",""delay_u"":""ms"",""drop_u"":""ratio"",""sla_violation"":""ratio"",""fairness"":""index_0_to_1"",""rb_utilization"":""ratio""}"
1.0.0,smoke-000247,42,stable_load,tv1_smoke_fixed,247,10.465,0.0,0.0,0.0,0.505846,0.5,25,25,25,0,10465,0,0,0,"{""throughput_e"":""Mbps"",""delay_u"":""ms"",""drop_u"":""ratio"",""sla_violation"":""ratio"",""fairness"":""index_0_to_1"",""rb_utilization"":""ratio""}"
1.0.0,smoke-000248,42,stable_load,tv1_smoke_fixed,248,10.465,1.0,0.0,0.0,0.505825,0.62,25,25,25,6,10465,2560,1,0,"{""throughput_e"":""Mbps"",""delay_u"":""ms"",""drop_u"":""ratio"",""sla_violation"":""ratio"",""fairness"":""index_0_to_1"",""rb_utilization"":""ratio""}"
1.0.0,smoke-000249,42,stable_load,tv1_smoke_fixed,249,10.465,1.0,0.0,0.0,0.5058,0.82,25,25,25,16,10465,7680,3,0,"{""throughput_e"":""Mbps"",""delay_u"":""ms"",""drop_u"":""ratio"",""sla_violation"":""ratio"",""fairness"":""index_0_to_1"",""rb_utilization"":""ratio""}"
1.0.0,smoke-000250,42,stable_load,tv1_smoke_fixed,250,10.465,1.0,0.0,0.0,0.50578,0.72,25,25,25,11,10465,5120,2,0,"{""throughput_e"":""Mbps"",""delay_u"":""ms"",""drop_u"":""ratio"",""sla_violation"":""ratio"",""fairness"":""index_0_to_1"",""rb_utilization"":""ratio""}"
1.0.0,smoke-000251,42,stable_load,tv1_smoke_fixed,251,12.292,1.0,0.0,0.0,0.506759,0.62,25,25,25,6,12292,2560,1,0,"{""throughput_e"":""Mbps"",""delay_u"":""ms"",""drop_u"":""ratio"",""sla_violation"":""ratio"",""fairness"":""index_0_to_1"",""rb_utilization"":""ratio""}"
1.0.0,smoke-000252,42,stable_load,tv1_smoke_fixed,252,12.292,1.0,0.0,0.0,0.506736,0.62,25,25,25,6,12292,2560,1,0,"{""throughput_e"":""Mbps"",""delay_u"":""ms"",""drop_u"":""ratio"",""sla_violation"":""ratio"",""fairness"":""index_0_to_1"",""rb_utilization"":""ratio""}"
1.0.0,smoke-000253,42,stable_load,tv1_smoke_fixed,253,12.292,1.0,0.0,0.0,0.50671,0.82,25,25,25,16,12292,7680,3,0,"{""throughput_e"":""Mbps"",""delay_u"":""ms"",""drop_u"":""ratio"",""sla_violation"":""ratio"",""fairness"":""index_0_to_1"",""rb_utilization"":""ratio""}"
1.0.0,smoke-000254,42,stable_load,tv1_smoke_fixed,254,12.292,1.0,0.0,0.0,0.506681,0.62,25,25,25,6,12292,2560,1,0,"{""throughput_e"":""Mbps"",""delay_u"":""ms"",""drop_u"":""ratio"",""sla_violation"":""ratio"",""fairness"":""index_0_to_1"",""rb_utilization"":""ratio""}"
1.0.0,smoke-000255,42,stable_load,tv1_smoke_fixed,255,12.292,1.0,0.0,0.0,0.506661,0.72,25,25,25,11,12292,5120,2,0,"{""throughput_e"":""Mbps"",""delay_u"":""ms"",""drop_u"":""ratio"",""sla_violation"":""ratio"",""fairness"":""index_0_to_1"",""rb_utilization"":""ratio""}"
1.0.0,smoke-000256,42,stable_load,tv1_smoke_fixed,256,10.465,1.0,0.0,0.0,0.505658,0.76,25,25,25,13,10465,5120,2,0,"{""throughput_e"":""Mbps"",""delay_u"":""ms"",""drop_u"":""ratio"",""sla_violation"":""ratio"",""fairness"":""index_0_to_1"",""rb_utilization"":""ratio""}"
1.0.0,smoke-000257,42,stable_load,tv1_smoke_fixed,257,10.465,1.0,0.0,0.0,0.505638,0.66,25,25,25,8,10465,2560,1,0,"{""throughput_e"":""Mbps"",""delay_u"":""ms"",""drop_u"":""ratio"",""sla_violation"":""ratio"",""fairness"":""index_0_to_1"",""rb_utilization"":""ratio""}"
1.0.0,smoke-000258,42,stable_load,tv1_smoke_fixed,258,10.465,1.0,0.0,0.0,0.50669,1.0,25,25,25,25,10465,8601,3,0,"{""throughput_e"":""Mbps"",""delay_u"":""ms"",""drop_u"":""ratio"",""sla_violation"":""ratio"",""fairness"":""index_0_to_1"",""rb_utilization"":""ratio""}"
1.0.0,smoke-000259,42,stable_load,tv1_smoke_fixed,259,8.601,1.333333,0.0,0.0,0.504604,0.9,25,25,25,20,8601,6759,3,0,"{""throughput_e"":""Mbps"",""delay_u"":""ms"",""drop_u"":""ratio"",""sla_violation"":""ratio"",""fairness"":""index_0_to_1"",""rb_utilization"":""ratio""}"
1.0.0,smoke-000260,42,stable_load,tv1_smoke_fixed,260,8.601,1.0,0.0,0.0,0.504585,0.66,25,25,25,8,8601,2560,1,0,"{""throughput_e"":""Mbps"",""delay_u"":""ms"",""drop_u"":""ratio"",""sla_violation"":""ratio"",""fairness"":""index_0_to_1"",""rb_utilization"":""ratio""}"
1.0.0,smoke-000261,42,stable_load,tv1_smoke_fixed,261,8.601,1.0,0.0,0.0,0.504561,0.66,25,25,25,8,8601,2560,1,0,"{""throughput_e"":""Mbps"",""delay_u"":""ms"",""drop_u"":""ratio"",""sla_violation"":""ratio"",""fairness"":""index_0_to_1"",""rb_utilization"":""ratio""}"
1.0.0,smoke-000262,42,stable_load,tv1_smoke_fixed,262,8.601,1.0,0.0,0.0,0.505402,1.0,25,25,25,25,8601,8601,3,0,"{""throughput_e"":""Mbps"",""delay_u"":""ms"",""drop_u"":""ratio"",""sla_violation"":""ratio"",""fairness"":""index_0_to_1"",""rb_utilization"":""ratio""}"
1.0.0,smoke-000263,42,stable_load,tv1_smoke_fixed,263,8.601,1.5,0.0,0.0,0.504513,0.72,25,25,25,11,8601,4199,2,0,"{""throughput_e"":""Mbps"",""delay_u"":""ms"",""drop_u"":""ratio"",""sla_violation"":""ratio"",""fairness"":""index_0_to_1"",""rb_utilization"":""ratio""}"
1.0.0,smoke-000264,42,stable_load,tv1_smoke_fixed,264,10.465,1.0,0.0,0.0,0.505472,0.8,25,25,25,15,10465,5120,2,0,"{""throughput_e"":""Mbps"",""delay_u"":""ms"",""drop_u"":""ratio"",""sla_violation"":""ratio"",""fairness"":""index_0_to_1"",""rb_utilization"":""ratio""}"
1.0.0,smoke-000265,42,stable_load,tv1_smoke_fixed,265,10.465,1.0,0.0,0.0,0.50545,0.68,25,25,25,9,10465,2560,1,0,"{""throughput_e"":""Mbps"",""delay_u"":""ms"",""drop_u"":""ratio"",""sla_violation"":""ratio"",""fairness"":""index_0_to_1"",""rb_utilization"":""ratio""}"
1.0.0,smoke-000266,42,stable_load,tv1_smoke_fixed,266,10.465,1.0,0.0,0.0,0.509206,1.0,25,25,25,25,10465,6029,2,0,"{""throughput_e"":""Mbps"",""delay_u"":""ms"",""drop_u"":""ratio"",""sla_violation"":""ratio"",""fairness"":""index_0_to_1"",""rb_utilization"":""ratio""}"
1.0.0,smoke-000267,42,stable_load,tv1_smoke_fixed,267,10.465,2.0,0.0,0.0,0.506066,1.0,25,25,25,25,10465,6029,2,0,"{""throughput_e"":""Mbps"",""delay_u"":""ms"",""drop_u"":""ratio"",""sla_violation"":""ratio"",""fairness"":""index_0_to_1"",""rb_utilization"":""ratio""}"
1.0.0,smoke-000268,42,stable_load,tv1_smoke_fixed,268,12.292,1.333333,0.0,0.0,0.508834,1.0,25,25,25,25,12292,6029,3,0,"{""throughput_e"":""Mbps"",""delay_u"":""ms"",""drop_u"":""ratio"",""sla_violation"":""ratio"",""fairness"":""index_0_to_1"",""rb_utilization"":""ratio""}"
1.0.0,smoke-000269,42,stable_load,tv1_smoke_fixed,269,12.292,1.5,0.0,0.0,0.506307,0.92,25,25,25,21,12292,4953,2,0,"{""throughput_e"":""Mbps"",""delay_u"":""ms"",""drop_u"":""ratio"",""sla_violation"":""ratio"",""fairness"":""index_0_to_1"",""rb_utilization"":""ratio""}"
1.0.0,smoke-000270,42,stable_load,tv1_smoke_fixed,270,12.292,1.0,0.0,0.0,0.508011,1.0,25,25,25,25,12292,6029,2,0,"{""throughput_e"":""Mbps"",""delay_u"":""ms"",""drop_u"":""ratio"",""sla_violation"":""ratio"",""fairness"":""index_0_to_1"",""rb_utilization"":""ratio""}"
1.0.0,smoke-000271,42,stable_load,tv1_smoke_fixed,271,12.292,2.0,0.0,0.0,0.506269,0.64,25,25,25,7,12292,1651,1,0,"{""throughput_e"":""Mbps"",""delay_u"":""ms"",""drop_u"":""ratio"",""sla_violation"":""ratio"",""fairness"":""index_0_to_1"",""rb_utilization"":""ratio""}"
1.0.0,smoke-000272,42,stable_load,tv1_smoke_fixed,272,12.292,1.0,0.0,0.0,0.506246,0.72,25,25,25,11,12292,2560,1,0,"{""throughput_e"":""Mbps"",""delay_u"":""ms"",""drop_u"":""ratio"",""sla_violation"":""ratio"",""fairness"":""index_0_to_1"",""rb_utilization"":""ratio""}"
1.0.0,smoke-000273,42,stable_load,tv1_smoke_fixed,273,14.248,0.0,0.0,0.0,0.50723,0.5,25,25,25,0,14248,0,0,0,"{""throughput_e"":""Mbps"",""delay_u"":""ms"",""drop_u"":""ratio"",""sla_violation"":""ratio"",""fairness"":""index_0_to_1"",""rb_utilization"":""ratio""}"
1.0.0,smoke-000274,42,stable_load,tv1_smoke_fixed,274,14.248,1.0,0.0,0.0,0.507212,0.78,25,25,25,14,14248,2560,1,0,"{""throughput_e"":""Mbps"",""delay_u"":""ms"",""drop_u"":""ratio"",""sla_violation"":""ratio"",""fairness"":""index_0_to_1"",""rb_utilization"":""ratio""}"
1.0.0,smoke-000275,42,stable_load,tv1_smoke_fixed,275,14.248,1.0,0.0,0.0,0.5072,0.78,25,25,25,14,14248,2560,1,0,"{""throughput_e"":""Mbps"",""delay_u"":""ms"",""drop_u"":""ratio"",""sla_violation"":""ratio"",""fairness"":""index_0_to_1"",""rb_utilization"":""ratio""}"
1.0.0,smoke-000276,42,stable_load,tv1_smoke_fixed,276,14.248,1.0,0.0,0.0,0.511878,1.0,25,25,25,25,14248,4651,1,0,"{""throughput_e"":""Mbps"",""delay_u"":""ms"",""drop_u"":""ratio"",""sla_violation"":""ratio"",""fairness"":""index_0_to_1"",""rb_utilization"":""ratio""}"
1.0.0,smoke-000277,42,stable_load,tv1_smoke_fixed,277,14.248,2.0,0.0,0.0,0.507178,0.76,25,25,25,13,14248,3029,2,0,"{""throughput_e"":""Mbps"",""delay_u"":""ms"",""drop_u"":""ratio"",""sla_violation"":""ratio"",""fairness"":""index_0_to_1"",""rb_utilization"":""ratio""}"
1.0.0,smoke-000278,42,stable_load,tv1_smoke_fixed,278,14.248,1.0,0.0,0.0,0.507167,0.68,25,25,25,9,14248,2560,1,0,"{""throughput_e"":""Mbps"",""delay_u"":""ms"",""drop_u"":""ratio"",""sla_violation"":""ratio"",""fairness"":""index_0_to_1"",""rb_utilization"":""ratio""}"
1.0.0,smoke-000279,42,stable_load,tv1_smoke_fixed,279,14.248,1.0,0.0,0.0,0.507152,0.68,25,25,25,9,14248,2560,1,0,"{""throughput_e"":""Mbps"",""delay_u"":""ms"",""drop_u"":""ratio"",""sla_violation"":""ratio"",""fairness"":""index_0_to_1"",""rb_utilization"":""ratio""}"
1.0.0,smoke-000280,42,stable_load,tv1_smoke_fixed,280,14.248,1.0,0.0,0.0,0.507142,0.84,25,25,25,17,14248,5120,2,0,"{""throughput_e"":""Mbps"",""delay_u"":""ms"",""drop_u"":""ratio"",""sla_violation"":""ratio"",""fairness"":""index_0_to_1"",""rb_utilization"":""ratio""}"
1.0.0,smoke-000281,42,stable_load,tv1_smoke_fixed,281,14.248,1.0,0.0,0.0,0.50722,1.0,25,25,25,25,14248,7579,2,0,"{""throughput_e"":""Mbps"",""delay_u"":""ms"",""drop_u"":""ratio"",""sla_violation"":""ratio"",""fairness"":""index_0_to_1"",""rb_utilization"":""ratio""}"
1.0.0,smoke-000282,42,stable_load,tv1_smoke_fixed,282,14.248,2.0,0.0,0.0,0.507114,0.52,25,25,25,1,14248,101,1,0,"{""throughput_e"":""Mbps"",""delay_u"":""ms"",""drop_u"":""ratio"",""sla_violation"":""ratio"",""fairness"":""index_0_to_1"",""rb_utilization"":""ratio""}"
1.0.0,smoke-000283,42,stable_load,tv1_smoke_fixed,283,14.248,1.0,0.0,0.0,0.507194,1.0,25,25,25,25,14248,7579,2,0,"{""throughput_e"":""Mbps"",""delay_u"":""ms"",""drop_u"":""ratio"",""sla_violation"":""ratio"",""fairness"":""index_0_to_1"",""rb_utilization"":""ratio""}"
1.0.0,smoke-000284,42,stable_load,tv1_smoke_fixed,284,14.248,1.5,0.0,0.0,0.507087,0.74,25,25,25,12,14248,2661,2,0,"{""throughput_e"":""Mbps"",""delay_u"":""ms"",""drop_u"":""ratio"",""sla_violation"":""ratio"",""fairness"":""index_0_to_1"",""rb_utilization"":""ratio""}"
1.0.0,smoke-000285,42,stable_load,tv1_smoke_fixed,285,12.292,0.0,0.0,0.0,0.506103,0.5,25,25,25,0,12292,0,0,0,"{""throughput_e"":""Mbps"",""delay_u"":""ms"",""drop_u"":""ratio"",""sla_violation"":""ratio"",""fairness"":""index_0_to_1"",""rb_utilization"":""ratio""}"
1.0.0,smoke-000286,42,stable_load,tv1_smoke_fixed,286,10.465,1.0,0.0,0.0,0.505183,0.72,25,25,25,11,10465,2560,1,0,"{""throughput_e"":""Mbps"",""delay_u"":""ms"",""drop_u"":""ratio"",""sla_violation"":""ratio"",""fairness"":""index_0_to_1"",""rb_utilization"":""ratio""}"
1.0.0,smoke-000287,42,stable_load,tv1_smoke_fixed,287,8.601,0.0,0.0,0.0,0.504244,0.5,25,25,25,0,8601,0,0,0,"{""throughput_e"":""Mbps"",""delay_u"":""ms"",""drop_u"":""ratio"",""sla_violation"":""ratio"",""fairness"":""index_0_to_1"",""rb_utilization"":""ratio""}"
1.0.0,smoke-000288,42,stable_load,tv1_smoke_fixed,288,7.579,0.0,0.0,0.0,0.503721,0.5,25,25,25,0,7579,0,0,0,"{""throughput_e"":""Mbps"",""delay_u"":""ms"",""drop_u"":""ratio"",""sla_violation"":""ratio"",""fairness"":""index_0_to_1"",""rb_utilization"":""ratio""}"
1.0.0,smoke-000289,42,stable_load,tv1_smoke_fixed,289,7.579,1.0,0.0,0.0,0.503704,0.72,25,25,25,11,7579,2560,1,0,"{""throughput_e"":""Mbps"",""delay_u"":""ms"",""drop_u"":""ratio"",""sla_violation"":""ratio"",""fairness"":""index_0_to_1"",""rb_utilization"":""ratio""}"
1.0.0,smoke-000290,42,stable_load,tv1_smoke_fixed,290,7.579,0.0,0.0,0.0,0.503684,0.5,25,25,25,0,7579,0,0,0,"{""throughput_e"":""Mbps"",""delay_u"":""ms"",""drop_u"":""ratio"",""sla_violation"":""ratio"",""fairness"":""index_0_to_1"",""rb_utilization"":""ratio""}"
1.0.0,smoke-000291,42,stable_load,tv1_smoke_fixed,291,7.579,1.0,0.0,0.0,0.503667,0.72,25,25,25,11,7579,2560,1,0,"{""throughput_e"":""Mbps"",""delay_u"":""ms"",""drop_u"":""ratio"",""sla_violation"":""ratio"",""fairness"":""index_0_to_1"",""rb_utilization"":""ratio""}"
1.0.0,smoke-000292,42,stable_load,tv1_smoke_fixed,292,7.579,0.0,0.0,0.0,0.503649,0.5,25,25,25,0,7579,0,0,0,"{""throughput_e"":""Mbps"",""delay_u"":""ms"",""drop_u"":""ratio"",""sla_violation"":""ratio"",""fairness"":""index_0_to_1"",""rb_utilization"":""ratio""}"
1.0.0,smoke-000293,42,stable_load,tv1_smoke_fixed,293,7.579,1.0,0.0,0.0,0.503631,0.68,25,25,25,9,7579,2560,1,0,"{""throughput_e"":""Mbps"",""delay_u"":""ms"",""drop_u"":""ratio"",""sla_violation"":""ratio"",""fairness"":""index_0_to_1"",""rb_utilization"":""ratio""}"
1.0.0,smoke-000294,42,stable_load,tv1_smoke_fixed,294,7.579,0.0,0.0,0.0,0.503614,0.5,25,25,25,0,7579,0,0,0,"{""throughput_e"":""Mbps"",""delay_u"":""ms"",""drop_u"":""ratio"",""sla_violation"":""ratio"",""fairness"":""index_0_to_1"",""rb_utilization"":""ratio""}"
1.0.0,smoke-000295,42,stable_load,tv1_smoke_fixed,295,7.579,1.0,0.0,0.0,0.503642,1.0,25,25,25,25,7579,7579,2,0,"{""throughput_e"":""Mbps"",""delay_u"":""ms"",""drop_u"":""ratio"",""sla_violation"":""ratio"",""fairness"":""index_0_to_1"",""rb_utilization"":""ratio""}"
1.0.0,smoke-000296,42,stable_load,tv1_smoke_fixed,296,7.579,2.0,0.0,0.0,0.503576,0.52,25,25,25,1,7579,101,1,0,"{""throughput_e"":""Mbps"",""delay_u"":""ms"",""drop_u"":""ratio"",""sla_violation"":""ratio"",""fairness"":""index_0_to_1"",""rb_utilization"":""ratio""}"
1.0.0,smoke-000297,42,stable_load,tv1_smoke_fixed,297,7.579,1.0,0.0,0.0,0.503561,0.84,25,25,25,17,7579,5120,2,0,"{""throughput_e"":""Mbps"",""delay_u"":""ms"",""drop_u"":""ratio"",""sla_violation"":""ratio"",""fairness"":""index_0_to_1"",""rb_utilization"":""ratio""}"
1.0.0,smoke-000298,42,stable_load,tv1_smoke_fixed,298,7.579,1.0,0.0,0.0,0.50359,1.0,25,25,25,25,7579,7579,2,0,"{""throughput_e"":""Mbps"",""delay_u"":""ms"",""drop_u"":""ratio"",""sla_violation"":""ratio"",""fairness"":""index_0_to_1"",""rb_utilization"":""ratio""}"
1.0.0,smoke-000299,42,stable_load,tv1_smoke_fixed,299,6.029,1.5,0.0,0.0,0.502809,0.68,25,25,25,9,6029,2661,2,0,"{""throughput_e"":""Mbps"",""delay_u"":""ms"",""drop_u"":""ratio"",""sla_violation"":""ratio"",""fairness"":""index_0_to_1"",""rb_utilization"":""ratio""}"
1.0.0,smoke-000300,42,stable_load,tv1_smoke_fixed,300,7.579,1.0,0.0,0.0,0.503512,0.68,25,25,25,9,7579,2560,1,0,"{""throughput_e"":""Mbps"",""delay_u"":""ms"",""drop_u"":""ratio"",""sla_violation"":""ratio"",""fairness"":""index_0_to_1"",""rb_utilization"":""ratio""}"
1.0.0,smoke-000301,42,stable_load,tv1_smoke_fixed,301,7.579,0.0,0.0,0.0,0.503498,0.5,25,25,25,0,7579,0,0,0,"{""throughput_e"":""Mbps"",""delay_u"":""ms"",""drop_u"":""ratio"",""sla_violation"":""ratio"",""fairness"":""index_0_to_1"",""rb_utilization"":""ratio""}"
1.0.0,smoke-000302,42,stable_load,tv1_smoke_fixed,302,7.579,1.0,0.0,0.0,0.503482,0.68,25,25,25,9,7579,2560,1,0,"{""throughput_e"":""Mbps"",""delay_u"":""ms"",""drop_u"":""ratio"",""sla_violation"":""ratio"",""fairness"":""index_0_to_1"",""rb_utilization"":""ratio""}"
1.0.0,smoke-000303,42,stable_load,tv1_smoke_fixed,303,7.579,1.0,0.0,0.0,0.503466,0.72,25,25,25,11,7579,2560,1,0,"{""throughput_e"":""Mbps"",""delay_u"":""ms"",""drop_u"":""ratio"",""sla_violation"":""ratio"",""fairness"":""index_0_to_1"",""rb_utilization"":""ratio""}"
1.0.0,smoke-000304,42,stable_load,tv1_smoke_fixed,304,7.579,1.0,0.0,0.0,0.503794,1.0,25,25,25,25,7579,4651,1,0,"{""throughput_e"":""Mbps"",""delay_u"":""ms"",""drop_u"":""ratio"",""sla_violation"":""ratio"",""fairness"":""index_0_to_1"",""rb_utilization"":""ratio""}"
1.0.0,smoke-000305,42,stable_load,tv1_smoke_fixed,305,7.579,1.5,0.0,0.0,0.507898,1.0,25,25,25,25,7579,4651,2,0,"{""throughput_e"":""Mbps"",""delay_u"":""ms"",""drop_u"":""ratio"",""sla_violation"":""ratio"",""fairness"":""index_0_to_1"",""rb_utilization"":""ratio""}"
1.0.0,smoke-000306,42,stable_load,tv1_smoke_fixed,306,7.579,2.0,0.0,0.0,0.507944,1.0,25,25,25,25,7579,3703,2,0,"{""throughput_e"":""Mbps"",""delay_u"":""ms"",""drop_u"":""ratio"",""sla_violation"":""ratio"",""fairness"":""index_0_to_1"",""rb_utilization"":""ratio""}"
1.0.0,smoke-000307,42,stable_load,tv1_smoke_fixed,307,7.579,3.0,0.0,0.0,0.506854,1.0,25,25,25,25,7579,3703,1,0,"{""throughput_e"":""Mbps"",""delay_u"":""ms"",""drop_u"":""ratio"",""sla_violation"":""ratio"",""fairness"":""index_0_to_1"",""rb_utilization"":""ratio""}"
1.0.0,smoke-000308,42,stable_load,tv1_smoke_fixed,308,6.029,3.0,0.0,0.0,0.506452,1.0,25,25,25,25,6029,3703,1,0,"{""throughput_e"":""Mbps"",""delay_u"":""ms"",""drop_u"":""ratio"",""sla_violation"":""ratio"",""fairness"":""index_0_to_1"",""rb_utilization"":""ratio""}"
1.0.0,smoke-000309,42,stable_load,tv1_smoke_fixed,309,6.029,2.5,0.0,0.0,0.50559,1.0,25,25,25,25,6029,3703,2,0,"{""throughput_e"":""Mbps"",""delay_u"":""ms"",""drop_u"":""ratio"",""sla_violation"":""ratio"",""fairness"":""index_0_to_1"",""rb_utilization"":""ratio""}"
1.0.0,smoke-000310,42,stable_load,tv1_smoke_fixed,310,6.029,3.0,0.0,0.0,0.503892,1.0,25,25,25,25,6029,2762,1,0,"{""throughput_e"":""Mbps"",""delay_u"":""ms"",""drop_u"":""ratio"",""sla_violation"":""ratio"",""fairness"":""index_0_to_1"",""rb_utilization"":""ratio""}"
1.0.0,smoke-000311,42,stable_load,tv1_smoke_fixed,311,6.029,3.0,0.0,0.0,0.50858,1.0,25,25,25,25,6029,2762,1,0,"{""throughput_e"":""Mbps"",""delay_u"":""ms"",""drop_u"":""ratio"",""sla_violation"":""ratio"",""fairness"":""index_0_to_1"",""rb_utilization"":""ratio""}"
1.0.0,smoke-000312,42,stable_load,tv1_smoke_fixed,312,7.579,2.0,0.0,0.0,0.507427,1.0,25,25,25,25,7579,2762,1,0,"{""throughput_e"":""Mbps"",""delay_u"":""ms"",""drop_u"":""ratio"",""sla_violation"":""ratio"",""fairness"":""index_0_to_1"",""rb_utilization"":""ratio""}"
1.0.0,smoke-000313,42,stable_load,tv1_smoke_fixed,313,7.579,3.0,0.0,0.0,0.510207,1.0,25,25,25,25,7579,2762,1,0,"{""throughput_e"":""Mbps"",""delay_u"":""ms"",""drop_u"":""ratio"",""sla_violation"":""ratio"",""fairness"":""index_0_to_1"",""rb_utilization"":""ratio""}"
1.0.0,smoke-000314,42,stable_load,tv1_smoke_fixed,314,7.579,4.0,0.0,0.0,0.51295,1.0,25,25,25,25,7579,2762,1,0,"{""throughput_e"":""Mbps"",""delay_u"":""ms"",""drop_u"":""ratio"",""sla_violation"":""ratio"",""fairness"":""index_0_to_1"",""rb_utilization"":""ratio""}"
1.0.0,smoke-000315,42,stable_load,tv1_smoke_fixed,315,7.579,3.0,0.0,0.0,0.509446,1.0,25,25,25,25,7579,3703,2,0,"{""throughput_e"":""Mbps"",""delay_u"":""ms"",""drop_u"":""ratio"",""sla_violation"":""ratio"",""fairness"":""index_0_to_1"",""rb_utilization"":""ratio""}"
1.0.0,smoke-000316,42,stable_load,tv1_smoke_fixed,316,8.601,3.0,0.0,0.0,0.506986,1.0,25,25,25,25,8601,3703,1,0,"{""throughput_e"":""Mbps"",""delay_u"":""ms"",""drop_u"":""ratio"",""sla_violation"":""ratio"",""fairness"":""index_0_to_1"",""rb_utilization"":""ratio""}"
1.0.0,smoke-000317,42,stable_load,tv1_smoke_fixed,317,8.601,3.5,0.0,0.0,0.510907,1.0,25,25,25,25,8601,3703,2,0,"{""throughput_e"":""Mbps"",""delay_u"":""ms"",""drop_u"":""ratio"",""sla_violation"":""ratio"",""fairness"":""index_0_to_1"",""rb_utilization"":""ratio""}"
1.0.0,smoke-000318,42,stable_load,tv1_smoke_fixed,318,8.601,2.0,0.0,0.0,0.517314,1.0,25,25,25,25,8601,3703,1,0,"{""throughput_e"":""Mbps"",""delay_u"":""ms"",""drop_u"":""ratio"",""sla_violation"":""ratio"",""fairness"":""index_0_to_1"",""rb_utilization"":""ratio""}"
1.0.0,smoke-000319,42,stable_load,tv1_smoke_fixed,319,8.601,3.0,0.0,0.0,0.51866,1.0,25,25,25,25,8601,3703,2,0,"{""throughput_e"":""Mbps"",""delay_u"":""ms"",""drop_u"":""ratio"",""sla_violation"":""ratio"",""fairness"":""index_0_to_1"",""rb_utilization"":""ratio""}"
1.0.0,smoke-000320,42,stable_load,tv1_smoke_fixed,320,8.601,3.0,0.0,0.0,0.517458,1.0,25,25,25,25,8601,3703,1,0,"{""throughput_e"":""Mbps"",""delay_u"":""ms"",""drop_u"":""ratio"",""sla_violation"":""ratio"",""fairness"":""index_0_to_1"",""rb_utilization"":""ratio""}"
1.0.0,smoke-000321,42,stable_load,tv1_smoke_fixed,321,7.579,4.0,0.0,0.0,0.512127,1.0,25,25,25,25,7579,3703,1,0,"{""throughput_e"":""Mbps"",""delay_u"":""ms"",""drop_u"":""ratio"",""sla_violation"":""ratio"",""fairness"":""index_0_to_1"",""rb_utilization"":""ratio""}"
1.0.0,smoke-000322,42,stable_load,tv1_smoke_fixed,322,7.579,5.0,0.0,0.0,0.511089,1.0,25,25,25,25,7579,3703,2,0,"{""throughput_e"":""Mbps"",""delay_u"":""ms"",""drop_u"":""ratio"",""sla_violation"":""ratio"",""fairness"":""index_0_to_1"",""rb_utilization"":""ratio""}"
1.0.0,smoke-000323,42,stable_load,tv1_smoke_fixed,323,6.029,5.0,0.5,0.5,0.508013,1.0,25,25,25,25,6029,3703,1,1,"{""throughput_e"":""Mbps"",""delay_u"":""ms"",""drop_u"":""ratio"",""sla_violation"":""ratio"",""fairness"":""index_0_to_1"",""rb_utilization"":""ratio""}"
1.0.0,smoke-000324,42,stable_load,tv1_smoke_fixed,324,4.651,5.0,0.0,0.0,0.505333,1.0,25,25,25,25,4651,3703,1,0,"{""throughput_e"":""Mbps"",""delay_u"":""ms"",""drop_u"":""ratio"",""sla_violation"":""ratio"",""fairness"":""index_0_to_1"",""rb_utilization"":""ratio""}"
1.0.0,smoke-000325,42,stable_load,tv1_smoke_fixed,325,3.703,4.0,0.0,0.0,0.504809,1.0,25,25,25,25,3703,3703,1,0,"{""throughput_e"":""Mbps"",""delay_u"":""ms"",""drop_u"":""ratio"",""sla_violation"":""ratio"",""fairness"":""index_0_to_1"",""rb_utilization"":""ratio""}"
1.0.0,smoke-000326,42,stable_load,tv1_smoke_fixed,326,3.703,3.5,0.0,0.0,0.503263,1.0,25,25,25,25,3703,3703,2,0,"{""throughput_e"":""Mbps"",""delay_u"":""ms"",""drop_u"":""ratio"",""sla_violation"":""ratio"",""fairness"":""index_0_to_1"",""rb_utilization"":""ratio""}"
1.0.0,smoke-000327,42,stable_load,tv1_smoke_fixed,327,2.762,3.0,0.0,0.0,0.501293,1.0,25,25,25,25,2762,3703,1,0,"{""throughput_e"":""Mbps"",""delay_u"":""ms"",""drop_u"":""ratio"",""sla_violation"":""ratio"",""fairness"":""index_0_to_1"",""rb_utilization"":""ratio""}"
1.0.0,smoke-000328,42,stable_load,tv1_smoke_fixed,328,2.762,2.5,0.0,0.0,0.50112,0.92,25,25,25,21,2762,3108,2,0,"{""throughput_e"":""Mbps"",""delay_u"":""ms"",""drop_u"":""ratio"",""sla_violation"":""ratio"",""fairness"":""index_0_to_1"",""rb_utilization"":""ratio""}"
1.0.0,smoke-000329,42,stable_load,tv1_smoke_fixed,329,2.762,1.0,0.0,0.0,0.501114,0.86,25,25,25,18,2762,2560,1,0,"{""throughput_e"":""Mbps"",""delay_u"":""ms"",""drop_u"":""ratio"",""sla_violation"":""ratio"",""fairness"":""index_0_to_1"",""rb_utilization"":""ratio""}"
1.0.0,smoke-000330,42,stable_load,tv1_smoke_fixed,330,2.762,0.0,0.0,0.0,0.501107,0.5,25,25,25,0,2762,0,0,0,"{""throughput_e"":""Mbps"",""delay_u"":""ms"",""drop_u"":""ratio"",""sla_violation"":""ratio"",""fairness"":""index_0_to_1"",""rb_utilization"":""ratio""}"
1.0.0,smoke-000331,42,stable_load,tv1_smoke_fixed,331,2.762,1.0,0.0,0.0,0.5011,0.86,25,25,25,18,2762,2560,1,0,"{""throughput_e"":""Mbps"",""delay_u"":""ms"",""drop_u"":""ratio"",""sla_violation"":""ratio"",""fairness"":""index_0_to_1"",""rb_utilization"":""ratio""}"
1.0.0,smoke-000332,42,stable_load,tv1_smoke_fixed,332,2.762,1.0,0.0,0.0,0.501093,0.86,25,25,25,18,2762,2560,1,0,"{""throughput_e"":""Mbps"",""delay_u"":""ms"",""drop_u"":""ratio"",""sla_violation"":""ratio"",""fairness"":""index_0_to_1"",""rb_utilization"":""ratio""}"
1.0.0,smoke-000333,42,stable_load,tv1_smoke_fixed,333,2.762,1.0,0.0,0.0,0.502016,1.0,25,25,25,25,2762,2762,1,0,"{""throughput_e"":""Mbps"",""delay_u"":""ms"",""drop_u"":""ratio"",""sla_violation"":""ratio"",""fairness"":""index_0_to_1"",""rb_utilization"":""ratio""}"
1.0.0,smoke-000334,42,stable_load,tv1_smoke_fixed,334,2.762,2.0,0.0,0.0,0.501081,0.94,25,25,25,22,2762,2358,1,0,"{""throughput_e"":""Mbps"",""delay_u"":""ms"",""drop_u"":""ratio"",""sla_violation"":""ratio"",""fairness"":""index_0_to_1"",""rb_utilization"":""ratio""}"
1.0.0,smoke-000335,42,stable_load,tv1_smoke_fixed,335,2.762,1.0,0.0,0.0,0.501074,0.98,25,25,25,24,2762,2560,1,0,"{""throughput_e"":""Mbps"",""delay_u"":""ms"",""drop_u"":""ratio"",""sla_violation"":""ratio"",""fairness"":""index_0_to_1"",""rb_utilization"":""ratio""}"
1.0.0,smoke-000336,42,stable_load,tv1_smoke_fixed,336,2.762,0.0,0.0,0.0,0.501067,0.5,25,25,25,0,2762,0,0,0,"{""throughput_e"":""Mbps"",""delay_u"":""ms"",""drop_u"":""ratio"",""sla_violation"":""ratio"",""fairness"":""index_0_to_1"",""rb_utilization"":""ratio""}"
1.0.0,smoke-000337,42,stable_load,tv1_smoke_fixed,337,2.762,1.0,0.0,0.0,0.501466,1.0,25,25,25,25,2762,3703,1,0,"{""throughput_e"":""Mbps"",""delay_u"":""ms"",""drop_u"":""ratio"",""sla_violation"":""ratio"",""fairness"":""index_0_to_1"",""rb_utilization"":""ratio""}"
1.0.0,smoke-000338,42,stable_load,tv1_smoke_fixed,338,2.762,2.0,0.0,0.0,0.501054,0.7,25,25,25,10,2762,1417,1,0,"{""throughput_e"":""Mbps"",""delay_u"":""ms"",""drop_u"":""ratio"",""sla_violation"":""ratio"",""fairness"":""index_0_to_1"",""rb_utilization"":""ratio""}"
1.0.0,smoke-000339,42,stable_load,tv1_smoke_fixed,339,3.703,1.0,0.0,0.0,0.501406,0.86,25,25,25,18,3703,2560,1,0,"{""throughput_e"":""Mbps"",""delay_u"":""ms"",""drop_u"":""ratio"",""sla_violation"":""ratio"",""fairness"":""index_0_to_1"",""rb_utilization"":""ratio""}"
1.0.0,smoke-000340,42,stable_load,tv1_smoke_fixed,340,3.703,1.0,0.0,0.0,0.502897,1.0,25,25,25,25,3703,3703,1,0,"{""throughput_e"":""Mbps"",""delay_u"":""ms"",""drop_u"":""ratio"",""sla_violation"":""ratio"",""fairness"":""index_0_to_1"",""rb_utilization"":""ratio""}"
1.0.0,smoke-000341,42,stable_load,tv1_smoke_fixed,341,3.703,2.0,0.0,0.0,0.502452,1.0,25,25,25,25,3703,3703,1,0,"{""throughput_e"":""Mbps"",""delay_u"":""ms"",""drop_u"":""ratio"",""sla_violation"":""ratio"",""fairness"":""index_0_to_1"",""rb_utilization"":""ratio""}"
1.0.0,smoke-000342,42,stable_load,tv1_smoke_fixed,342,3.703,2.5,0.0,0.0,0.504875,1.0,25,25,25,25,3703,3703,2,0,"{""throughput_e"":""Mbps"",""delay_u"":""ms"",""drop_u"":""ratio"",""sla_violation"":""ratio"",""fairness"":""index_0_to_1"",""rb_utilization"":""ratio""}"
1.0.0,smoke-000343,42,stable_load,tv1_smoke_fixed,343,2.762,2.0,0.0,0.0,0.503301,1.0,25,25,25,25,2762,3703,1,0,"{""throughput_e"":""Mbps"",""delay_u"":""ms"",""drop_u"":""ratio"",""sla_violation"":""ratio"",""fairness"":""index_0_to_1"",""rb_utilization"":""ratio""}"
1.0.0,smoke-000344,42,stable_load,tv1_smoke_fixed,344,2.762,3.0,0.0,0.0,0.502969,1.0,25,25,25,25,2762,3703,2,0,"{""throughput_e"":""Mbps"",""delay_u"":""ms"",""drop_u"":""ratio"",""sla_violation"":""ratio"",""fairness"":""index_0_to_1"",""rb_utilization"":""ratio""}"
1.0.0,smoke-000345,42,stable_load,tv1_smoke_fixed,345,3.703,3.5,0.0,0.0,0.502819,1.0,25,25,25,25,3703,4651,2,0,"{""throughput_e"":""Mbps"",""delay_u"":""ms"",""drop_u"":""ratio"",""sla_violation"":""ratio"",""fairness"":""index_0_to_1"",""rb_utilization"":""ratio""}"
1.0.0,smoke-000346,42,stable_load,tv1_smoke_fixed,346,3.703,3.0,0.0,0.0,0.501452,1.0,25,25,25,25,3703,4651,1,0,"{""throughput_e"":""Mbps"",""delay_u"":""ms"",""drop_u"":""ratio"",""sla_violation"":""ratio"",""fairness"":""index_0_to_1"",""rb_utilization"":""ratio""}"
1.0.0,smoke-000347,42,stable_load,tv1_smoke_fixed,347,3.703,2.0,0.0,0.0,0.501579,1.0,25,25,25,25,3703,4651,2,0,"{""throughput_e"":""Mbps"",""delay_u"":""ms"",""drop_u"":""ratio"",""sla_violation"":""ratio"",""fairness"":""index_0_to_1"",""rb_utilization"":""ratio""}"
1.0.0,smoke-000348,42,stable_load,tv1_smoke_fixed,348,4.651,1.5,0.0,0.0,0.50168,0.88,25,25,25,19,4651,3372,2,0,"{""throughput_e"":""Mbps"",""delay_u"":""ms"",""drop_u"":""ratio"",""sla_violation"":""ratio"",""fairness"":""index_0_to_1"",""rb_utilization"":""ratio""}"
1.0.0,smoke-000349,42,stable_load,tv1_smoke_fixed,349,4.651,0.0,0.0,0.0,0.501673,0.5,25,25,25,0,4651,0,0,0,"{""throughput_e"":""Mbps"",""delay_u"":""ms"",""drop_u"":""ratio"",""sla_violation"":""ratio"",""fairness"":""index_0_to_1"",""rb_utilization"":""ratio""}"
1.0.0,smoke-000350,42,stable_load,tv1_smoke_fixed,350,4.651,1.0,0.0,0.0,0.501833,1.0,25,25,25,25,4651,4651,1,0,"{""throughput_e"":""Mbps"",""delay_u"":""ms"",""drop_u"":""ratio"",""sla_violation"":""ratio"",""fairness"":""index_0_to_1"",""rb_utilization"":""ratio""}"
1.0.0,smoke-000351,42,stable_load,tv1_smoke_fixed,351,4.651,1.5,0.0,0.0,0.502901,1.0,25,25,25,25,4651,4651,2,0,"{""throughput_e"":""Mbps"",""delay_u"":""ms"",""drop_u"":""ratio"",""sla_violation"":""ratio"",""fairness"":""index_0_to_1"",""rb_utilization"":""ratio""}"
1.0.0,smoke-000352,42,stable_load,tv1_smoke_fixed,352,4.651,2.0,0.0,0.0,0.503965,1.0,25,25,25,25,4651,4651,2,0,"{""throughput_e"":""Mbps"",""delay_u"":""ms"",""drop_u"":""ratio"",""sla_violation"":""ratio"",""fairness"":""index_0_to_1"",""rb_utilization"":""ratio""}"
1.0.0,smoke-000353,42,stable_load,tv1_smoke_fixed,353,3.703,2.0,0.0,0.0,0.502553,1.0,25,25,25,25,3703,4651,2,0,"{""throughput_e"":""Mbps"",""delay_u"":""ms"",""drop_u"":""ratio"",""sla_violation"":""ratio"",""fairness"":""index_0_to_1"",""rb_utilization"":""ratio""}"
1.0.0,smoke-000354,42,stable_load,tv1_smoke_fixed,354,3.703,2.5,0.0,0.0,0.501955,1.0,25,25,25,25,3703,4651,2,0,"{""throughput_e"":""Mbps"",""delay_u"":""ms"",""drop_u"":""ratio"",""sla_violation"":""ratio"",""fairness"":""index_0_to_1"",""rb_utilization"":""ratio""}"
1.0.0,smoke-000355,42,stable_load,tv1_smoke_fixed,355,3.703,2.0,0.0,0.0,0.501293,0.76,25,25,25,13,3703,2345,1,0,"{""throughput_e"":""Mbps"",""delay_u"":""ms"",""drop_u"":""ratio"",""sla_violation"":""ratio"",""fairness"":""index_0_to_1"",""rb_utilization"":""ratio""}"
1.0.0,smoke-000356,42,stable_load,tv1_smoke_fixed,356,3.703,1.0,0.0,0.0,0.501287,0.78,25,25,25,14,3703,2560,1,0,"{""throughput_e"":""Mbps"",""delay_u"":""ms"",""drop_u"":""ratio"",""sla_violation"":""ratio"",""fairness"":""index_0_to_1"",""rb_utilization"":""ratio""}"
1.0.0,smoke-000357,42,stable_load,tv1_smoke_fixed,357,3.703,1.0,0.0,0.0,0.501281,0.78,25,25,25,14,3703,2560,1,0,"{""throughput_e"":""Mbps"",""delay_u"":""ms"",""drop_u"":""ratio"",""sla_violation"":""ratio"",""fairness"":""index_0_to_1"",""rb_utilization"":""ratio""}"
1.0.0,smoke-000358,42,stable_load,tv1_smoke_fixed,358,3.703,1.0,0.0,0.0,0.501761,1.0,25,25,25,25,3703,3703,1,0,"{""throughput_e"":""Mbps"",""delay_u"":""ms"",""drop_u"":""ratio"",""sla_violation"":""ratio"",""fairness"":""index_0_to_1"",""rb_utilization"":""ratio""}"
1.0.0,smoke-000359,42,stable_load,tv1_smoke_fixed,359,3.703,2.0,0.0,0.0,0.503116,1.0,25,25,25,25,3703,3703,1,0,"{""throughput_e"":""Mbps"",""delay_u"":""ms"",""drop_u"":""ratio"",""sla_violation"":""ratio"",""fairness"":""index_0_to_1"",""rb_utilization"":""ratio""}"
1.0.0,smoke-000360,42,stable_load,tv1_smoke_fixed,360,3.703,2.0,0.0,0.0,0.503634,1.0,25,25,25,25,3703,2762,1,0,"{""throughput_e"":""Mbps"",""delay_u"":""ms"",""drop_u"":""ratio"",""sla_violation"":""ratio"",""fairness"":""index_0_to_1"",""rb_utilization"":""ratio""}"
1.0.0,smoke-000361,42,stable_load,tv1_smoke_fixed,361,3.703,3.0,0.0,0.0,0.502362,1.0,25,25,25,25,3703,2762,2,0,"{""throughput_e"":""Mbps"",""delay_u"":""ms"",""drop_u"":""ratio"",""sla_violation"":""ratio"",""fairness"":""index_0_to_1"",""rb_utilization"":""ratio""}"
1.0.0,smoke-000362,42,stable_load,tv1_smoke_fixed,362,2.762,3.0,0.0,0.0,0.502549,1.0,25,25,25,25,2762,2762,1,0,"{""throughput_e"":""Mbps"",""delay_u"":""ms"",""drop_u"":""ratio"",""sla_violation"":""ratio"",""fairness"":""index_0_to_1"",""rb_utilization"":""ratio""}"
1.0.0,smoke-000363,42,stable_load,tv1_smoke_fixed,363,2.762,2.0,0.0,0.0,0.502468,1.0,25,25,25,25,2762,2762,1,0,"{""throughput_e"":""Mbps"",""delay_u"":""ms"",""drop_u"":""ratio"",""sla_violation"":""ratio"",""fairness"":""index_0_to_1"",""rb_utilization"":""ratio""}"
1.0.0,smoke-000364,42,stable_load,tv1_smoke_fixed,364,2.762,0.0,0.0,0.0,0.504727,1.0,25,25,25,25,2762,1895,0,0,"{""throughput_e"":""Mbps"",""delay_u"":""ms"",""drop_u"":""ratio"",""sla_violation"":""ratio"",""fairness"":""index_0_to_1"",""rb_utilization"":""ratio""}"
1.0.0,smoke-000365,42,stable_load,tv1_smoke_fixed,365,1.895,4.0,0.0,0.0,0.503446,1.0,25,25,25,25,1895,1895,1,0,"{""throughput_e"":""Mbps"",""delay_u"":""ms"",""drop_u"":""ratio"",""sla_violation"":""ratio"",""fairness"":""index_0_to_1"",""rb_utilization"":""ratio""}"
1.0.0,smoke-000366,42,stable_load,tv1_smoke_fixed,366,1.895,4.0,0.0,0.0,0.505341,1.0,25,25,25,25,1895,1895,1,0,"{""throughput_e"":""Mbps"",""delay_u"":""ms"",""drop_u"":""ratio"",""sla_violation"":""ratio"",""fairness"":""index_0_to_1"",""rb_utilization"":""ratio""}"
1.0.0,smoke-000367,42,stable_load,tv1_smoke_fixed,367,1.187,4.0,0.0,0.0,0.502015,1.0,25,25,25,25,1187,2762,1,0,"{""throughput_e"":""Mbps"",""delay_u"":""ms"",""drop_u"":""ratio"",""sla_violation"":""ratio"",""fairness"":""index_0_to_1"",""rb_utilization"":""ratio""}"
1.0.0,smoke-000368,42,stable_load,tv1_smoke_fixed,368,1.187,5.0,0.0,0.0,0.503055,1.0,25,25,25,25,1187,2762,1,0,"{""throughput_e"":""Mbps"",""delay_u"":""ms"",""drop_u"":""ratio"",""sla_violation"":""ratio"",""fairness"":""index_0_to_1"",""rb_utilization"":""ratio""}"
1.0.0,smoke-000369,42,stable_load,tv1_smoke_fixed,369,1.187,5.0,0.0,0.0,0.503012,1.0,25,25,25,25,1187,2762,1,0,"{""throughput_e"":""Mbps"",""delay_u"":""ms"",""drop_u"":""ratio"",""sla_violation"":""ratio"",""fairness"":""index_0_to_1"",""rb_utilization"":""ratio""}"
1.0.0,smoke-000370,42,stable_load,tv1_smoke_fixed,370,1.187,5.0,0.333333,0.333333,0.50248,1.0,25,25,25,25,1187,3703,2,1,"{""throughput_e"":""Mbps"",""delay_u"":""ms"",""drop_u"":""ratio"",""sla_violation"":""ratio"",""fairness"":""index_0_to_1"",""rb_utilization"":""ratio""}"
1.0.0,smoke-000371,42,stable_load,tv1_smoke_fixed,371,1.187,4.0,0.0,0.0,0.502376,1.0,25,25,25,25,1187,3703,1,0,"{""throughput_e"":""Mbps"",""delay_u"":""ms"",""drop_u"":""ratio"",""sla_violation"":""ratio"",""fairness"":""index_0_to_1"",""rb_utilization"":""ratio""}"
1.0.0,smoke-000372,42,stable_load,tv1_smoke_fixed,372,1.187,5.0,0.666667,0.666667,0.503033,1.0,25,25,25,25,1187,3703,1,2,"{""throughput_e"":""Mbps"",""delay_u"":""ms"",""drop_u"":""ratio"",""sla_violation"":""ratio"",""fairness"":""index_0_to_1"",""rb_utilization"":""ratio""}"
1.0.0,smoke-000373,42,stable_load,tv1_smoke_fixed,373,1.187,5.0,0.0,0.0,0.502875,1.0,25,25,25,25,1187,3703,1,0,"{""throughput_e"":""Mbps"",""delay_u"":""ms"",""drop_u"":""ratio"",""sla_violation"":""ratio"",""fairness"":""index_0_to_1"",""rb_utilization"":""ratio""}"
1.0.0,smoke-000374,42,stable_load,tv1_smoke_fixed,374,1.187,5.0,0.5,0.5,0.502484,1.0,25,25,25,25,1187,3703,1,1,"{""throughput_e"":""Mbps"",""delay_u"":""ms"",""drop_u"":""ratio"",""sla_violation"":""ratio"",""fairness"":""index_0_to_1"",""rb_utilization"":""ratio""}"
1.0.0,smoke-000375,42,stable_load,tv1_smoke_fixed,375,1.187,5.0,0.5,0.5,0.503467,1.0,25,25,25,25,1187,2762,1,1,"{""throughput_e"":""Mbps"",""delay_u"":""ms"",""drop_u"":""ratio"",""sla_violation"":""ratio"",""fairness"":""index_0_to_1"",""rb_utilization"":""ratio""}"
1.0.0,smoke-000376,42,stable_load,tv1_smoke_fixed,376,1.187,5.0,0.75,0.75,0.503103,1.0,25,25,25,25,1187,2762,1,3,"{""throughput_e"":""Mbps"",""delay_u"":""ms"",""drop_u"":""ratio"",""sla_violation"":""ratio"",""fairness"":""index_0_to_1"",""rb_utilization"":""ratio""}"
1.0.0,smoke-000377,42,stable_load,tv1_smoke_fixed,377,1.187,5.0,0.5,0.5,0.502047,1.0,25,25,25,25,1187,3703,1,1,"{""throughput_e"":""Mbps"",""delay_u"":""ms"",""drop_u"":""ratio"",""sla_violation"":""ratio"",""fairness"":""index_0_to_1"",""rb_utilization"":""ratio""}"
1.0.0,smoke-000378,42,stable_load,tv1_smoke_fixed,378,1.187,4.0,0.0,0.0,0.501528,1.0,25,25,25,25,1187,3703,1,0,"{""throughput_e"":""Mbps"",""delay_u"":""ms"",""drop_u"":""ratio"",""sla_violation"":""ratio"",""fairness"":""index_0_to_1"",""rb_utilization"":""ratio""}"
1.0.0,smoke-000379,42,stable_load,tv1_smoke_fixed,379,1.187,5.0,0.0,0.0,0.501406,1.0,25,25,25,25,1187,3703,1,0,"{""throughput_e"":""Mbps"",""delay_u"":""ms"",""drop_u"":""ratio"",""sla_violation"":""ratio"",""fairness"":""index_0_to_1"",""rb_utilization"":""ratio""}"
1.0.0,smoke-000380,42,stable_load,tv1_smoke_fixed,380,1.187,4.5,0.0,0.0,0.501285,1.0,25,25,25,25,1187,3703,2,0,"{""throughput_e"":""Mbps"",""delay_u"":""ms"",""drop_u"":""ratio"",""sla_violation"":""ratio"",""fairness"":""index_0_to_1"",""rb_utilization"":""ratio""}"
1.0.0,smoke-000381,42,stable_load,tv1_smoke_fixed,381,1.187,5.0,0.5,0.5,0.501168,1.0,25,25,25,25,1187,3703,1,1,"{""throughput_e"":""Mbps"",""delay_u"":""ms"",""drop_u"":""ratio"",""sla_violation"":""ratio"",""fairness"":""index_0_to_1"",""rb_utilization"":""ratio""}"
1.0.0,smoke-000382,42,stable_load,tv1_smoke_fixed,382,1.187,4.0,0.0,0.0,0.500997,1.0,25,25,25,25,1187,3703,1,0,"{""throughput_e"":""Mbps"",""delay_u"":""ms"",""drop_u"":""ratio"",""sla_violation"":""ratio"",""fairness"":""index_0_to_1"",""rb_utilization"":""ratio""}"
1.0.0,smoke-000383,42,stable_load,tv1_smoke_fixed,383,1.187,4.0,0.0,0.0,0.501515,1.0,25,25,25,25,1187,2762,1,0,"{""throughput_e"":""Mbps"",""delay_u"":""ms"",""drop_u"":""ratio"",""sla_violation"":""ratio"",""fairness"":""index_0_to_1"",""rb_utilization"":""ratio""}"
1.0.0,smoke-000384,42,stable_load,tv1_smoke_fixed,384,1.187,4.0,0.0,0.0,0.501813,1.0,25,25,25,25,1187,2762,1,0,"{""throughput_e"":""Mbps"",""delay_u"":""ms"",""drop_u"":""ratio"",""sla_violation"":""ratio"",""fairness"":""index_0_to_1"",""rb_utilization"":""ratio""}"
1.0.0,smoke-000385,42,stable_load,tv1_smoke_fixed,385,1.187,4.0,0.0,0.0,0.502434,1.0,25,25,25,25,1187,2762,1,0,"{""throughput_e"":""Mbps"",""delay_u"":""ms"",""drop_u"":""ratio"",""sla_violation"":""ratio"",""fairness"":""index_0_to_1"",""rb_utilization"":""ratio""}"
1.0.0,smoke-000386,42,stable_load,tv1_smoke_fixed,386,1.895,4.0,0.0,0.0,0.504873,1.0,25,25,25,25,1895,2762,1,0,"{""throughput_e"":""Mbps"",""delay_u"":""ms"",""drop_u"":""ratio"",""sla_violation"":""ratio"",""fairness"":""index_0_to_1"",""rb_utilization"":""ratio""}"
1.0.0,smoke-000387,42,stable_load,tv1_smoke_fixed,387,2.762,5.0,0.0,0.0,0.507007,1.0,25,25,25,25,2762,2762,1,0,"{""throughput_e"":""Mbps"",""delay_u"":""ms"",""drop_u"":""ratio"",""sla_violation"":""ratio"",""fairness"":""index_0_to_1"",""rb_utilization"":""ratio""}"
1.0.0,smoke-000388,42,stable_load,tv1_smoke_fixed,388,2.762,5.0,0.0,0.0,0.504593,1.0,25,25,25,25,2762,3703,2,0,"{""throughput_e"":""Mbps"",""delay_u"":""ms"",""drop_u"":""ratio"",""sla_violation"":""ratio"",""fairness"":""index_0_to_1"",""rb_utilization"":""ratio""}"
1.0.0,smoke-000389,42,stable_load,tv1_smoke_fixed,389,3.703,5.0,0.666667,0.666667,0.506549,1.0,25,25,25,25,3703,3703,1,2,"{""throughput_e"":""Mbps"",""delay_u"":""ms"",""drop_u"":""ratio"",""sla_violation"":""ratio"",""fairness"":""index_0_to_1"",""rb_utilization"":""ratio""}"
1.0.0,smoke-000390,42,stable_load,tv1_smoke_fixed,390,3.703,5.0,0.666667,0.666667,0.50524,1.0,25,25,25,25,3703,3703,1,2,"{""throughput_e"":""Mbps"",""delay_u"":""ms"",""drop_u"":""ratio"",""sla_violation"":""ratio"",""fairness"":""index_0_to_1"",""rb_utilization"":""ratio""}"
1.0.0,smoke-000391,42,stable_load,tv1_smoke_fixed,391,3.703,5.0,0.0,0.0,0.504474,1.0,25,25,25,25,3703,3703,1,0,"{""throughput_e"":""Mbps"",""delay_u"":""ms"",""drop_u"":""ratio"",""sla_violation"":""ratio"",""fairness"":""index_0_to_1"",""rb_utilization"":""ratio""}"
1.0.0,smoke-000392,42,stable_load,tv1_smoke_fixed,392,3.703,4.0,0.0,0.0,0.503383,1.0,25,25,25,25,3703,3703,1,0,"{""throughput_e"":""Mbps"",""delay_u"":""ms"",""drop_u"":""ratio"",""sla_violation"":""ratio"",""fairness"":""index_0_to_1"",""rb_utilization"":""ratio""}"
1.0.0,smoke-000393,42,stable_load,tv1_smoke_fixed,393,3.703,4.5,0.0,0.0,0.502298,1.0,25,25,25,25,3703,3703,2,0,"{""throughput_e"":""Mbps"",""delay_u"":""ms"",""drop_u"":""ratio"",""sla_violation"":""ratio"",""fairness"":""index_0_to_1"",""rb_utilization"":""ratio""}"
1.0.0,smoke-000394,42,stable_load,tv1_smoke_fixed,394,3.703,4.0,0.0,0.0,0.502698,1.0,25,25,25,25,3703,3703,1,0,"{""throughput_e"":""Mbps"",""delay_u"":""ms"",""drop_u"":""ratio"",""sla_violation"":""ratio"",""fairness"":""index_0_to_1"",""rb_utilization"":""ratio""}"
1.0.0,smoke-000395,42,stable_load,tv1_smoke_fixed,395,2.762,3.5,0.0,0.0,0.503402,1.0,25,25,25,25,2762,3703,2,0,"{""throughput_e"":""Mbps"",""delay_u"":""ms"",""drop_u"":""ratio"",""sla_violation"":""ratio"",""fairness"":""index_0_to_1"",""rb_utilization"":""ratio""}"
1.0.0,smoke-000396,42,stable_load,tv1_smoke_fixed,396,2.762,3.0,0.0,0.0,0.503144,1.0,25,25,25,25,2762,3703,1,0,"{""throughput_e"":""Mbps"",""delay_u"":""ms"",""drop_u"":""ratio"",""sla_violation"":""ratio"",""fairness"":""index_0_to_1"",""rb_utilization"":""ratio""}"
1.0.0,smoke-000397,42,stable_load,tv1_smoke_fixed,397,2.762,3.0,0.0,0.0,0.503428,1.0,25,25,25,25,2762,3703,2,0,"{""throughput_e"":""Mbps"",""delay_u"":""ms"",""drop_u"":""ratio"",""sla_violation"":""ratio"",""fairness"":""index_0_to_1"",""rb_utilization"":""ratio""}"
1.0.0,smoke-000398,42,stable_load,tv1_smoke_fixed,398,1.895,4.0,0.0,0.0,0.502917,1.0,25,25,25,25,1895,3703,1,0,"{""throughput_e"":""Mbps"",""delay_u"":""ms"",""drop_u"":""ratio"",""sla_violation"":""ratio"",""fairness"":""index_0_to_1"",""rb_utilization"":""ratio""}"
1.0.0,smoke-000399,42,stable_load,tv1_smoke_fixed,399,1.895,4.5,0.0,0.0,0.50237,1.0,25,25,25,25,1895,3703,2,0,"{""throughput_e"":""Mbps"",""delay_u"":""ms"",""drop_u"":""ratio"",""sla_violation"":""ratio"",""fairness"":""index_0_to_1"",""rb_utilization"":""ratio""}"
1.0.0,smoke-000400,42,stable_load,tv1_smoke_fixed,400,1.895,4.0,0.0,0.0,0.501828,1.0,25,25,25,25,1895,3703,1,0,"{""throughput_e"":""Mbps"",""delay_u"":""ms"",""drop_u"":""ratio"",""sla_violation"":""ratio"",""fairness"":""index_0_to_1"",""rb_utilization"":""ratio""}"
1.0.0,smoke-000401,42,stable_load,tv1_smoke_fixed,401,1.895,5.0,0.0,0.0,0.502022,1.0,25,25,25,25,1895,3703,1,0,"{""throughput_e"":""Mbps"",""delay_u"":""ms"",""drop_u"":""ratio"",""sla_violation"":""ratio"",""fairness"":""index_0_to_1"",""rb_utilization"":""ratio""}"
1.0.0,smoke-000402,42,stable_load,tv1_smoke_fixed,402,1.895,5.0,0.333333,0.333333,0.501849,1.0,25,25,25,25,1895,3703,2,1,"{""throughput_e"":""Mbps"",""delay_u"":""ms"",""drop_u"":""ratio"",""sla_violation"":""ratio"",""fairness"":""index_0_to_1"",""rb_utilization"":""ratio""}"
1.0.0,smoke-000403,42,stable_load,tv1_smoke_fixed,403,1.895,3.0,0.0,0.0,0.501939,1.0,25,25,25,25,1895,2762,1,0,"{""throughput_e"":""Mbps"",""delay_u"":""ms"",""drop_u"":""ratio"",""sla_violation"":""ratio"",""fairness"":""index_0_to_1"",""rb_utilization"":""ratio""}"
1.0.0,smoke-000404,42,stable_load,tv1_smoke_fixed,404,1.895,4.0,0.0,0.0,0.501411,1.0,25,25,25,25,1895,3703,1,0,"{""throughput_e"":""Mbps"",""delay_u"":""ms"",""drop_u"":""ratio"",""sla_violation"":""ratio"",""fairness"":""index_0_to_1"",""rb_utilization"":""ratio""}"
1.0.0,smoke-000405,42,stable_load,tv1_smoke_fixed,405,2.762,4.0,0.0,0.0,0.502336,1.0,25,25,25,25,2762,3703,1,0,"{""throughput_e"":""Mbps"",""delay_u"":""ms"",""drop_u"":""ratio"",""sla_violation"":""ratio"",""fairness"":""index_0_to_1"",""rb_utilization"":""ratio""}"
1.0.0,smoke-000406,42,stable_load,tv1_smoke_fixed,406,1.895,3.5,0.0,0.0,0.50215,1.0,25,25,25,25,1895,3703,2,0,"{""throughput_e"":""Mbps"",""delay_u"":""ms"",""drop_u"":""ratio"",""sla_violation"":""ratio"",""fairness"":""index_0_to_1"",""rb_utilization"":""ratio""}"
1.0.0,smoke-000407,42,stable_load,tv1_smoke_fixed,407,1.895,3.0,0.0,0.0,0.501982,1.0,25,25,25,25,1895,3703,1,0,"{""throughput_e"":""Mbps"",""delay_u"":""ms"",""drop_u"":""ratio"",""sla_violation"":""ratio"",""fairness"":""index_0_to_1"",""rb_utilization"":""ratio""}"
1.0.0,smoke-000408,42,stable_load,tv1_smoke_fixed,408,1.895,4.0,0.0,0.0,0.502436,1.0,25,25,25,25,1895,2762,1,0,"{""throughput_e"":""Mbps"",""delay_u"":""ms"",""drop_u"":""ratio"",""sla_violation"":""ratio"",""fairness"":""index_0_to_1"",""rb_utilization"":""ratio""}"
1.0.0,smoke-000409,42,stable_load,tv1_smoke_fixed,409,1.895,4.0,0.0,0.0,0.502862,1.0,25,25,25,25,1895,2762,2,0,"{""throughput_e"":""Mbps"",""delay_u"":""ms"",""drop_u"":""ratio"",""sla_violation"":""ratio"",""fairness"":""index_0_to_1"",""rb_utilization"":""ratio""}"
1.0.0,smoke-000410,42,stable_load,tv1_smoke_fixed,410,2.762,5.0,0.0,0.0,0.504788,1.0,25,25,25,25,2762,2762,1,0,"{""throughput_e"":""Mbps"",""delay_u"":""ms"",""drop_u"":""ratio"",""sla_violation"":""ratio"",""fairness"":""index_0_to_1"",""rb_utilization"":""ratio""}"
1.0.0,smoke-000411,42,stable_load,tv1_smoke_fixed,411,2.762,5.0,0.0,0.0,0.505401,1.0,25,25,25,25,2762,2762,1,0,"{""throughput_e"":""Mbps"",""delay_u"":""ms"",""drop_u"":""ratio"",""sla_violation"":""ratio"",""fairness"":""index_0_to_1"",""rb_utilization"":""ratio""}"
1.0.0,smoke-000412,42,stable_load,tv1_smoke_fixed,412,2.762,5.0,0.0,0.0,0.506687,1.0,25,25,25,25,2762,2762,1,0,"{""throughput_e"":""Mbps"",""delay_u"":""ms"",""drop_u"":""ratio"",""sla_violation"":""ratio"",""fairness"":""index_0_to_1"",""rb_utilization"":""ratio""}"
1.0.0,smoke-000413,42,stable_load,tv1_smoke_fixed,413,2.762,5.0,0.5,0.5,0.507287,1.0,25,25,25,25,2762,2762,1,1,"{""throughput_e"":""Mbps"",""delay_u"":""ms"",""drop_u"":""ratio"",""sla_violation"":""ratio"",""fairness"":""index_0_to_1"",""rb_utilization"":""ratio""}"
1.0.0,smoke-000414,42,stable_load,tv1_smoke_fixed,414,1.895,5.0,0.5,0.5,0.504172,1.0,25,25,25,25,1895,2762,1,1,"{""throughput_e"":""Mbps"",""delay_u"":""ms"",""drop_u"":""ratio"",""sla_violation"":""ratio"",""fairness"":""index_0_to_1"",""rb_utilization"":""ratio""}"
1.0.0,smoke-000415,42,stable_load,tv1_smoke_fixed,415,2.762,0.0,1.0,1.0,0.510784,1.0,25,25,25,25,2762,1895,0,2,"{""throughput_e"":""Mbps"",""delay_u"":""ms"",""drop_u"":""ratio"",""sla_violation"":""ratio"",""fairness"":""index_0_to_1"",""rb_utilization"":""ratio""}"
1.0.0,smoke-000416,42,stable_load,tv1_smoke_fixed,416,2.762,5.0,0.666667,0.666667,0.50804,1.0,25,25,25,25,2762,2762,1,2,"{""throughput_e"":""Mbps"",""delay_u"":""ms"",""drop_u"":""ratio"",""sla_violation"":""ratio"",""fairness"":""index_0_to_1"",""rb_utilization"":""ratio""}"
1.0.0,smoke-000417,42,stable_load,tv1_smoke_fixed,417,2.762,5.0,0.5,0.5,0.506008,1.0,25,25,25,25,2762,2762,1,1,"{""throughput_e"":""Mbps"",""delay_u"":""ms"",""drop_u"":""ratio"",""sla_violation"":""ratio"",""fairness"":""index_0_to_1"",""rb_utilization"":""ratio""}"
1.0.0,smoke-000418,42,stable_load,tv1_smoke_fixed,418,2.762,4.0,0.0,0.0,0.507317,1.0,25,25,25,25,2762,2762,1,0,"{""throughput_e"":""Mbps"",""delay_u"":""ms"",""drop_u"":""ratio"",""sla_violation"":""ratio"",""fairness"":""index_0_to_1"",""rb_utilization"":""ratio""}"
1.0.0,smoke-000419,42,stable_load,tv1_smoke_fixed,419,1.895,5.0,0.666667,0.666667,0.505871,1.0,25,25,25,25,1895,2762,1,2,"{""throughput_e"":""Mbps"",""delay_u"":""ms"",""drop_u"":""ratio"",""sla_violation"":""ratio"",""fairness"":""index_0_to_1"",""rb_utilization"":""ratio""}"
1.0.0,smoke-000420,42,stable_load,tv1_smoke_fixed,420,2.762,5.0,0.666667,0.666667,0.508573,1.0,25,25,25,25,2762,2762,1,2,"{""throughput_e"":""Mbps"",""delay_u"":""ms"",""drop_u"":""ratio"",""sla_violation"":""ratio"",""fairness"":""index_0_to_1"",""rb_utilization"":""ratio""}"
1.0.0,smoke-000421,42,stable_load,tv1_smoke_fixed,421,2.762,4.0,0.0,0.0,0.504901,1.0,25,25,25,25,2762,3703,1,0,"{""throughput_e"":""Mbps"",""delay_u"":""ms"",""drop_u"":""ratio"",""sla_violation"":""ratio"",""fairness"":""index_0_to_1"",""rb_utilization"":""ratio""}"
1.0.0,smoke-000422,42,stable_load,tv1_smoke_fixed,422,2.762,5.0,0.666667,0.666667,0.505153,1.0,25,25,25,25,2762,3703,1,2,"{""throughput_e"":""Mbps"",""delay_u"":""ms"",""drop_u"":""ratio"",""sla_violation"":""ratio"",""fairness"":""index_0_to_1"",""rb_utilization"":""ratio""}"
1.0.0,smoke-000423,42,stable_load,tv1_smoke_fixed,423,2.762,5.0,0.666667,0.666667,0.504378,1.0,25,25,25,25,2762,3703,1,2,"{""throughput_e"":""Mbps"",""delay_u"":""ms"",""drop_u"":""ratio"",""sla_violation"":""ratio"",""fairness"":""index_0_to_1"",""rb_utilization"":""ratio""}"
1.0.0,smoke-000424,42,stable_load,tv1_smoke_fixed,424,2.762,5.0,0.666667,0.666667,0.503857,1.0,25,25,25,25,2762,4651,1,2,"{""throughput_e"":""Mbps"",""delay_u"":""ms"",""drop_u"":""ratio"",""sla_violation"":""ratio"",""fairness"":""index_0_to_1"",""rb_utilization"":""ratio""}"
1.0.0,smoke-000425,42,stable_load,tv1_smoke_fixed,425,2.762,4.0,0.0,0.0,0.503459,1.0,25,25,25,25,2762,4651,1,0,"{""throughput_e"":""Mbps"",""delay_u"":""ms"",""drop_u"":""ratio"",""sla_violation"":""ratio"",""fairness"":""index_0_to_1"",""rb_utilization"":""ratio""}"
1.0.0,smoke-000426,42,stable_load,tv1_smoke_fixed,426,2.762,4.5,0.0,0.0,0.502751,1.0,25,25,25,25,2762,4651,2,0,"{""throughput_e"":""Mbps"",""delay_u"":""ms"",""drop_u"":""ratio"",""sla_violation"":""ratio"",""fairness"":""index_0_to_1"",""rb_utilization"":""ratio""}"
1.0.0,smoke-000427,42,stable_load,tv1_smoke_fixed,427,2.762,4.0,0.0,0.0,0.502813,1.0,25,25,25,25,2762,4651,2,0,"{""throughput_e"":""Mbps"",""delay_u"":""ms"",""drop_u"":""ratio"",""sla_violation"":""ratio"",""fairness"":""index_0_to_1"",""rb_utilization"":""ratio""}"
1.0.0,smoke-000428,42,stable_load,tv1_smoke_fixed,428,2.762,5.0,0.0,0.0,0.50249,1.0,25,25,25,25,2762,4651,2,0,"{""throughput_e"":""Mbps"",""delay_u"":""ms"",""drop_u"":""ratio"",""sla_violation"":""ratio"",""fairness"":""index_0_to_1"",""rb_utilization"":""ratio""}"
1.0.0,smoke-000429,42,stable_load,tv1_smoke_fixed,429,2.762,5.0,0.0,0.0,0.502928,1.0,25,25,25,25,2762,4651,2,0,"{""throughput_e"":""Mbps"",""delay_u"":""ms"",""drop_u"":""ratio"",""sla_violation"":""ratio"",""fairness"":""index_0_to_1"",""rb_utilization"":""ratio""}"
1.0.0,smoke-000430,42,stable_load,tv1_smoke_fixed,430,1.895,4.0,0.0,0.0,0.50205,1.0,25,25,25,25,1895,4651,1,0,"{""throughput_e"":""Mbps"",""delay_u"":""ms"",""drop_u"":""ratio"",""sla_violation"":""ratio"",""fairness"":""index_0_to_1"",""rb_utilization"":""ratio""}"
1.0.0,smoke-000431,42,stable_load,tv1_smoke_fixed,431,1.187,4.5,0.0,0.0,0.501146,1.0,25,25,25,25,1187,4651,2,0,"{""throughput_e"":""Mbps"",""delay_u"":""ms"",""drop_u"":""ratio"",""sla_violation"":""ratio"",""fairness"":""index_0_to_1"",""rb_utilization"":""ratio""}"
1.0.0,smoke-000432,42,stable_load,tv1_smoke_fixed,432,1.187,4.0,0.0,0.0,0.50101,1.0,25,25,25,25,1187,4651,2,0,"{""throughput_e"":""Mbps"",""delay_u"":""ms"",""drop_u"":""ratio"",""sla_violation"":""ratio"",""fairness"":""index_0_to_1"",""rb_utilization"":""ratio""}"
1.0.0,smoke-000433,42,stable_load,tv1_smoke_fixed,433,1.895,4.5,0.0,0.0,0.501396,1.0,25,25,25,25,1895,4651,2,0,"{""throughput_e"":""Mbps"",""delay_u"":""ms"",""drop_u"":""ratio"",""sla_violation"":""ratio"",""fairness"":""index_0_to_1"",""rb_utilization"":""ratio""}"
1.0.0,smoke-000434,42,stable_load,tv1_smoke_fixed,434,1.895,4.5,0.0,0.0,0.501692,1.0,25,25,25,25,1895,4651,2,0,"{""throughput_e"":""Mbps"",""delay_u"":""ms"",""drop_u"":""ratio"",""sla_violation"":""ratio"",""fairness"":""index_0_to_1"",""rb_utilization"":""ratio""}"
1.0.0,smoke-000435,42,stable_load,tv1_smoke_fixed,435,1.895,4.0,0.0,0.0,0.501224,1.0,25,25,25,25,1895,4651,1,0,"{""throughput_e"":""Mbps"",""delay_u"":""ms"",""drop_u"":""ratio"",""sla_violation"":""ratio"",""fairness"":""index_0_to_1"",""rb_utilization"":""ratio""}"
1.0.0,smoke-000436,42,stable_load,tv1_smoke_fixed,436,1.895,3.333333,0.0,0.0,0.500976,1.0,25,25,25,25,1895,6029,3,0,"{""throughput_e"":""Mbps"",""delay_u"":""ms"",""drop_u"":""ratio"",""sla_violation"":""ratio"",""fairness"":""index_0_to_1"",""rb_utilization"":""ratio""}"
1.0.0,smoke-000437,42,stable_load,tv1_smoke_fixed,437,1.895,3.0,0.0,0.0,0.500904,1.0,25,25,25,25,1895,6029,2,0,"{""throughput_e"":""Mbps"",""delay_u"":""ms"",""drop_u"":""ratio"",""sla_violation"":""ratio"",""fairness"":""index_0_to_1"",""rb_utilization"":""ratio""}"
1.0.0,smoke-000438,42,stable_load,tv1_smoke_fixed,438,1.895,2.333333,0.0,0.0,0.501411,1.0,25,25,25,25,1895,6029,3,0,"{""throughput_e"":""Mbps"",""delay_u"":""ms"",""drop_u"":""ratio"",""sla_violation"":""ratio"",""fairness"":""index_0_to_1"",""rb_utilization"":""ratio""}"
1.0.0,smoke-000439,42,stable_load,tv1_smoke_fixed,439,1.895,2.0,0.0,0.0,0.501337,1.0,25,25,25,25,1895,6029,2,0,"{""throughput_e"":""Mbps"",""delay_u"":""ms"",""drop_u"":""ratio"",""sla_violation"":""ratio"",""fairness"":""index_0_to_1"",""rb_utilization"":""ratio""}"
1.0.0,smoke-000440,42,stable_load,tv1_smoke_fixed,440,1.187,3.0,0.0,0.0,0.500672,1.0,25,25,25,25,1187,6029,2,0,"{""throughput_e"":""Mbps"",""delay_u"":""ms"",""drop_u"":""ratio"",""sla_violation"":""ratio"",""fairness"":""index_0_to_1"",""rb_utilization"":""ratio""}"
1.0.0,smoke-000441,42,stable_load,tv1_smoke_fixed,441,1.187,3.333333,0.0,0.0,0.500507,1.0,25,25,25,25,1187,6029,3,0,"{""throughput_e"":""Mbps"",""delay_u"":""ms"",""drop_u"":""ratio"",""sla_violation"":""ratio"",""fairness"":""index_0_to_1"",""rb_utilization"":""ratio""}"
1.0.0,smoke-000442,42,stable_load,tv1_smoke_fixed,442,1.187,2.5,0.0,0.0,0.500344,1.0,25,25,25,25,1187,6029,2,0,"{""throughput_e"":""Mbps"",""delay_u"":""ms"",""drop_u"":""ratio"",""sla_violation"":""ratio"",""fairness"":""index_0_to_1"",""rb_utilization"":""ratio""}"
1.0.0,smoke-000443,42,stable_load,tv1_smoke_fixed,443,1.187,1.5,0.0,0.0,0.5003,1.0,25,25,25,25,1187,6029,2,0,"{""throughput_e"":""Mbps"",""delay_u"":""ms"",""drop_u"":""ratio"",""sla_violation"":""ratio"",""fairness"":""index_0_to_1"",""rb_utilization"":""ratio""}"
1.0.0,smoke-000444,42,stable_load,tv1_smoke_fixed,444,1.187,1.5,0.0,0.0,0.500279,0.76,25,25,25,13,1187,3007,2,0,"{""throughput_e"":""Mbps"",""delay_u"":""ms"",""drop_u"":""ratio"",""sla_violation"":""ratio"",""fairness"":""index_0_to_1"",""rb_utilization"":""ratio""}"
1.0.0,smoke-000445,42,stable_load,tv1_smoke_fixed,445,1.187,1.0,0.0,0.0,0.500353,1.0,25,25,25,25,1187,6029,2,0,"{""throughput_e"":""Mbps"",""delay_u"":""ms"",""drop_u"":""ratio"",""sla_violation"":""ratio"",""fairness"":""index_0_to_1"",""rb_utilization"":""ratio""}"
1.0.0,smoke-000446,42,stable_load,tv1_smoke_fixed,446,1.187,1.5,0.0,0.0,0.50031,1.0,25,25,25,25,1187,6029,2,0,"{""throughput_e"":""Mbps"",""delay_u"":""ms"",""drop_u"":""ratio"",""sla_violation"":""ratio"",""fairness"":""index_0_to_1"",""rb_utilization"":""ratio""}"
1.0.0,smoke-000447,42,stable_load,tv1_smoke_fixed,447,1.187,1.333333,0.0,0.0,0.500384,1.0,25,25,25,25,1187,6029,3,0,"{""throughput_e"":""Mbps"",""delay_u"":""ms"",""drop_u"":""ratio"",""sla_violation"":""ratio"",""fairness"":""index_0_to_1"",""rb_utilization"":""ratio""}"
1.0.0,smoke-000448,42,stable_load,tv1_smoke_fixed,448,1.187,2.0,0.0,0.0,0.500274,0.7,25,25,25,10,1187,2393,1,0,"{""throughput_e"":""Mbps"",""delay_u"":""ms"",""drop_u"":""ratio"",""sla_violation"":""ratio"",""fairness"":""index_0_to_1"",""rb_utilization"":""ratio""}"
1.0.0,smoke-000449,42,stable_load,tv1_smoke_fixed,449,1.187,1.0,0.0,0.0,0.500273,0.94,25,25,25,22,1187,5120,2,0,"{""throughput_e"":""Mbps"",""delay_u"":""ms"",""drop_u"":""ratio"",""sla_violation"":""ratio"",""fairness"":""index_0_to_1"",""rb_utilization"":""ratio""}"
1.0.0,smoke-000450,42,stable_load,tv1_smoke_fixed,450,1.187,1.0,0.0,0.0,0.500272,0.72,25,25,25,11,1187,2560,1,0,"{""throughput_e"":""Mbps"",""delay_u"":""ms"",""drop_u"":""ratio"",""sla_violation"":""ratio"",""fairness"":""index_0_to_1"",""rb_utilization"":""ratio""}"
1.0.0,smoke-000451,42,stable_load,tv1_smoke_fixed,451,1.187,1.0,0.0,0.0,0.500271,0.94,25,25,25,22,1187,5120,2,0,"{""throughput_e"":""Mbps"",""delay_u"":""ms"",""drop_u"":""ratio"",""sla_violation"":""ratio"",""fairness"":""index_0_to_1"",""rb_utilization"":""ratio""}"
1.0.0,smoke-000452,42,stable_load,tv1_smoke_fixed,452,1.187,1.0,0.0,0.0,0.50027,0.72,25,25,25,11,1187,2560,1,0,"{""throughput_e"":""Mbps"",""delay_u"":""ms"",""drop_u"":""ratio"",""sla_violation"":""ratio"",""fairness"":""index_0_to_1"",""rb_utilization"":""ratio""}"
1.0.0,smoke-000453,42,stable_load,tv1_smoke_fixed,453,1.187,1.0,0.0,0.0,0.500269,0.78,25,25,25,14,1187,2560,1,0,"{""throughput_e"":""Mbps"",""delay_u"":""ms"",""drop_u"":""ratio"",""sla_violation"":""ratio"",""fairness"":""index_0_to_1"",""rb_utilization"":""ratio""}"
1.0.0,smoke-000454,42,stable_load,tv1_smoke_fixed,454,1.187,1.0,0.0,0.0,0.500589,1.0,25,25,25,25,1187,4651,1,0,"{""throughput_e"":""Mbps"",""delay_u"":""ms"",""drop_u"":""ratio"",""sla_violation"":""ratio"",""fairness"":""index_0_to_1"",""rb_utilization"":""ratio""}"
1.0.0,smoke-000455,42,stable_load,tv1_smoke_fixed,455,1.187,2.0,0.0,0.0,0.500321,1.0,25,25,25,25,1187,4651,2,0,"{""throughput_e"":""Mbps"",""delay_u"":""ms"",""drop_u"":""ratio"",""sla_violation"":""ratio"",""fairness"":""index_0_to_1"",""rb_utilization"":""ratio""}"
1.0.0,smoke-000456,42,stable_load,tv1_smoke_fixed,456,1.187,2.0,0.0,0.0,0.500346,1.0,25,25,25,25,1187,4651,2,0,"{""throughput_e"":""Mbps"",""delay_u"":""ms"",""drop_u"":""ratio"",""sla_violation"":""ratio"",""fairness"":""index_0_to_1"",""rb_utilization"":""ratio""}"
1.0.0,smoke-000457,42,stable_load,tv1_smoke_fixed,457,1.187,1.5,0.0,0.0,0.500372,1.0,25,25,25,25,1187,4651,2,0,"{""throughput_e"":""Mbps"",""delay_u"":""ms"",""drop_u"":""ratio"",""sla_violation"":""ratio"",""fairness"":""index_0_to_1"",""rb_utilization"":""ratio""}"
1.0.0,smoke-000458,42,stable_load,tv1_smoke_fixed,458,1.187,1.5,0.0,0.0,0.500543,1.0,25,25,25,25,1187,4651,2,0,"{""throughput_e"":""Mbps"",""delay_u"":""ms"",""drop_u"":""ratio"",""sla_violation"":""ratio"",""fairness"":""index_0_to_1"",""rb_utilization"":""ratio""}"
1.0.0,smoke-000459,42,stable_load,tv1_smoke_fixed,459,1.187,2.0,0.0,0.0,0.500277,1.0,25,25,25,25,1187,4651,1,0,"{""throughput_e"":""Mbps"",""delay_u"":""ms"",""drop_u"":""ratio"",""sla_violation"":""ratio"",""fairness"":""index_0_to_1"",""rb_utilization"":""ratio""}"
1.0.0,smoke-000460,42,stable_load,tv1_smoke_fixed,460,1.895,2.0,0.0,0.0,0.500418,0.74,25,25,25,12,1895,2814,2,0,"{""throughput_e"":""Mbps"",""delay_u"":""ms"",""drop_u"":""ratio"",""sla_violation"":""ratio"",""fairness"":""index_0_to_1"",""rb_utilization"":""ratio""}"
1.0.0,smoke-000461,42,stable_load,tv1_smoke_fixed,461,1.895,1.0,0.0,0.0,0.500416,0.72,25,25,25,11,1895,2560,1,0,"{""throughput_e"":""Mbps"",""delay_u"":""ms"",""drop_u"":""ratio"",""sla_violation"":""ratio"",""fairness"":""index_0_to_1"",""rb_utilization"":""ratio""}"
1.0.0,smoke-000462,42,stable_load,tv1_smoke_fixed,462,1.187,1.0,0.0,0.0,0.50026,0.94,25,25,25,22,1187,5120,2,0,"{""throughput_e"":""Mbps"",""delay_u"":""ms"",""drop_u"":""ratio"",""sla_violation"":""ratio"",""fairness"":""index_0_to_1"",""rb_utilization"":""ratio""}"
1.0.0,smoke-000463,42,stable_load,tv1_smoke_fixed,463,1.187,1.0,0.0,0.0,0.500259,0.72,25,25,25,11,1187,2560,1,0,"{""throughput_e"":""Mbps"",""delay_u"":""ms"",""drop_u"":""ratio"",""sla_violation"":""ratio"",""fairness"":""index_0_to_1"",""rb_utilization"":""ratio""}"
1.0.0,smoke-000464,42,stable_load,tv1_smoke_fixed,464,1.895,1.0,0.0,0.0,0.500412,0.68,25,25,25,9,1895,2560,1,0,"{""throughput_e"":""Mbps"",""delay_u"":""ms"",""drop_u"":""ratio"",""sla_violation"":""ratio"",""fairness"":""index_0_to_1"",""rb_utilization"":""ratio""}"
1.0.0,smoke-000465,42,stable_load,tv1_smoke_fixed,465,1.895,0.0,0.0,0.0,0.500411,0.5,25,25,25,0,1895,0,0,0,"{""throughput_e"":""Mbps"",""delay_u"":""ms"",""drop_u"":""ratio"",""sla_violation"":""ratio"",""fairness"":""index_0_to_1"",""rb_utilization"":""ratio""}"
1.0.0,smoke-000466,42,stable_load,tv1_smoke_fixed,466,1.895,1.0,0.0,0.0,0.500409,0.68,25,25,25,9,1895,2560,1,0,"{""throughput_e"":""Mbps"",""delay_u"":""ms"",""drop_u"":""ratio"",""sla_violation"":""ratio"",""fairness"":""index_0_to_1"",""rb_utilization"":""ratio""}"
1.0.0,smoke-000467,42,stable_load,tv1_smoke_fixed,467,2.762,1.0,0.0,0.0,0.500594,0.68,25,25,25,9,2762,2560,1,0,"{""throughput_e"":""Mbps"",""delay_u"":""ms"",""drop_u"":""ratio"",""sla_violation"":""ratio"",""fairness"":""index_0_to_1"",""rb_utilization"":""ratio""}"
1.0.0,smoke-000468,42,stable_load,tv1_smoke_fixed,468,3.703,1.0,0.0,0.0,0.500794,0.84,25,25,25,17,3703,5120,2,0,"{""throughput_e"":""Mbps"",""delay_u"":""ms"",""drop_u"":""ratio"",""sla_violation"":""ratio"",""fairness"":""index_0_to_1"",""rb_utilization"":""ratio""}"
1.0.0,smoke-000469,42,stable_load,tv1_smoke_fixed,469,3.703,1.0,0.0,0.0,0.500792,0.84,25,25,25,17,3703,5120,2,0,"{""throughput_e"":""Mbps"",""delay_u"":""ms"",""drop_u"":""ratio"",""sla_violation"":""ratio"",""fairness"":""index_0_to_1"",""rb_utilization"":""ratio""}"
1.0.0,smoke-000470,42,stable_load,tv1_smoke_fixed,470,3.703,1.0,0.0,0.0,0.500789,0.84,25,25,25,17,3703,5120,2,0,"{""throughput_e"":""Mbps"",""delay_u"":""ms"",""drop_u"":""ratio"",""sla_violation"":""ratio"",""fairness"":""index_0_to_1"",""rb_utilization"":""ratio""}"
1.0.0,smoke-000471,42,stable_load,tv1_smoke_fixed,471,2.762,1.0,0.0,0.0,0.500586,0.68,25,25,25,9,2762,2560,1,0,"{""throughput_e"":""Mbps"",""delay_u"":""ms"",""drop_u"":""ratio"",""sla_violation"":""ratio"",""fairness"":""index_0_to_1"",""rb_utilization"":""ratio""}"
1.0.0,smoke-000472,42,stable_load,tv1_smoke_fixed,472,2.762,1.0,0.0,0.0,0.500585,0.84,25,25,25,17,2762,5120,2,0,"{""throughput_e"":""Mbps"",""delay_u"":""ms"",""drop_u"":""ratio"",""sla_violation"":""ratio"",""fairness"":""index_0_to_1"",""rb_utilization"":""ratio""}"
1.0.0,smoke-000473,42,stable_load,tv1_smoke_fixed,473,2.762,1.0,0.0,0.0,0.500788,1.0,25,25,25,25,2762,7579,2,0,"{""throughput_e"":""Mbps"",""delay_u"":""ms"",""drop_u"":""ratio"",""sla_violation"":""ratio"",""fairness"":""index_0_to_1"",""rb_utilization"":""ratio""}"
1.0.0,smoke-000474,42,stable_load,tv1_smoke_fixed,474,3.703,1.666667,0.0,0.0,0.500779,0.86,25,25,25,18,3703,5221,3,0,"{""throughput_e"":""Mbps"",""delay_u"":""ms"",""drop_u"":""ratio"",""sla_violation"":""ratio"",""fairness"":""index_0_to_1"",""rb_utilization"":""ratio""}"
1.0.0,smoke-000475,42,stable_load,tv1_smoke_fixed,475,3.703,1.0,0.0,0.0,0.500777,0.68,25,25,25,9,3703,2560,1,0,"{""throughput_e"":""Mbps"",""delay_u"":""ms"",""drop_u"":""ratio"",""sla_violation"":""ratio"",""fairness"":""index_0_to_1"",""rb_utilization"":""ratio""}"
1.0.0,smoke-000476,42,stable_load,tv1_smoke_fixed,476,3.703,1.0,0.0,0.0,0.500775,0.8,25,25,25,15,3703,5120,2,0,"{""throughput_e"":""Mbps"",""delay_u"":""ms"",""drop_u"":""ratio"",""sla_violation"":""ratio"",""fairness"":""index_0_to_1"",""rb_utilization"":""ratio""}"
1.0.0,smoke-000477,42,stable_load,tv1_smoke_fixed,477,3.703,0.0,0.0,0.0,0.500772,0.5,25,25,25,0,3703,0,0,0,"{""throughput_e"":""Mbps"",""delay_u"":""ms"",""drop_u"":""ratio"",""sla_violation"":""ratio"",""fairness"":""index_0_to_1"",""rb_utilization"":""ratio""}"
1.0.0,smoke-000478,42,stable_load,tv1_smoke_fixed,478,3.703,1.0,0.0,0.0,0.50077,0.96,25,25,25,23,3703,7680,3,0,"{""throughput_e"":""Mbps"",""delay_u"":""ms"",""drop_u"":""ratio"",""sla_violation"":""ratio"",""fairness"":""index_0_to_1"",""rb_utilization"":""ratio""}"
1.0.0,smoke-000479,42,stable_load,tv1_smoke_fixed,479,2.762,0.0,0.0,0.0,0.500573,0.5,25,25,25,0,2762,0,0,0,"{""throughput_e"":""Mbps"",""delay_u"":""ms"",""drop_u"":""ratio"",""sla_violation"":""ratio"",""fairness"":""index_0_to_1"",""rb_utilization"":""ratio""}"
1.0.0,smoke-000480,42,stable_load,tv1_smoke_fixed,480,2.762,0.0,0.0,0.0,0.500571,0.5,25,25,25,0,2762,0,0,0,"{""throughput_e"":""Mbps"",""delay_u"":""ms"",""drop_u"":""ratio"",""sla_violation"":""ratio"",""fairness"":""index_0_to_1"",""rb_utilization"":""ratio""}"
1.0.0,smoke-000481,42,stable_load,tv1_smoke_fixed,481,1.895,0.0,0.0,0.0,0.500391,0.5,25,25,25,0,1895,0,0,0,"{""throughput_e"":""Mbps"",""delay_u"":""ms"",""drop_u"":""ratio"",""sla_violation"":""ratio"",""fairness"":""index_0_to_1"",""rb_utilization"":""ratio""}"
1.0.0,smoke-000482,42,stable_load,tv1_smoke_fixed,482,1.895,1.0,0.0,0.0,0.500389,0.94,25,25,25,22,1895,5120,2,0,"{""throughput_e"":""Mbps"",""delay_u"":""ms"",""drop_u"":""ratio"",""sla_violation"":""ratio"",""fairness"":""index_0_to_1"",""rb_utilization"":""ratio""}"
1.0.0,smoke-000483,42,stable_load,tv1_smoke_fixed,483,1.895,1.0,0.0,0.0,0.500388,0.68,25,25,25,9,1895,2560,1,0,"{""throughput_e"":""Mbps"",""delay_u"":""ms"",""drop_u"":""ratio"",""sla_violation"":""ratio"",""fairness"":""index_0_to_1"",""rb_utilization"":""ratio""}"
1.0.0,smoke-000484,42,stable_load,tv1_smoke_fixed,484,1.895,1.0,0.0,0.0,0.500386,0.68,25,25,25,9,1895,2560,1,0,"{""throughput_e"":""Mbps"",""delay_u"":""ms"",""drop_u"":""ratio"",""sla_violation"":""ratio"",""fairness"":""index_0_to_1"",""rb_utilization"":""ratio""}"
1.0.0,smoke-000485,42,stable_load,tv1_smoke_fixed,485,1.895,1.0,0.0,0.0,0.500385,0.84,25,25,25,17,1895,5120,2,0,"{""throughput_e"":""Mbps"",""delay_u"":""ms"",""drop_u"":""ratio"",""sla_violation"":""ratio"",""fairness"":""index_0_to_1"",""rb_utilization"":""ratio""}"
1.0.0,smoke-000486,42,stable_load,tv1_smoke_fixed,486,1.895,1.0,0.0,0.0,0.500384,0.84,25,25,25,17,1895,5120,2,0,"{""throughput_e"":""Mbps"",""delay_u"":""ms"",""drop_u"":""ratio"",""sla_violation"":""ratio"",""fairness"":""index_0_to_1"",""rb_utilization"":""ratio""}"
1.0.0,smoke-000487,42,stable_load,tv1_smoke_fixed,487,1.187,1.0,0.0,0.0,0.500405,1.0,25,25,25,25,1187,7579,2,0,"{""throughput_e"":""Mbps"",""delay_u"":""ms"",""drop_u"":""ratio"",""sla_violation"":""ratio"",""fairness"":""index_0_to_1"",""rb_utilization"":""ratio""}"
1.0.0,smoke-000488,42,stable_load,tv1_smoke_fixed,488,1.187,2.0,0.0,0.0,0.500487,1.0,25,25,25,25,1187,7579,3,0,"{""throughput_e"":""Mbps"",""delay_u"":""ms"",""drop_u"":""ratio"",""sla_violation"":""ratio"",""fairness"":""index_0_to_1"",""rb_utilization"":""ratio""}"
1.0.0,smoke-000489,42,stable_load,tv1_smoke_fixed,489,1.187,2.0,0.0,0.0,0.500248,1.0,25,25,25,25,1187,7579,3,0,"{""throughput_e"":""Mbps"",""delay_u"":""ms"",""drop_u"":""ratio"",""sla_violation"":""ratio"",""fairness"":""index_0_to_1"",""rb_utilization"":""ratio""}"
1.0.0,smoke-000490,42,stable_load,tv1_smoke_fixed,490,1.895,2.0,0.0,0.0,0.500379,0.7,25,25,25,10,1895,2863,2,0,"{""throughput_e"":""Mbps"",""delay_u"":""ms"",""drop_u"":""ratio"",""sla_violation"":""ratio"",""fairness"":""index_0_to_1"",""rb_utilization"":""ratio""}"
1.0.0,smoke-000491,42,stable_load,tv1_smoke_fixed,491,1.895,1.0,0.0,0.0,0.500378,0.72,25,25,25,11,1895,2560,1,0,"{""throughput_e"":""Mbps"",""delay_u"":""ms"",""drop_u"":""ratio"",""sla_violation"":""ratio"",""fairness"":""index_0_to_1"",""rb_utilization"":""ratio""}"
1.0.0,smoke-000492,42,stable_load,tv1_smoke_fixed,492,1.187,0.0,0.0,0.0,0.500236,0.5,25,25,25,0,1187,0,0,0,"{""throughput_e"":""Mbps"",""delay_u"":""ms"",""drop_u"":""ratio"",""sla_violation"":""ratio"",""fairness"":""index_0_to_1"",""rb_utilization"":""ratio""}"
1.0.0,smoke-000493,42,stable_load,tv1_smoke_fixed,493,1.187,1.0,0.0,0.0,0.500235,0.68,25,25,25,9,1187,2560,1,0,"{""throughput_e"":""Mbps"",""delay_u"":""ms"",""drop_u"":""ratio"",""sla_violation"":""ratio"",""fairness"":""index_0_to_1"",""rb_utilization"":""ratio""}"
1.0.0,smoke-000494,42,stable_load,tv1_smoke_fixed,494,1.895,1.0,0.0,0.0,0.500506,1.0,25,25,25,25,1895,7579,2,0,"{""throughput_e"":""Mbps"",""delay_u"":""ms"",""drop_u"":""ratio"",""sla_violation"":""ratio"",""fairness"":""index_0_to_1"",""rb_utilization"":""ratio""}"
1.0.0,smoke-000495,42,stable_load,tv1_smoke_fixed,495,1.895,2.0,0.0,0.0,0.500373,0.74,25,25,25,12,1895,2661,2,0,"{""throughput_e"":""Mbps"",""delay_u"":""ms"",""drop_u"":""ratio"",""sla_violation"":""ratio"",""fairness"":""index_0_to_1"",""rb_utilization"":""ratio""}"
1.0.0,smoke-000496,42,stable_load,tv1_smoke_fixed,496,1.895,1.0,0.0,0.0,0.500372,0.94,25,25,25,22,1895,5120,2,0,"{""throughput_e"":""Mbps"",""delay_u"":""ms"",""drop_u"":""ratio"",""sla_violation"":""ratio"",""fairness"":""index_0_to_1"",""rb_utilization"":""ratio""}"
1.0.0,smoke-000497,42,stable_load,tv1_smoke_fixed,497,1.895,0.0,0.0,0.0,0.500371,0.5,25,25,25,0,1895,0,0,0,"{""throughput_e"":""Mbps"",""delay_u"":""ms"",""drop_u"":""ratio"",""sla_violation"":""ratio"",""fairness"":""index_0_to_1"",""rb_utilization"":""ratio""}"
1.0.0,smoke-000498,42,stable_load,tv1_smoke_fixed,498,1.895,1.0,0.0,0.0,0.500369,0.94,25,25,25,22,1895,5120,2,0,"{""throughput_e"":""Mbps"",""delay_u"":""ms"",""drop_u"":""ratio"",""sla_violation"":""ratio"",""fairness"":""index_0_to_1"",""rb_utilization"":""ratio""}"
1.0.0,smoke-000499,42,stable_load,tv1_smoke_fixed,499,1.895,1.0,0.0,0.0,0.500469,1.0,25,25,25,25,1895,6029,2,0,"{""throughput_e"":""Mbps"",""delay_u"":""ms"",""drop_u"":""ratio"",""sla_violation"":""ratio"",""fairness"":""index_0_to_1"",""rb_utilization"":""ratio""}"
