schema_version,request_id,seed,scenario_id,algorithm,time_slot,throughput_e,delay_u,drop_u,sla_violation,fairness,rb_utilization,allocated_embb_rb,allocated_urllc_rb,used_embb_rb,used_urllc_rb,served_embb_bits,served_urllc_bits,completed_urllc_packets,dropped_urllc_packets,units
1.0.0,smoke-000000,42,urllc_burst,tv1_smoke_fixed,0,10.465,0.0,0.0,0.0,0.961374,0.5,25,25,25,0,10465,0,0,0,"{""throughput_e"":""Mbps"",""delay_u"":""ms"",""drop_u"":""ratio"",""sla_violation"":""ratio"",""fairness"":""index_0_to_1"",""rb_utilization"":""ratio""}"
1.0.0,smoke-000001,42,urllc_burst,tv1_smoke_fixed,1,10.465,0.0,0.0,0.0,0.900333,0.5,25,25,25,0,10465,0,0,0,"{""throughput_e"":""Mbps"",""delay_u"":""ms"",""drop_u"":""ratio"",""sla_violation"":""ratio"",""fairness"":""index_0_to_1"",""rb_utilization"":""ratio""}"
1.0.0,smoke-000002,42,urllc_burst,tv1_smoke_fixed,2,10.465,1.0,0.0,0.0,0.844651,0.78,25,25,25,14,10465,2560,1,0,"{""throughput_e"":""Mbps"",""delay_u"":""ms"",""drop_u"":""ratio"",""sla_violation"":""ratio"",""fairness"":""index_0_to_1"",""rb_utilization"":""ratio""}"
1.0.0,smoke-000003,42,urllc_burst,tv1_smoke_fixed,3,10.465,1.0,0.0,0.0,0.821662,0.78,25,25,25,14,10465,2560,1,0,"{""throughput_e"":""Mbps"",""delay_u"":""ms"",""drop_u"":""ratio"",""sla_violation"":""ratio"",""fairness"":""index_0_to_1"",""rb_utilization"":""ratio""}"
1.0.0,smoke-000004,42,urllc_burst,tv1_smoke_fixed,4,10.465,0.0,0.0,0.0,0.776302,0.5,25,25,25,0,10465,0,0,0,"{""throughput_e"":""Mbps"",""delay_u"":""ms"",""drop_u"":""ratio"",""sla_violation"":""ratio"",""fairness"":""index_0_to_1"",""rb_utilization"":""ratio""}"
1.0.0,smoke-000005,42,urllc_burst,tv1_smoke_fixed,5,10.465,0.0,0.0,0.0,0.731758,0.5,25,25,25,0,10465,0,0,0,"{""throughput_e"":""Mbps"",""delay_u"":""ms"",""drop_u"":""ratio"",""sla_violation"":""ratio"",""fairness"":""index_0_to_1"",""rb_utilization"":""ratio""}"
1.0.0,smoke-000006,42,urllc_burst,tv1_smoke_fixed,6,10.465,0.0,0.0,0.0,0.713619,0.5,25,25,25,0,10465,0,0,0,"{""throughput_e"":""Mbps"",""delay_u"":""ms"",""drop_u"":""ratio"",""sla_violation"":""ratio"",""fairness"":""index_0_to_1"",""rb_utilization"":""ratio""}"
1.0.0,smoke-000007,42,urllc_burst,tv1_smoke_fixed,7,10.465,1.0,0.0,0.0,0.718214,1.0,25,25,25,25,10465,4651,1,0,"{""throughput_e"":""Mbps"",""delay_u"":""ms"",""drop_u"":""ratio"",""sla_violation"":""ratio"",""fairness"":""index_0_to_1"",""rb_utilization"":""ratio""}"
1.0.0,smoke-000008,42,urllc_burst,tv1_smoke_fixed,8,8.601,2.0,0.0,0.0,0.648166,0.54,25,25,25,2,8601,469,1,0,"{""throughput_e"":""Mbps"",""delay_u"":""ms"",""drop_u"":""ratio"",""sla_violation"":""ratio"",""fairness"":""index_0_to_1"",""rb_utilization"":""ratio""}"
1.0.0,smoke-000009,42,urllc_burst,tv1_smoke_fixed,9,7.579,0.0,0.0,0.0,0.621896,0.5,25,25,25,0,7579,0,0,0,"{""throughput_e"":""Mbps"",""delay_u"":""ms"",""drop_u"":""ratio"",""sla_violation"":""ratio"",""fairness"":""index_0_to_1"",""rb_utilization"":""ratio""}"
1.0.0,smoke-000010,42,urllc_burst,tv1_smoke_fixed,10,8.601,0.0,0.0,0.0,0.618729,0.5,25,25,25,0,8601,0,0,0,"{""throughput_e"":""Mbps"",""delay_u"":""ms"",""drop_u"":""ratio"",""sla_violation"":""ratio"",""fairness"":""index_0_to_1"",""rb_utilization"":""ratio""}"
1.0.0,smoke-000011,42,urllc_burst,tv1_smoke_fixed,11,8.601,0.0,0.0,0.0,0.608505,0.5,25,25,25,0,8601,0,0,0,"{""throughput_e"":""Mbps"",""delay_u"":""ms"",""drop_u"":""ratio"",""sla_violation"":""ratio"",""fairness"":""index_0_to_1"",""rb_utilization"":""ratio""}"
1.0.0,smoke-000012,42,urllc_burst,tv1_smoke_fixed,12,10.465,1.0,0.0,0.0,0.618192,0.94,25,25,25,22,10465,5120,2,0,"{""throughput_e"":""Mbps"",""delay_u"":""ms"",""drop_u"":""ratio"",""sla_violation"":""ratio"",""fairness"":""index_0_to_1"",""rb_utilization"":""ratio""}"
1.0.0,smoke-000013,42,urllc_burst,tv1_smoke_fixed,13,10.465,1.0,0.0,0.0,0.613991,0.94,25,25,25,22,10465,5120,2,0,"{""throughput_e"":""Mbps"",""delay_u"":""ms"",""drop_u"":""ratio"",""sla_violation"":""ratio"",""fairness"":""index_0_to_1"",""rb_utilization"":""ratio""}"
1.0.0,smoke-000014,42,urllc_burst,tv1_smoke_fixed,14,10.465,1.0,0.0,0.0,0.606152,0.84,25,25,25,17,10465,5120,2,0,"{""throughput_e"":""Mbps"",""delay_u"":""ms"",""drop_u"":""ratio"",""sla_violation"":""ratio"",""fairness"":""index_0_to_1"",""rb_utilization"":""ratio""}"
1.0.0,smoke-000015,42,urllc_burst,tv1_smoke_fixed,15,10.465,0.0,0.0,0.0,0.602954,0.5,25,25,25,0,10465,0,0,0,"{""throughput_e"":""Mbps"",""delay_u"":""ms"",""drop_u"":""ratio"",""sla_violation"":""ratio"",""fairness"":""index_0_to_1"",""rb_utilization"":""ratio""}"
1.0.0,smoke-000016,42,urllc_burst,tv1_smoke_fixed,16,10.465,0.0,0.0,0.0,0.597483,0.5,25,25,25,0,10465,0,0,0,"{""throughput_e"":""Mbps"",""delay_u"":""ms"",""drop_u"":""ratio"",""sla_violation"":""ratio"",""fairness"":""index_0_to_1"",""rb_utilization"":""ratio""}"
1.0.0,smoke-000017,42,urllc_burst,tv1_smoke_fixed,17,10.465,0.0,0.0,0.0,0.59143,0.5,25,25,25,0,10465,0,0,0,"{""throughput_e"":""Mbps"",""delay_u"":""ms"",""drop_u"":""ratio"",""sla_violation"":""ratio"",""fairness"":""index_0_to_1"",""rb_utilization"":""ratio""}"
1.0.0,smoke-000018,42,urllc_burst,tv1_smoke_fixed,18,10.465,1.0,0.0,0.0,0.586317,0.78,25,25,25,14,10465,2560,1,0,"{""throughput_e"":""Mbps"",""delay_u"":""ms"",""drop_u"":""ratio"",""sla_violation"":""ratio"",""fairness"":""index_0_to_1"",""rb_utilization"":""ratio""}"
1.0.0,smoke-000019,42,urllc_burst,tv1_smoke_fixed,19,10.465,1.0,0.0,0.0,0.58196,0.78,25,25,25,14,10465,2560,1,0,"{""throughput_e"":""Mbps"",""delay_u"":""ms"",""drop_u"":""ratio"",""sla_violation"":""ratio"",""fairness"":""index_0_to_1"",""rb_utilization"":""ratio""}"
1.0.0,smoke-000020,42,urllc_burst,tv1_smoke_fixed,20,10.465,1.0,0.0,0.0,0.586708,1.0,25,25,25,25,10465,4651,1,0,"{""throughput_e"":""Mbps"",""delay_u"":""ms"",""drop_u"":""ratio"",""sla_violation"":""ratio"",""fairness"":""index_0_to_1"",""rb_utilization"":""ratio""}"
1.0.0,smoke-000021,42,urllc_burst,tv1_smoke_fixed,21,10.465,1.5,0.0,0.0,0.573267,0.84,25,25,25,17,10465,3029,2,0,"{""throughput_e"":""Mbps"",""delay_u"":""ms"",""drop_u"":""ratio"",""sla_violation"":""ratio"",""fairness"":""index_0_to_1"",""rb_utilization"":""ratio""}"
1.0.0,smoke-000022,42,urllc_burst,tv1_smoke_fixed,22,10.465,1.0,0.0,0.0,0.572686,0.86,25,25,25,18,10465,2560,1,0,"{""throughput_e"":""Mbps"",""delay_u"":""ms"",""drop_u"":""ratio"",""sla_violation"":""ratio"",""fairness"":""index_0_to_1"",""rb_utilization"":""ratio""}"
1.0.0,smoke-000023,42,urllc_burst,tv1_smoke_fixed,23,10.465,1.0,0.0,0.0,0.639153,1.0,25,25,25,25,10465,3703,1,0,"{""throughput_e"":""Mbps"",""delay_u"":""ms"",""drop_u"":""ratio"",""sla_violation"":""ratio"",""fairness"":""index_0_to_1"",""rb_utilization"":""ratio""}"
1.0.0,smoke-000024,42,urllc_burst,tv1_smoke_fixed,24,10.465,2.0,0.0,0.0,0.565073,0.94,25,25,25,22,10465,3977,2,0,"{""throughput_e"":""Mbps"",""delay_u"":""ms"",""drop_u"":""ratio"",""sla_violation"":""ratio"",""fairness"":""index_0_to_1"",""rb_utilization"":""ratio""}"
1.0.0,smoke-000025,42,urllc_burst,tv1_smoke_fixed,25,8.601,0.0,0.0,0.0,0.551669,0.5,25,25,25,0,8601,0,0,0,"{""throughput_e"":""Mbps"",""delay_u"":""ms"",""drop_u"":""ratio"",""sla_violation"":""ratio"",""fairness"":""index_0_to_1"",""rb_utilization"":""ratio""}"
1.0.0,smoke-000026,42,urllc_burst,tv1_smoke_fixed,26,8.601,0.0,0.0,0.0,0.548412,0.5,25,25,25,0,8601,0,0,0,"{""throughput_e"":""Mbps"",""delay_u"":""ms"",""drop_u"":""ratio"",""sla_violation"":""ratio"",""fairness"":""index_0_to_1"",""rb_utilization"":""ratio""}"
1.0.0,smoke-000027,42,urllc_burst,tv1_smoke_fixed,27,8.601,1.0,0.0,0.0,0.546843,0.86,25,25,25,18,8601,2560,1,0,"{""throughput_e"":""Mbps"",""delay_u"":""ms"",""drop_u"":""ratio"",""sla_violation"":""ratio"",""fairness"":""index_0_to_1"",""rb_utilization"":""ratio""}"
1.0.0,smoke-000028,42,urllc_burst,tv1_smoke_fixed,28,8.601,0.0,0.0,0.0,0.544588,0.5,25,25,25,0,8601,0,0,0,"{""throughput_e"":""Mbps"",""delay_u"":""ms"",""drop_u"":""ratio"",""sla_violation"":""ratio"",""fairness"":""index_0_to_1"",""rb_utilization"":""ratio""}"
1.0.0,smoke-000029,42,urllc_burst,tv1_smoke_fixed,29,8.601,0.0,0.0,0.0,0.543188,0.5,25,25,25,0,8601,0,0,0,"{""throughput_e"":""Mbps"",""delay_u"":""ms"",""drop_u"":""ratio"",""sla_violation"":""ratio"",""fairness"":""index_0_to_1"",""rb_utilization"":""ratio""}"
1.0.0,smoke-000030,42,urllc_burst,tv1_smoke_fixed,30,10.465,1.0,0.0,0.0,0.570325,1.0,25,25,25,25,10465,3703,1,0,"{""throughput_e"":""Mbps"",""delay_u"":""ms"",""drop_u"":""ratio"",""sla_violation"":""ratio"",""fairness"":""index_0_to_1"",""rb_utilization"":""ratio""}"
1.0.0,smoke-000031,42,urllc_burst,tv1_smoke_fixed,31,10.465,2.0,0.0,0.0,0.549786,0.7,25,25,25,10,10465,1417,1,0,"{""throughput_e"":""Mbps"",""delay_u"":""ms"",""drop_u"":""ratio"",""sla_violation"":""ratio"",""fairness"":""index_0_to_1"",""rb_utilization"":""ratio""}"
1.0.0,smoke-000032,42,urllc_burst,tv1_smoke_fixed,32,12.292,0.0,0.0,0.0,0.556309,0.5,25,25,25,0,12292,0,0,0,"{""throughput_e"":""Mbps"",""delay_u"":""ms"",""drop_u"":""ratio"",""sla_violation"":""ratio"",""fairness"":""index_0_to_1"",""rb_utilization"":""ratio""}"
1.0.0,smoke-000033,42,urllc_burst,tv1_smoke_fixed,33,12.292,0.0,0.0,0.0,0.555381,0.5,25,25,25,0,12292,0,0,0,"{""throughput_e"":""Mbps"",""delay_u"":""ms"",""drop_u"":""ratio"",""sla_violation"":""ratio"",""fairness"":""index_0_to_1"",""rb_utilization"":""ratio""}"
1.0.0,smoke-000034,42,urllc_burst,tv1_smoke_fixed,34,12.292,1.0,0.0,0.0,0.553956,0.86,25,25,25,18,12292,2560,1,0,"{""throughput_e"":""Mbps"",""delay_u"":""ms"",""drop_u"":""ratio"",""sla_violation"":""ratio"",""fairness"":""index_0_to_1"",""rb_utilization"":""ratio""}"
1.0.0,smoke-000035,42,urllc_burst,tv1_smoke_fixed,35,14.248,0.0,0.0,0.0,0.561015,0.5,25,25,25,0,14248,0,0,0,"{""throughput_e"":""Mbps"",""delay_u"":""ms"",""drop_u"":""ratio"",""sla_violation"":""ratio"",""fairness"":""index_0_to_1"",""rb_utilization"":""ratio""}"
1.0.0,smoke-000036,42,urllc_burst,tv1_smoke_fixed,36,14.248,1.0,0.0,0.0,0.626664,1.0,25,25,25,25,14248,3703,1,0,"{""throughput_e"":""Mbps"",""delay_u"":""ms"",""drop_u"":""ratio"",""sla_violation"":""ratio"",""fairness"":""index_0_to_1"",""rb_utilization"":""ratio""}"
1.0.0,smoke-000037,42,urllc_burst,tv1_smoke_fixed,37,12.292,2.0,0.0,0.0,0.666806,1.0,25,25,25,25,12292,2762,1,0,"{""throughput_e"":""Mbps"",""delay_u"":""ms"",""drop_u"":""ratio"",""sla_violation"":""ratio"",""fairness"":""index_0_to_1"",""rb_utilization"":""ratio""}"
1.0.0,smoke-000038,42,urllc_burst,tv1_smoke_fixed,38,10.465,3.0,0.0,0.0,0.599361,1.0,25,25,25,25,10465,2762,1,0,"{""throughput_e"":""Mbps"",""delay_u"":""ms"",""drop_u"":""ratio"",""sla_violation"":""ratio"",""fairness"":""index_0_to_1"",""rb_utilization"":""ratio""}"
1.0.0,smoke-000039,42,urllc_burst,tv1_smoke_fixed,39,10.465,3.0,0.0,0.0,0.593052,1.0,25,25,25,25,10465,2762,1,0,"{""throughput_e"":""Mbps"",""delay_u"":""ms"",""drop_u"":""ratio"",""sla_violation"":""ratio"",""fairness"":""index_0_to_1"",""rb_utilization"":""ratio""}"
1.0.0,smoke-000040,42,urllc_burst,tv1_smoke_fixed,40,10.465,4.0,0.0,0.0,0.549577,1.0,25,25,25,25,10465,2762,1,0,"{""throughput_e"":""Mbps"",""delay_u"":""ms"",""drop_u"":""ratio"",""sla_violation"":""ratio"",""fairness"":""index_0_to_1"",""rb_utilization"":""ratio""}"
1.0.0,smoke-000041,42,urllc_burst,tv1_smoke_fixed,41,10.465,3.0,0.0,0.0,0.545844,1.0,25,25,25,25,10465,2762,1,0,"{""throughput_e"":""Mbps"",""delay_u"":""ms"",""drop_u"":""ratio"",""sla_violation"":""ratio"",""fairness"":""index_0_to_1"",""rb_utilization"":""ratio""}"
1.0.0,smoke-000042,42,urllc_burst,tv1_smoke_fixed,42,8.601,2.0,0.0,0.0,0.531783,0.58,25,25,25,4,8601,407,1,0,"{""throughput_e"":""Mbps"",""delay_u"":""ms"",""drop_u"":""ratio"",""sla_violation"":""ratio"",""fairness"":""index_0_to_1"",""rb_utilization"":""ratio""}"
1.0.0,smoke-000043,42,urllc_burst,tv1_smoke_fixed,43,7.579,1.0,0.0,0.0,0.537964,1.0,25,25,25,25,7579,3703,1,0,"{""throughput_e"":""Mbps"",""delay_u"":""ms"",""drop_u"":""ratio"",""sla_violation"":""ratio"",""fairness"":""index_0_to_1"",""rb_utilization"":""ratio""}"
1.0.0,smoke-000044,42,urllc_burst,tv1_smoke_fixed,44,7.579,2.0,0.0,0.0,0.546965,1.0,25,25,25,25,7579,3703,1,0,"{""throughput_e"":""Mbps"",""delay_u"":""ms"",""drop_u"":""ratio"",""sla_violation"":""ratio"",""fairness"":""index_0_to_1"",""rb_utilization"":""ratio""}"
1.0.0,smoke-000045,42,urllc_burst,tv1_smoke_fixed,45,8.601,2.0,0.0,0.0,0.529613,0.9,25,25,25,20,8601,2834,2,0,"{""throughput_e"":""Mbps"",""delay_u"":""ms"",""drop_u"":""ratio"",""sla_violation"":""ratio"",""fairness"":""index_0_to_1"",""rb_utilization"":""ratio""}"
1.0.0,smoke-000046,42,urllc_burst,tv1_smoke_fixed,46,8.601,1.0,0.0,0.0,0.539297,1.0,25,25,25,25,8601,3703,1,0,"{""throughput_e"":""Mbps"",""delay_u"":""ms"",""drop_u"":""ratio"",""sla_violation"":""ratio"",""fairness"":""index_0_to_1"",""rb_utilization"":""ratio""}"
1.0.0,smoke-000047,42,urllc_burst,tv1_smoke_fixed,47,10.465,2.0,0.0,0.0,0.533707,0.66,25,25,25,8,10465,1417,1,0,"{""throughput_e"":""Mbps"",""delay_u"":""ms"",""drop_u"":""ratio"",""sla_violation"":""ratio"",""fairness"":""index_0_to_1"",""rb_utilization"":""ratio""}"
1.0.0,smoke-000048,42,urllc_burst,tv1_smoke_fixed,48,10.465,0.0,0.0,0.0,0.532756,0.5,25,25,25,0,10465,0,0,0,"{""throughput_e"":""Mbps"",""delay_u"":""ms"",""drop_u"":""ratio"",""sla_violation"":""ratio"",""fairness"":""index_0_to_1"",""rb_utilization"":""ratio""}"
1.0.0,smoke-000049,42,urllc_burst,tv1_smoke_fixed,49,10.465,1.0,0.0,0.0,0.532535,0.78,25,25,25,14,10465,2560,1,0,"{""throughput_e"":""Mbps"",""delay_u"":""ms"",""drop_u"":""ratio"",""sla_violation"":""ratio"",""fairness"":""index_0_to_1"",""rb_utilization"":""ratio""}"
1.0.0,smoke-000050,42,urllc_burst,tv1_smoke_fixed,50,12.292,1.0,0.0,0.0,0.62223,1.0,25,25,25,25,12292,4651,1,0,"{""throughput_e"":""Mbps"",""delay_u"":""ms"",""drop_u"":""ratio"",""sla_violation"":""ratio"",""fairness"":""index_0_to_1"",""rb_utilization"":""ratio""}"
1.0.0,smoke-000051,42,urllc_burst,tv1_smoke_fixed,51,12.292,2.0,0.0,0.0,0.736769,1.0,25,25,25,25,12292,4651,2,0,"{""throughput_e"":""Mbps"",""delay_u"":""ms"",""drop_u"":""ratio"",""sla_violation"":""ratio"",""fairness"":""index_0_to_1"",""rb_utilization"":""ratio""}"
1.0.0,smoke-000052,42,urllc_burst,tv1_smoke_fixed,52,12.292,3.0,0.0,0.0,0.753984,1.0,25,25,25,25,12292,4651,2,0,"{""throughput_e"":""Mbps"",""delay_u"":""ms"",""drop_u"":""ratio"",""sla_violation"":""ratio"",""fairness"":""index_0_to_1"",""rb_utilization"":""ratio""}"
1.0.0,smoke-000053,42,urllc_burst,tv1_smoke_fixed,53,12.292,3.5,0.0,0.0,0.799307,1.0,25,25,25,25,12292,4651,2,0,"{""throughput_e"":""Mbps"",""delay_u"":""ms"",""drop_u"":""ratio"",""sla_violation"":""ratio"",""fairness"":""index_0_to_1"",""rb_utilization"":""ratio""}"
1.0.0,smoke-000054,42,urllc_burst,tv1_smoke_fixed,54,12.292,4.0,0.0,0.0,0.919488,1.0,25,25,25,25,12292,3703,1,0,"{""throughput_e"":""Mbps"",""delay_u"":""ms"",""drop_u"":""ratio"",""sla_violation"":""ratio"",""fairness"":""index_0_to_1"",""rb_utilization"":""ratio""}"
1.0.0,smoke-000055,42,urllc_burst,tv1_smoke_fixed,55,10.465,5.0,0.666667,0.666667,0.932706,1.0,25,25,25,25,10465,3703,2,4,"{""throughput_e"":""Mbps"",""delay_u"":""ms"",""drop_u"":""ratio"",""sla_violation"":""ratio"",""fairness"":""index_0_to_1"",""rb_utilization"":""ratio""}"
1.0.0,smoke-000056,42,urllc_burst,tv1_smoke_fixed,56,12.292,5.0,0.666667,0.666667,0.960678,1.0,25,25,25,25,12292,3703,1,2,"{""throughput_e"":""Mbps"",""delay_u"":""ms"",""drop_u"":""ratio"",""sla_violation"":""ratio"",""fairness"":""index_0_to_1"",""rb_utilization"":""ratio""}"
1.0.0,smoke-000057,42,urllc_burst,tv1_smoke_fixed,57,12.292,5.0,0.8,0.8,0.990162,1.0,25,25,25,25,12292,3703,1,4,"{""throughput_e"":""Mbps"",""delay_u"":""ms"",""drop_u"":""ratio"",""sla_violation"":""ratio"",""fairness"":""index_0_to_1"",""rb_utilization"":""ratio""}"
1.0.0,smoke-000058,42,urllc_burst,tv1_smoke_fixed,58,14.248,5.0,0.857143,0.857143,0.998036,1.0,25,25,25,25,14248,3703,1,6,"{""throughput_e"":""Mbps"",""delay_u"":""ms"",""drop_u"":""ratio"",""sla_violation"":""ratio"",""fairness"":""index_0_to_1"",""rb_utilization"":""ratio""}"
1.0.0,smoke-000059,42,urllc_burst,tv1_smoke_fixed,59,14.248,5.0,0.857143,0.857143,0.999988,1.0,25,25,25,25,14248,3703,1,6,"{""throughput_e"":""Mbps"",""delay_u"":""ms"",""drop_u"":""ratio"",""sla_violation"":""ratio"",""fairness"":""index_0_to_1"",""rb_utilization"":""ratio""}"
1.0.0,smoke-000060,42,urllc_burst,tv1_smoke_fixed,60,14.248,5.0,0.8,0.8,0.975755,1.0,25,25,25,25,14248,4651,1,4,"{""throughput_e"":""Mbps"",""delay_u"":""ms"",""drop_u"":""ratio"",""sla_violation"":""ratio"",""fairness"":""index_0_to_1"",""rb_utilization"":""ratio""}"
1.0.0,smoke-000061,42,urllc_burst,tv1_smoke_fixed,61,14.248,5.0,0.9,0.9,0.975392,1.0,25,25,25,25,14248,4651,1,9,"{""throughput_e"":""Mbps"",""delay_u"":""ms"",""drop_u"":""ratio"",""sla_violation"":""ratio"",""fairness"":""index_0_to_1"",""rb_utilization"":""ratio""}"
1.0.0,smoke-000062,42,urllc_burst,tv1_smoke_fixed,62,14.248,5.0,0.75,0.75,0.95725,1.0,25,25,25,25,14248,4651,1,3,"{""throughput_e"":""Mbps"",""delay_u"":""ms"",""drop_u"":""ratio"",""sla_violation"":""ratio"",""fairness"":""index_0_to_1"",""rb_utilization"":""ratio""}"
1.0.0,smoke-000063,42,urllc_burst,tv1_smoke_fixed,63,14.248,5.0,0.9,0.9,0.97141,1.0,25,25,25,25,14248,4651,1,9,"{""throughput_e"":""Mbps"",""delay_u"":""ms"",""drop_u"":""ratio"",""sla_violation"":""ratio"",""fairness"":""index_0_to_1"",""rb_utilization"":""ratio""}"
1.0.0,smoke-000064,42,urllc_burst,tv1_smoke_fixed,64,14.248,5.0,0.75,0.75,0.957541,1.0,25,25,25,25,14248,4651,1,3,"{""throughput_e"":""Mbps"",""delay_u"":""ms"",""drop_u"":""ratio"",""sla_violation"":""ratio"",""fairness"":""index_0_to_1"",""rb_utilization"":""ratio""}"
1.0.0,smoke-000065,42,urllc_burst,tv1_smoke_fixed,65,14.248,5.0,0.8,0.8,0.96713,1.0,25,25,25,25,14248,4651,1,4,"{""throughput_e"":""Mbps"",""delay_u"":""ms"",""drop_u"":""ratio"",""sla_violation"":""ratio"",""fairness"":""index_0_to_1"",""rb_utilization"":""ratio""}"
1.0.0,smoke-000066,42,urllc_burst,tv1_smoke_fixed,66,12.292,5.0,0.857143,0.857143,0.930888,1.0,25,25,25,25,12292,4651,1,6,"{""throughput_e"":""Mbps"",""delay_u"":""ms"",""drop_u"":""ratio"",""sla_violation"":""ratio"",""fairness"":""index_0_to_1"",""rb_utilization"":""ratio""}"
1.0.0,smoke-000067,42,urllc_burst,tv1_smoke_fixed,67,12.292,5.0,0.714286,0.714286,0.859581,1.0,25,25,25,25,12292,6029,2,5,"{""throughput_e"":""Mbps"",""delay_u"":""ms"",""drop_u"":""ratio"",""sla_violation"":""ratio"",""fairness"":""index_0_to_1"",""rb_utilization"":""ratio""}"
1.0.0,smoke-000068,42,urllc_burst,tv1_smoke_fixed,68,12.292,5.0,0.714286,0.714286,0.833705,1.0,25,25,25,25,12292,6029,2,5,"{""throughput_e"":""Mbps"",""delay_u"":""ms"",""drop_u"":""ratio"",""sla_violation"":""ratio"",""fairness"":""index_0_to_1"",""rb_utilization"":""ratio""}"
1.0.0,smoke-000069,42,urllc_burst,tv1_smoke_fixed,69,12.292,5.0,0.666667,0.666667,0.821679,1.0,25,25,25,25,12292,6029,2,4,"{""throughput_e"":""Mbps"",""delay_u"":""ms"",""drop_u"":""ratio"",""sla_violation"":""ratio"",""fairness"":""index_0_to_1"",""rb_utilization"":""ratio""}"
1.0.0,smoke-000070,42,urllc_burst,tv1_smoke_fixed,70,12.292,5.0,0.5,0.5,0.787362,1.0,25,25,25,25,12292,6029,2,2,"{""throughput_e"":""Mbps"",""delay_u"":""ms"",""drop_u"":""ratio"",""sla_violation"":""ratio"",""fairness"":""index_0_to_1"",""rb_utilization"":""ratio""}"
1.0.0,smoke-000071,42,urllc_burst,tv1_smoke_fixed,71,12.292,5.0,0.666667,0.666667,0.741332,1.0,25,25,25,25,12292,6029,2,4,"{""throughput_e"":""Mbps"",""delay_u"":""ms"",""drop_u"":""ratio"",""sla_violation"":""ratio"",""fairness"":""index_0_to_1"",""rb_utilization"":""ratio""}"
1.0.0,smoke-000072,42,urllc_burst,tv1_smoke_fixed,72,12.292,5.0,0.5,0.5,0.716162,1.0,25,25,25,25,12292,6029,2,2,"{""throughput_e"":""Mbps"",""delay_u"":""ms"",""drop_u"":""ratio"",""sla_violation"":""ratio"",""fairness"":""index_0_to_1"",""rb_utilization"":""ratio""}"
1.0.0,smoke-000073,42,urllc_burst,tv1_smoke_fixed,73,12.292,5.0,0.666667,0.666667,0.634061,1.0,25,25,25,25,12292,7579,2,4,"{""throughput_e"":""Mbps"",""delay_u"":""ms"",""drop_u"":""ratio"",""sla_violation"":""ratio"",""fairness"":""index_0_to_1"",""rb_utilization"":""ratio""}"
1.0.0,smoke-000074,42,urllc_burst,tv1_smoke_fixed,74,12.292,5.0,0.333333,0.333333,0.582119,1.0,25,25,25,25,12292,7579,2,1,"{""throughput_e"":""Mbps"",""delay_u"":""ms"",""drop_u"":""ratio"",""sla_violation"":""ratio"",""fairness"":""index_0_to_1"",""rb_utilization"":""ratio""}"
1.0.0,smoke-000075,42,urllc_burst,tv1_smoke_fixed,75,14.248,4.0,0.0,0.0,0.5705,1.0,25,25,25,25,14248,7579,2,0,"{""throughput_e"":""Mbps"",""delay_u"":""ms"",""drop_u"":""ratio"",""sla_violation"":""ratio"",""fairness"":""index_0_to_1"",""rb_utilization"":""ratio""}"
1.0.0,smoke-000076,42,urllc_burst,tv1_smoke_fixed,76,14.248,4.333333,0.0,0.0,0.570046,1.0,25,25,25,25,14248,7579,3,0,"{""throughput_e"":""Mbps"",""delay_u"":""ms"",""drop_u"":""ratio"",""sla_violation"":""ratio"",""fairness"":""index_0_to_1"",""rb_utilization"":""ratio""}"
1.0.0,smoke-000077,42,urllc_burst,tv1_smoke_fixed,77,14.248,2.333333,0.0,0.0,0.559545,1.0,25,25,25,25,14248,6029,3,0,"{""throughput_e"":""Mbps"",""delay_u"":""ms"",""drop_u"":""ratio"",""sla_violation"":""ratio"",""fairness"":""index_0_to_1"",""rb_utilization"":""ratio""}"
1.0.0,smoke-000078,42,urllc_burst,tv1_smoke_fixed,78,14.248,2.5,0.0,0.0,0.553744,1.0,25,25,25,25,14248,6029,2,0,"{""throughput_e"":""Mbps"",""delay_u"":""ms"",""drop_u"":""ratio"",""sla_violation"":""ratio"",""fairness"":""index_0_to_1"",""rb_utilization"":""ratio""}"
1.0.0,smoke-000079,42,urllc_burst,tv1_smoke_fixed,79,14.248,2.0,0.0,0.0,0.534227,1.0,25,25,25,25,14248,6029,2,0,"{""throughput_e"":""Mbps"",""delay_u"":""ms"",""drop_u"":""ratio"",""sla_violation"":""ratio"",""fairness"":""index_0_to_1"",""rb_utilization"":""ratio""}"
1.0.0,smoke-000080,42,urllc_burst,tv1_smoke_fixed,80,14.248,2.0,0.0,0.0,0.533668,0.52,25,25,25,1,14248,35,1,0,"{""throughput_e"":""Mbps"",""delay_u"":""ms"",""drop_u"":""ratio"",""sla_violation"":""ratio"",""fairness"":""index_0_to_1"",""rb_utilization"":""ratio""}"
1.0.0,smoke-000081,42,urllc_burst,tv1_smoke_fixed,81,12.292,1.0,0.0,0.0,0.52913,0.84,25,25,25,17,12292,5120,2,0,"{""throughput_e"":""Mbps"",""delay_u"":""ms"",""drop_u"":""ratio"",""sla_violation"":""ratio"",""fairness"":""index_0_to_1"",""rb_utilization"":""ratio""}"
1.0.0,smoke-000082,42,urllc_burst,tv1_smoke_fixed,82,12.292,0.0,0.0,0.0,0.528849,0.5,25,25,25,0,12292,0,0,0,"{""throughput_e"":""Mbps"",""delay_u"":""ms"",""drop_u"":""ratio"",""sla_violation"":""ratio"",""fairness"":""index_0_to_1"",""rb_utilization"":""ratio""}"
1.0.0,smoke-000083,42,urllc_burst,tv1_smoke_fixed,83,12.292,0.0,0.0,0.0,0.528692,0.5,25,25,25,0,12292,0,0,0,"{""throughput_e"":""Mbps"",""delay_u"":""ms"",""drop_u"":""ratio"",""sla_violation"":""ratio"",""fairness"":""index_0_to_1"",""rb_utilization"":""ratio""}"
1.0.0,smoke-000084,42,urllc_burst,tv1_smoke_fixed,84,12.292,1.0,0.0,0.0,0.528571,0.78,25,25,25,14,12292,2560,1,0,"{""throughput_e"":""Mbps"",""delay_u"":""ms"",""drop_u"":""ratio"",""sla_violation"":""ratio"",""fairness"":""index_0_to_1"",""rb_utilization"":""ratio""}"
1.0.0,smoke-000085,42,urllc_burst,tv1_smoke_fixed,85,10.465,1.0,0.0,0.0,0.523928,0.72,25,25,25,11,10465,2560,1,0,"{""throughput_e"":""Mbps"",""delay_u"":""ms"",""drop_u"":""ratio"",""sla_violation"":""ratio"",""fairness"":""index_0_to_1"",""rb_utilization"":""ratio""}"
1.0.0,smoke-000086,42,urllc_burst,tv1_smoke_fixed,86,10.465,1.0,0.0,0.0,0.523499,0.72,25,25,25,11,10465,2560,1,0,"{""throughput_e"":""Mbps"",""delay_u"":""ms"",""drop_u"":""ratio"",""sla_violation"":""ratio"",""fairness"":""index_0_to_1"",""rb_utilization"":""ratio""}"
1.0.0,smoke-000087,42,urllc_burst,tv1_smoke_fixed,87,10.465,1.0,0.0,0.0,0.523225,0.72,25,25,25,11,10465,2560,1,0,"{""throughput_e"":""Mbps"",""delay_u"":""ms"",""drop_u"":""ratio"",""sla_violation"":""ratio"",""fairness"":""index_0_to_1"",""rb_utilization"":""ratio""}"
1.0.0,smoke-000088,42,urllc_burst,tv1_smoke_fixed,88,12.292,0.0,0.0,0.0,0.526854,0.5,25,25,25,0,12292,0,0,0,"{""throughput_e"":""Mbps"",""delay_u"":""ms"",""drop_u"":""ratio"",""sla_violation"":""ratio"",""fairness"":""index_0_to_1"",""rb_utilization"":""ratio""}"
1.0.0,smoke-000089,42,urllc_burst,tv1_smoke_fixed,89,12.292,1.0,0.0,0.0,0.526659,0.72,25,25,25,11,12292,2560,1,0,"{""throughput_e"":""Mbps"",""delay_u"":""ms"",""drop_u"":""ratio"",""sla_violation"":""ratio"",""fairness"":""index_0_to_1"",""rb_utilization"":""ratio""}"
1.0.0,smoke-000090,42,urllc_burst,tv1_smoke_fixed,90,12.292,1.0,0.0,0.0,0.526507,0.72,25,25,25,11,12292,2560,1,0,"{""throughput_e"":""Mbps"",""delay_u"":""ms"",""drop_u"":""ratio"",""sla_violation"":""ratio"",""fairness"":""index_0_to_1"",""rb_utilization"":""ratio""}"
1.0.0,smoke-000091,42,urllc_burst,tv1_smoke_fixed,91,12.292,1.0,0.0,0.0,0.526157,0.68,25,25,25,9,12292,2560,1,0,"{""throughput_e"":""Mbps"",""delay_u"":""ms"",""drop_u"":""ratio"",""sla_violation"":""ratio"",""fairness"":""index_0_to_1"",""rb_utilization"":""ratio""}"
1.0.0,smoke-000092,42,urllc_burst,tv1_smoke_fixed,92,12.292,1.0,0.0,0.0,0.525954,0.84,25,25,25,17,12292,5120,2,0,"{""throughput_e"":""Mbps"",""delay_u"":""ms"",""drop_u"":""ratio"",""sla_violation"":""ratio"",""fairness"":""index_0_to_1"",""rb_utilization"":""ratio""}"
1.0.0,smoke-000093,42,urllc_burst,tv1_smoke_fixed,93,12.292,1.0,0.0,0.0,0.525758,0.8,25,25,25,15,12292,5120,2,0,"{""throughput_e"":""Mbps"",""delay_u"":""ms"",""drop_u"":""ratio"",""sla_violation"":""ratio"",""fairness"":""index_0_to_1"",""rb_utilization"":""ratio""}"
1.0.0,smoke-000094,42,urllc_burst,tv1_smoke_fixed,94,12.292,0.0,0.0,0.0,0.525419,0.5,25,25,25,0,12292,0,0,0,"{""throughput_e"":""Mbps"",""delay_u"":""ms"",""drop_u"":""ratio"",""sla_violation"":""ratio"",""fairness"":""index_0_to_1"",""rb_utilization"":""ratio""}"
1.0.0,smoke-000095,42,urllc_burst,tv1_smoke_fixed,95,12.292,0.0,0.0,0.0,0.52516,0.5,25,25,25,0,12292,0,0,0,"{""throughput_e"":""Mbps"",""delay_u"":""ms"",""drop_u"":""ratio"",""sla_violation"":""ratio"",""fairness"":""index_0_to_1"",""rb_utilization"":""ratio""}"
1.0.0,smoke-000096,42,urllc_burst,tv1_smoke_fixed,96,14.248,0.0,0.0,0.0,0.52883,0.5,25,25,25,0,14248,0,0,0,"{""throughput_e"":""Mbps"",""delay_u"":""ms"",""drop_u"":""ratio"",""sla_violation"":""ratio"",""fairness"":""index_0_to_1"",""rb_utilization"":""ratio""}"
1.0.0,smoke-000097,42,urllc_burst,tv1_smoke_fixed,97,14.248,0.0,0.0,0.0,0.52888,0.5,25,25,25,0,14248,0,0,0,"{""throughput_e"":""Mbps"",""delay_u"":""ms"",""drop_u"":""ratio"",""sla_violation"":""ratio"",""fairness"":""index_0_to_1"",""rb_utilization"":""ratio""}"
1.0.0,smoke-000098,42,urllc_burst,tv1_smoke_fixed,98,16.112,0.0,0.0,0.0,0.532648,0.5,25,25,25,0,16112,0,0,0,"{""throughput_e"":""Mbps"",""delay_u"":""ms"",""drop_u"":""ratio"",""sla_violation"":""ratio"",""fairness"":""index_0_to_1"",""rb_utilization"":""ratio""}"
1.0.0,smoke-000099,42,urllc_burst,tv1_smoke_fixed,99,16.112,0.0,0.0,0.0,0.532582,0.5,25,25,25,0,16112,0,0,0,"{""throughput_e"":""Mbps"",""delay_u"":""ms"",""drop_u"":""ratio"",""sla_violation"":""ratio"",""fairness"":""index_0_to_1"",""rb_utilization"":""ratio""}"
1.0.0,smoke-000100,42,urllc_burst,tv1_smoke_fixed,100,16.112,1.0,0.0,0.0,0.533303,1.0,25,25,25,25,16112,7579,2,0,"{""throughput_e"":""Mbps"",""delay_u"":""ms"",""drop_u"":""ratio"",""sla_violation"":""ratio"",""fairness"":""index_0_to_1"",""rb_utilization"":""ratio""}"
1.0.0,smoke-000101,42,urllc_burst,tv1_smoke_fixed,101,16.112,1.5,0.0,0.0,0.532722,0.66,25,25,25,8,16112,2661,2,0,"{""throughput_e"":""Mbps"",""delay_u"":""ms"",""drop_u"":""ratio"",""sla_violation"":""ratio"",""fairness"":""index_0_to_1"",""rb_utilization"":""ratio""}"
1.0.0,smoke-000102,42,urllc_burst,tv1_smoke_fixed,102,17.497,1.0,0.0,0.0,0.535571,0.8,25,25,25,15,17497,5120,2,0,"{""throughput_e"":""Mbps"",""delay_u"":""ms"",""drop_u"":""ratio"",""sla_violation"":""ratio"",""fairness"":""index_0_to_1"",""rb_utilization"":""ratio""}"
1.0.0,smoke-000103,42,urllc_burst,tv1_smoke_fixed,103,17.497,1.0,0.0,0.0,0.53553,0.66,25,25,25,8,17497,2560,1,0,"{""throughput_e"":""Mbps"",""delay_u"":""ms"",""drop_u"":""ratio"",""sla_violation"":""ratio"",""fairness"":""index_0_to_1"",""rb_utilization"":""ratio""}"
1.0.0,smoke-000104,42,urllc_burst,tv1_smoke_fixed,104,17.497,1.0,0.0,0.0,0.535949,0.66,25,25,25,8,17497,2560,1,0,"{""throughput_e"":""Mbps"",""delay_u"":""ms"",""drop_u"":""ratio"",""sla_violation"":""ratio"",""fairness"":""index_0_to_1"",""rb_utilization"":""ratio""}"
1.0.0,smoke-000105,42,urllc_burst,tv1_smoke_fixed,105,16.112,0.0,0.0,0.0,0.533162,0.5,25,25,25,0,16112,0,0,0,"{""throughput_e"":""Mbps"",""delay_u"":""ms"",""drop_u"":""ratio"",""sla_violation"":""ratio"",""fairness"":""index_0_to_1"",""rb_utilization"":""ratio""}"
1.0.0,smoke-000106,42,urllc_burst,tv1_smoke_fixed,106,16.112,0.0,0.0,0.0,0.533363,0.5,25,25,25,0,16112,0,0,0,"{""throughput_e"":""Mbps"",""delay_u"":""ms"",""drop_u"":""ratio"",""sla_violation"":""ratio"",""fairness"":""index_0_to_1"",""rb_utilization"":""ratio""}"
1.0.0,smoke-000107,42,urllc_burst,tv1_smoke_fixed,107,16.112,1.0,0.0,0.0,0.53339,0.96,25,25,25,23,16112,7680,3,0,"{""throughput_e"":""Mbps"",""delay_u"":""ms"",""drop_u"":""ratio"",""sla_violation"":""ratio"",""fairness"":""index_0_to_1"",""rb_utilization"":""ratio""}"
1.0.0,smoke-000108,42,urllc_burst,tv1_smoke_fixed,108,16.112,0.0,0.0,0.0,0.533388,0.5,25,25,25,0,16112,0,0,0,"{""throughput_e"":""Mbps"",""delay_u"":""ms"",""drop_u"":""ratio"",""sla_violation"":""ratio"",""fairness"":""index_0_to_1"",""rb_utilization"":""ratio""}"
1.0.0,smoke-000109,42,urllc_burst,tv1_smoke_fixed,109,16.112,1.0,0.0,0.0,0.533367,0.8,25,25,25,15,16112,5120,2,0,"{""throughput_e"":""Mbps"",""delay_u"":""ms"",""drop_u"":""ratio"",""sla_violation"":""ratio"",""fairness"":""index_0_to_1"",""rb_utilization"":""ratio""}"
1.0.0,smoke-000110,42,urllc_burst,tv1_smoke_fixed,110,14.248,0.0,0.0,0.0,0.529669,0.5,25,25,25,0,14248,0,0,0,"{""throughput_e"":""Mbps"",""delay_u"":""ms"",""drop_u"":""ratio"",""sla_violation"":""ratio"",""fairness"":""index_0_to_1"",""rb_utilization"":""ratio""}"
1.0.0,smoke-000111,42,urllc_burst,tv1_smoke_fixed,111,12.292,1.0,0.0,0.0,0.525433,0.64,25,25,25,7,12292,2560,1,0,"{""throughput_e"":""Mbps"",""delay_u"":""ms"",""drop_u"":""ratio"",""sla_violation"":""ratio"",""fairness"":""index_0_to_1"",""rb_utilization"":""ratio""}"
1.0.0,smoke-000112,42,urllc_burst,tv1_smoke_fixed,112,12.292,0.0,0.0,0.0,0.525234,0.5,25,25,25,0,12292,0,0,0,"{""throughput_e"":""Mbps"",""delay_u"":""ms"",""drop_u"":""ratio"",""sla_violation"":""ratio"",""fairness"":""index_0_to_1"",""rb_utilization"":""ratio""}"
1.0.0,smoke-000113,42,urllc_burst,tv1_smoke_fixed,113,12.292,1.0,0.0,0.0,0.524895,0.76,25,25,25,13,12292,5120,2,0,"{""throughput_e"":""Mbps"",""delay_u"":""ms"",""drop_u"":""ratio"",""sla_violation"":""ratio"",""fairness"":""index_0_to_1"",""rb_utilization"":""ratio""}"
1.0.0,smoke-000114,42,urllc_burst,tv1_smoke_fixed,114,12.292,1.0,0.0,0.0,0.524765,0.72,25,25,25,11,12292,5120,2,0,"{""throughput_e"":""Mbps"",""delay_u"":""ms"",""drop_u"":""ratio"",""sla_violation"":""ratio"",""fairness"":""index_0_to_1"",""rb_utilization"":""ratio""}"
1.0.0,smoke-000115,42,urllc_burst,tv1_smoke_fixed,115,14.248,0.0,0.0,0.0,0.528455,0.5,25,25,25,0,14248,0,0,0,"{""throughput_e"":""Mbps"",""delay_u"":""ms"",""drop_u"":""ratio"",""sla_violation"":""ratio"",""fairness"":""index_0_to_1"",""rb_utilization"":""ratio""}"
1.0.0,smoke-000116,42,urllc_burst,tv1_smoke_fixed,116,14.248,1.0,0.0,0.0,0.528284,0.82,25,25,25,16,14248,7680,3,0,"{""throughput_e"":""Mbps"",""delay_u"":""ms"",""drop_u"":""ratio"",""sla_violation"":""ratio"",""fairness"":""index_0_to_1"",""rb_utilization"":""ratio""}"
1.0.0,smoke-000117,42,urllc_burst,tv1_smoke_fixed,117,14.248,1.0,0.0,0.0,0.528286,1.0,25,25,25,25,14248,10240,4,0,"{""throughput_e"":""Mbps"",""delay_u"":""ms"",""drop_u"":""ratio"",""sla_violation"":""ratio"",""fairness"":""index_0_to_1"",""rb_utilization"":""ratio""}"
1.0.0,smoke-000118,42,urllc_burst,tv1_smoke_fixed,118,14.248,1.0,0.0,0.0,0.528121,0.76,25,25,25,13,14248,5120,2,0,"{""throughput_e"":""Mbps"",""delay_u"":""ms"",""drop_u"":""ratio"",""sla_violation"":""ratio"",""fairness"":""index_0_to_1"",""rb_utilization"":""ratio""}"
1.0.0,smoke-000119,42,urllc_burst,tv1_smoke_fixed,119,14.248,0.0,0.0,0.0,0.528146,0.5,25,25,25,0,14248,0,0,0,"{""throughput_e"":""Mbps"",""delay_u"":""ms"",""drop_u"":""ratio"",""sla_violation"":""ratio"",""fairness"":""index_0_to_1"",""rb_utilization"":""ratio""}"
1.0.0,smoke-000120,42,urllc_burst,tv1_smoke_fixed,120,14.248,1.0,0.0,0.0,0.528046,0.72,25,25,25,11,14248,5120,2,0,"{""throughput_e"":""Mbps"",""delay_u"":""ms"",""drop_u"":""ratio"",""sla_violation"":""ratio"",""fairness"":""index_0_to_1"",""rb_utilization"":""ratio""}"
1.0.0,smoke-000121,42,urllc_burst,tv1_smoke_fixed,121,14.248,0.0,0.0,0.0,0.527794,0.5,25,25,25,0,14248,0,0,0,"{""throughput_e"":""Mbps"",""delay_u"":""ms"",""drop_u"":""ratio"",""sla_violation"":""ratio"",""fairness"":""index_0_to_1"",""rb_utilization"":""ratio""}"
1.0.0,smoke-000122,42,urllc_burst,tv1_smoke_fixed,122,14.248,0.0,0.0,0.0,0.527622,0.5,25,25,25,0,14248,0,0,0,"{""throughput_e"":""Mbps"",""delay_u"":""ms"",""drop_u"":""ratio"",""sla_violation"":""ratio"",""fairness"":""index_0_to_1"",""rb_utilization"":""ratio""}"
1.0.0,smoke-000123,42,urllc_burst,tv1_smoke_fixed,123,12.292,0.0,0.0,0.0,0.523719,0.5,25,25,25,0,12292,0,0,0,"{""throughput_e"":""Mbps"",""delay_u"":""ms"",""drop_u"":""ratio"",""sla_violation"":""ratio"",""fairness"":""index_0_to_1"",""rb_utilization"":""ratio""}"
1.0.0,smoke-000124,42,urllc_burst,tv1_smoke_fixed,124,14.248,0.0,0.0,0.0,0.527348,0.5,25,25,25,0,14248,0,0,0,"{""throughput_e"":""Mbps"",""delay_u"":""ms"",""drop_u"":""ratio"",""sla_violation"":""ratio"",""fairness"":""index_0_to_1"",""rb_utilization"":""ratio""}"
1.0.0,smoke-000125,42,urllc_burst,tv1_smoke_fixed,125,14.248,1.0,0.0,0.0,0.527271,0.72,25,25,25,11,14248,5120,2,0,"{""throughput_e"":""Mbps"",""delay_u"":""ms"",""drop_u"":""ratio"",""sla_violation"":""ratio"",""fairness"":""index_0_to_1"",""rb_utilization"":""ratio""}"
1.0.0,smoke-000126,42,urllc_burst,tv1_smoke_fixed,126,12.292,1.0,0.0,0.0,0.523547,0.62,25,25,25,6,12292,2560,1,0,"{""throughput_e"":""Mbps"",""delay_u"":""ms"",""drop_u"":""ratio"",""sla_violation"":""ratio"",""fairness"":""index_0_to_1"",""rb_utilization"":""ratio""}"
1.0.0,smoke-000127,42,urllc_burst,tv1_smoke_fixed,127,12.292,1.0,0.0,0.0,0.52332,0.76,25,25,25,13,12292,5120,2,0,"{""throughput_e"":""Mbps"",""delay_u"":""ms"",""drop_u"":""ratio"",""sla_violation"":""ratio"",""fairness"":""index_0_to_1"",""rb_utilization"":""ratio""}"
1.0.0,smoke-000128,42,urllc_burst,tv1_smoke_fixed,128,12.292,1.0,0.0,0.0,0.523215,0.64,25,25,25,7,12292,2560,1,0,"{""throughput_e"":""Mbps"",""delay_u"":""ms"",""drop_u"":""ratio"",""sla_violation"":""ratio"",""fairness"":""index_0_to_1"",""rb_utilization"":""ratio""}"
1.0.0,smoke-000129,42,urllc_burst,tv1_smoke_fixed,129,12.292,0.0,0.0,0.0,0.523215,0.5,25,25,25,0,12292,0,0,0,"{""throughput_e"":""Mbps"",""delay_u"":""ms"",""drop_u"":""ratio"",""sla_violation"":""ratio"",""fairness"":""index_0_to_1"",""rb_utilization"":""ratio""}"
1.0.0,smoke-000130,42,urllc_burst,tv1_smoke_fixed,130,12.292,1.0,0.0,0.0,0.52314,0.76,25,25,25,13,12292,5120,2,0,"{""throughput_e"":""Mbps"",""delay_u"":""ms"",""drop_u"":""ratio"",""sla_violation"":""ratio"",""fairness"":""index_0_to_1"",""rb_utilization"":""ratio""}"
1.0.0,smoke-000131,42,urllc_burst,tv1_smoke_fixed,131,10.465,1.0,0.0,0.0,0.51947,0.76,25,25,25,13,10465,5120,2,0,"{""throughput_e"":""Mbps"",""delay_u"":""ms"",""drop_u"":""ratio"",""sla_violation"":""ratio"",""fairness"":""index_0_to_1"",""rb_utilization"":""ratio""}"
1.0.0,smoke-000132,42,urllc_burst,tv1_smoke_fixed,132,10.465,1.0,0.0,0.0,0.519262,0.64,25,25,25,7,10465,2560,1,0,"{""throughput_e"":""Mbps"",""delay_u"":""ms"",""drop_u"":""ratio"",""sla_violation"":""ratio"",""fairness"":""index_0_to_1"",""rb_utilization"":""ratio""}"
1.0.0,smoke-000133,42,urllc_burst,tv1_smoke_fixed,133,10.465,0.0,0.0,0.0,0.51902,0.5,25,25,25,0,10465,0,0,0,"{""throughput_e"":""Mbps"",""delay_u"":""ms"",""drop_u"":""ratio"",""sla_violation"":""ratio"",""fairness"":""index_0_to_1"",""rb_utilization"":""ratio""}"
1.0.0,smoke-000134,42,urllc_burst,tv1_smoke_fixed,134,10.465,0.0,0.0,0.0,0.51886,0.5,25,25,25,0,10465,0,0,0,"{""throughput_e"":""Mbps"",""delay_u"":""ms"",""drop_u"":""ratio"",""sla_violation"":""ratio"",""fairness"":""index_0_to_1"",""rb_utilization"":""ratio""}"
1.0.0,smoke-000135,42,urllc_burst,tv1_smoke_fixed,135,10.465,1.0,0.0,0.0,0.518735,0.64,25,25,25,7,10465,2560,1,0,"{""throughput_e"":""Mbps"",""delay_u"":""ms"",""drop_u"":""ratio"",""sla_violation"":""ratio"",""fairness"":""index_0_to_1"",""rb_utilization"":""ratio""}"
1.0.0,smoke-000136,42,urllc_burst,tv1_smoke_fixed,136,10.465,1.0,0.0,0.0,0.518563,0.64,25,25,25,7,10465,2560,1,0,"{""throughput_e"":""Mbps"",""delay_u"":""ms"",""drop_u"":""ratio"",""sla_violation"":""ratio"",""fairness"":""index_0_to_1"",""rb_utilization"":""ratio""}"
1.0.0,smoke-000137,42,urllc_burst,tv1_smoke_fixed,137,10.465,0.0,0.0,0.0,0.518393,0.5,25,25,25,0,10465,0,0,0,"{""throughput_e"":""Mbps"",""delay_u"":""ms"",""drop_u"":""ratio"",""sla_violation"":""ratio"",""fairness"":""index_0_to_1"",""rb_utilization"":""ratio""}"
1.0.0,smoke-000138,42,urllc_burst,tv1_smoke_fixed,138,10.465,1.0,0.0,0.0,0.518237,0.68,25,25,25,9,10465,2560,1,0,"{""throughput_e"":""Mbps"",""delay_u"":""ms"",""drop_u"":""ratio"",""sla_violation"":""ratio"",""fairness"":""index_0_to_1"",""rb_utilization"":""ratio""}"
1.0.0,smoke-000139,42,urllc_burst,tv1_smoke_fixed,139,8.601,1.0,0.0,0.0,0.514869,0.68,25,25,25,9,8601,2560,1,0,"{""throughput_e"":""Mbps"",""delay_u"":""ms"",""drop_u"":""ratio"",""sla_violation"":""ratio"",""fairness"":""index_0_to_1"",""rb_utilization"":""ratio""}"
1.0.0,smoke-000140,42,urllc_burst,tv1_smoke_fixed,140,8.601,1.0,0.0,0.0,0.514721,0.66,25,25,25,8,8601,2560,1,0,"{""throughput_e"":""Mbps"",""delay_u"":""ms"",""drop_u"":""ratio"",""sla_violation"":""ratio"",""fairness"":""index_0_to_1"",""rb_utilization"":""ratio""}"
1.0.0,smoke-000141,42,urllc_burst,tv1_smoke_fixed,141,10.465,1.0,0.0,0.0,0.517596,0.66,25,25,25,8,10465,2560,1,0,"{""throughput_e"":""Mbps"",""delay_u"":""ms"",""drop_u"":""ratio"",""sla_violation"":""ratio"",""fairness"":""index_0_to_1"",""rb_utilization"":""ratio""}"
1.0.0,smoke-000142,42,urllc_burst,tv1_smoke_fixed,142,10.465,1.0,0.0,0.0,0.517424,0.8,25,25,25,15,10465,5120,2,0,"{""throughput_e"":""Mbps"",""delay_u"":""ms"",""drop_u"":""ratio"",""sla_violation"":""ratio"",""fairness"":""index_0_to_1"",""rb_utilization"":""ratio""}"
1.0.0,smoke-000143,42,urllc_burst,tv1_smoke_fixed,143,10.465,1.0,0.0,0.0,0.517259,0.76,25,25,25,13,10465,5120,2,0,"{""throughput_e"":""Mbps"",""delay_u"":""ms"",""drop_u"":""ratio"",""sla_violation"":""ratio"",""fairness"":""index_0_to_1"",""rb_utilization"":""ratio""}"
1.0.0,smoke-000144,42,urllc_burst,tv1_smoke_fixed,144,12.292,0.0,0.0,0.0,0.520082,0.5,25,25,25,0,12292,0,0,0,"{""throughput_e"":""Mbps"",""delay_u"":""ms"",""drop_u"":""ratio"",""sla_violation"":""ratio"",""fairness"":""index_0_to_1"",""rb_utilization"":""ratio""}"
1.0.0,smoke-000145,42,urllc_burst,tv1_smoke_fixed,145,12.292,0.0,0.0,0.0,0.520121,0.5,25,25,25,0,12292,0,0,0,"{""throughput_e"":""Mbps"",""delay_u"":""ms"",""drop_u"":""ratio"",""sla_violation"":""ratio"",""fairness"":""index_0_to_1"",""rb_utilization"":""ratio""}"
1.0.0,smoke-000146,42,urllc_burst,tv1_smoke_fixed,146,12.292,1.0,0.0,0.0,0.51998,0.76,25,25,25,13,12292,5120,2,0,"{""throughput_e"":""Mbps"",""delay_u"":""ms"",""drop_u"":""ratio"",""sla_violation"":""ratio"",""fairness"":""index_0_to_1"",""rb_utilization"":""ratio""}"
1.0.0,smoke-000147,42,urllc_burst,tv1_smoke_fixed,147,12.292,1.0,0.0,0.0,0.519834,0.76,25,25,25,13,12292,5120,2,0,"{""throughput_e"":""Mbps"",""delay_u"":""ms"",""drop_u"":""ratio"",""sla_violation"":""ratio"",""fairness"":""index_0_to_1"",""rb_utilization"":""ratio""}"
1.0.0,smoke-000148,42,urllc_burst,tv1_smoke_fixed,148,12.292,0.0,0.0,0.0,0.519798,0.5,25,25,25,0,12292,0,0,0,"{""throughput_e"":""Mbps"",""delay_u"":""ms"",""drop_u"":""ratio"",""sla_violation"":""ratio"",""fairness"":""index_0_to_1"",""rb_utilization"":""ratio""}"
1.0.0,smoke-000149,42,urllc_burst,tv1_smoke_fixed,149,12.292,1.0,0.0,0.0,0.519746,0.76,25,25,25,13,12292,5120,2,0,"{""throughput_e"":""Mbps"",""delay_u"":""ms"",""drop_u"":""ratio"",""sla_violation"":""ratio"",""fairness"":""index_0_to_1"",""rb_utilization"":""ratio""}"
1.0.0,smoke-000150,42,urllc_burst,tv1_smoke_fixed,150,10.465,1.0,0.0,0.0,0.528526,1.0,25,25,25,25,10465,10465,4,0,"{""throughput_e"":""Mbps"",""delay_u"":""ms"",""drop_u"":""ratio"",""sla_violation"":""ratio"",""fairness"":""index_0_to_1"",""rb_utilization"":""ratio""}"
1.0.0,smoke-000151,42,urllc_burst,tv1_smoke_fixed,151,10.465,2.0,0.0,0.0,0.5535,1.0,25,25,25,25,10465,8601,3,0,"{""throughput_e"":""Mbps"",""delay_u"":""ms"",""drop_u"":""ratio"",""sla_violation"":""ratio"",""fairness"":""index_0_to_1"",""rb_utilization"":""ratio""}"
1.0.0,smoke-000152,42,urllc_burst,tv1_smoke_fixed,152,10.465,2.0,0.0,0.0,0.596456,1.0,25,25,25,25,10465,7579,3,0,"{""throughput_e"":""Mbps"",""delay_u"":""ms"",""drop_u"":""ratio"",""sla_violation"":""ratio"",""fairness"":""index_0_to_1"",""rb_utilization"":""ratio""}"
1.0.0,smoke-000153,42,urllc_burst,tv1_smoke_fixed,153,8.601,3.0,0.0,0.0,0.601073,1.0,25,25,25,25,8601,7579,3,0,"{""throughput_e"":""Mbps"",""delay_u"":""ms"",""drop_u"":""ratio"",""sla_violation"":""ratio"",""fairness"":""index_0_to_1"",""rb_utilization"":""ratio""}"
1.0.0,smoke-000154,42,urllc_burst,tv1_smoke_fixed,154,10.465,3.666667,0.0,0.0,0.631361,1.0,25,25,25,25,10465,7579,3,0,"{""throughput_e"":""Mbps"",""delay_u"":""ms"",""drop_u"":""ratio"",""sla_violation"":""ratio"",""fairness"":""index_0_to_1"",""rb_utilization"":""ratio""}"
1.0.0,smoke-000155,42,urllc_burst,tv1_smoke_fixed,155,8.601,4.0,0.0,0.0,0.620787,1.0,25,25,25,25,8601,7579,3,0,"{""throughput_e"":""Mbps"",""delay_u"":""ms"",""drop_u"":""ratio"",""sla_violation"":""ratio"",""fairness"":""index_0_to_1"",""rb_utilization"":""ratio""}"
1.0.0,smoke-000156,42,urllc_burst,tv1_smoke_fixed,156,8.601,5.0,0.5,0.5,0.640267,1.0,25,25,25,25,8601,7579,3,3,"{""throughput_e"":""Mbps"",""delay_u"":""ms"",""drop_u"":""ratio"",""sla_violation"":""ratio"",""fairness"":""index_0_to_1"",""rb_utilization"":""ratio""}"
1.0.0,smoke-000157,42,urllc_burst,tv1_smoke_fixed,157,7.579,5.0,0.75,0.75,0.631189,1.0,25,25,25,25,7579,7579,2,6,"{""throughput_e"":""Mbps"",""delay_u"":""ms"",""drop_u"":""ratio"",""sla_violation"":""ratio"",""fairness"":""index_0_to_1"",""rb_utilization"":""ratio""}"
1.0.0,smoke-000158,42,urllc_burst,tv1_smoke_fixed,158,6.029,5.0,0.6,0.6,0.589222,1.0,25,25,25,25,6029,7579,2,3,"{""throughput_e"":""Mbps"",""delay_u"":""ms"",""drop_u"":""ratio"",""sla_violation"":""ratio"",""fairness"":""index_0_to_1"",""rb_utilization"":""ratio""}"
1.0.0,smoke-000159,42,urllc_burst,tv1_smoke_fixed,159,6.029,5.0,0.666667,0.666667,0.593513,1.0,25,25,25,25,6029,7579,2,4,"{""throughput_e"":""Mbps"",""delay_u"":""ms"",""drop_u"":""ratio"",""sla_violation"":""ratio"",""fairness"":""index_0_to_1"",""rb_utilization"":""ratio""}"
1.0.0,smoke-000160,42,urllc_burst,tv1_smoke_fixed,160,6.029,5.0,0.625,0.625,0.571234,1.0,25,25,25,25,6029,8601,3,5,"{""throughput_e"":""Mbps"",""delay_u"":""ms"",""drop_u"":""ratio"",""sla_violation"":""ratio"",""fairness"":""index_0_to_1"",""rb_utilization"":""ratio""}"
1.0.0,smoke-000161,42,urllc_burst,tv1_smoke_fixed,161,7.579,5.0,0.5,0.5,0.575034,1.0,25,25,25,25,7579,10465,4,4,"{""throughput_e"":""Mbps"",""delay_u"":""ms"",""drop_u"":""ratio"",""sla_violation"":""ratio"",""fairness"":""index_0_to_1"",""rb_utilization"":""ratio""}"
1.0.0,smoke-000162,42,urllc_burst,tv1_smoke_fixed,162,7.579,4.75,0.0,0.0,0.566762,1.0,25,25,25,25,7579,10465,4,0,"{""throughput_e"":""Mbps"",""delay_u"":""ms"",""drop_u"":""ratio"",""sla_violation"":""ratio"",""fairness"":""index_0_to_1"",""rb_utilization"":""ratio""}"
1.0.0,smoke-000163,42,urllc_burst,tv1_smoke_fixed,163,7.579,5.0,0.333333,0.333333,0.563221,1.0,25,25,25,25,7579,10465,4,2,"{""throughput_e"":""Mbps"",""delay_u"":""ms"",""drop_u"":""ratio"",""sla_violation"":""ratio"",""fairness"":""index_0_to_1"",""rb_utilization"":""ratio""}"
1.0.0,smoke-000164,42,urllc_burst,tv1_smoke_fixed,164,7.579,4.5,0.0,0.0,0.565348,1.0,25,25,25,25,7579,10465,4,0,"{""throughput_e"":""Mbps"",""delay_u"":""ms"",""drop_u"":""ratio"",""sla_violation"":""ratio"",""fairness"":""index_0_to_1"",""rb_utilization"":""ratio""}"
1.0.0,smoke-000165,42,urllc_burst,tv1_smoke_fixed,165,7.579,5.0,0.428571,0.428571,0.576755,1.0,25,25,25,25,7579,10465,4,3,"{""throughput_e"":""Mbps"",""delay_u"":""ms"",""drop_u"":""ratio"",""sla_violation"":""ratio"",""fairness"":""index_0_to_1"",""rb_utilization"":""ratio""}"
1.0.0,smoke-000166,42,urllc_burst,tv1_smoke_fixed,166,8.601,5.0,0.2,0.2,0.572549,1.0,25,25,25,25,8601,10465,4,1,"{""throughput_e"":""Mbps"",""delay_u"":""ms"",""drop_u"":""ratio"",""sla_violation"":""ratio"",""fairness"":""index_0_to_1"",""rb_utilization"":""ratio""}"
1.0.0,smoke-000167,42,urllc_burst,tv1_smoke_fixed,167,10.465,4.75,0.0,0.0,0.60049,1.0,25,25,25,25,10465,10465,4,0,"{""throughput_e"":""Mbps"",""delay_u"":""ms"",""drop_u"":""ratio"",""sla_violation"":""ratio"",""fairness"":""index_0_to_1"",""rb_utilization"":""ratio""}"
1.0.0,smoke-000168,42,urllc_burst,tv1_smoke_fixed,168,8.601,5.0,0.333333,0.333333,0.590375,1.0,25,25,25,25,8601,10465,4,2,"{""throughput_e"":""Mbps"",""delay_u"":""ms"",""drop_u"":""ratio"",""sla_violation"":""ratio"",""fairness"":""index_0_to_1"",""rb_utilization"":""ratio""}"
1.0.0,smoke-000169,42,urllc_burst,tv1_smoke_fixed,169,8.601,5.0,0.555556,0.555556,0.589993,1.0,25,25,25,25,8601,10465,4,5,"{""throughput_e"":""Mbps"",""delay_u"":""ms"",""drop_u"":""ratio"",""sla_violation"":""ratio"",""fairness"":""index_0_to_1"",""rb_utilization"":""ratio""}"
1.0.0,smoke-000170,42,urllc_burst,tv1_smoke_fixed,170,8.601,4.5,0.0,0.0,0.567574,1.0,25,25,25,25,8601,10465,4,0,"{""throughput_e"":""Mbps"",""delay_u"":""ms"",""drop_u"":""ratio"",""sla_violation"":""ratio"",""fairness"":""index_0_to_1"",""rb_utilization"":""ratio""}"
1.0.0,smoke-000171,42,urllc_burst,tv1_smoke_fixed,171,10.465,5.0,0.428571,0.428571,0.55813,1.0,25,25,25,25,10465,12292,4,3,"{""throughput_e"":""Mbps"",""delay_u"":""ms"",""drop_u"":""ratio"",""sla_violation"":""ratio"",""fairness"":""index_0_to_1"",""rb_utilization"":""ratio""}"
1.0.0,smoke-000172,42,urllc_burst,tv1_smoke_fixed,172,10.465,5.0,0.285714,0.285714,0.533482,1.0,25,25,25,25,10465,14248,5,2,"{""throughput_e"":""Mbps"",""delay_u"":""ms"",""drop_u"":""ratio"",""sla_violation"":""ratio"",""fairness"":""index_0_to_1"",""rb_utilization"":""ratio""}"
1.0.0,smoke-000173,42,urllc_burst,tv1_smoke_fixed,173,8.601,5.0,0.166667,0.166667,0.513663,1.0,25,25,25,25,8601,14248,5,1,"{""throughput_e"":""Mbps"",""delay_u"":""ms"",""drop_u"":""ratio"",""sla_violation"":""ratio"",""fairness"":""index_0_to_1"",""rb_utilization"":""ratio""}"
1.0.0,smoke-000174,42,urllc_burst,tv1_smoke_fixed,174,8.601,2.0,0.0,0.0,0.510714,0.86,25,25,25,18,8601,10240,4,0,"{""throughput_e"":""Mbps"",""delay_u"":""ms"",""drop_u"":""ratio"",""sla_violation"":""ratio"",""fairness"":""index_0_to_1"",""rb_utilization"":""ratio""}"
1.0.0,smoke-000175,42,urllc_burst,tv1_smoke_fixed,175,8.601,0.0,0.0,0.0,0.510628,0.5,25,25,25,0,8601,0,0,0,"{""throughput_e"":""Mbps"",""delay_u"":""ms"",""drop_u"":""ratio"",""sla_violation"":""ratio"",""fairness"":""index_0_to_1"",""rb_utilization"":""ratio""}"
1.0.0,smoke-000176,42,urllc_burst,tv1_smoke_fixed,176,8.601,1.0,0.0,0.0,0.51049,0.58,25,25,25,4,8601,2560,1,0,"{""throughput_e"":""Mbps"",""delay_u"":""ms"",""drop_u"":""ratio"",""sla_violation"":""ratio"",""fairness"":""index_0_to_1"",""rb_utilization"":""ratio""}"
1.0.0,smoke-000177,42,urllc_burst,tv1_smoke_fixed,177,10.465,1.0,0.0,0.0,0.512636,0.58,25,25,25,4,10465,2560,1,0,"{""throughput_e"":""Mbps"",""delay_u"":""ms"",""drop_u"":""ratio"",""sla_violation"":""ratio"",""fairness"":""index_0_to_1"",""rb_utilization"":""ratio""}"
1.0.0,smoke-000178,42,urllc_burst,tv1_smoke_fixed,178,10.465,1.0,0.0,0.0,0.512589,0.6,25,25,25,5,10465,2560,1,0,"{""throughput_e"":""Mbps"",""delay_u"":""ms"",""drop_u"":""ratio"",""sla_violation"":""ratio"",""fairness"":""index_0_to_1"",""rb_utilization"":""ratio""}"
1.0.0,smoke-000179,42,urllc_burst,tv1_smoke_fixed,179,10.465,0.0,0.0,0.0,0.512527,0.5,25,25,25,0,10465,0,0,0,"{""throughput_e"":""Mbps"",""delay_u"":""ms"",""drop_u"":""ratio"",""sla_violation"":""ratio"",""fairness"":""index_0_to_1"",""rb_utilization"":""ratio""}"
1.0.0,smoke-000180,42,urllc_burst,tv1_smoke_fixed,180,10.465,1.0,0.0,0.0,0.512467,0.58,25,25,25,4,10465,2560,1,0,"{""throughput_e"":""Mbps"",""delay_u"":""ms"",""drop_u"":""ratio"",""sla_violation"":""ratio"",""fairness"":""index_0_to_1"",""rb_utilization"":""ratio""}"
1.0.0,smoke-000181,42,urllc_burst,tv1_smoke_fixed,181,10.465,1.0,0.0,0.0,0.512347,0.58,25,25,25,4,10465,2560,1,0,"{""throughput_e"":""Mbps"",""delay_u"":""ms"",""drop_u"":""ratio"",""sla_violation"":""ratio"",""fairness"":""index_0_to_1"",""rb_utilization"":""ratio""}"
1.0.0,smoke-000182,42,urllc_burst,tv1_smoke_fixed,182,12.292,1.0,0.0,0.0,0.51435,0.58,25,25,25,4,12292,2560,1,0,"{""throughput_e"":""Mbps"",""delay_u"":""ms"",""drop_u"":""ratio"",""sla_violation"":""ratio"",""fairness"":""index_0_to_1"",""rb_utilization"":""ratio""}"
1.0.0,smoke-000183,42,urllc_burst,tv1_smoke_fixed,183,12.292,0.0,0.0,0.0,0.514309,0.5,25,25,25,0,12292,0,0,0,"{""throughput_e"":""Mbps"",""delay_u"":""ms"",""drop_u"":""ratio"",""sla_violation"":""ratio"",""fairness"":""index_0_to_1"",""rb_utilization"":""ratio""}"
1.0.0,smoke-000184,42,urllc_burst,tv1_smoke_fixed,184,12.292,1.0,0.0,0.0,0.514286,0.58,25,25,25,4,12292,2560,1,0,"{""throughput_e"":""Mbps"",""delay_u"":""ms"",""drop_u"":""ratio"",""sla_violation"":""ratio"",""fairness"":""index_0_to_1"",""rb_utilization"":""ratio""}"
1.0.0,smoke-000185,42,urllc_burst,tv1_smoke_fixed,185,12.292,1.0,0.0,0.0,0.514147,0.66,25,25,25,8,12292,5120,2,0,"{""throughput_e"":""Mbps"",""delay_u"":""ms"",""drop_u"":""ratio"",""sla_violation"":""ratio"",""fairness"":""index_0_to_1"",""rb_utilization"":""ratio""}"
1.0.0,smoke-000186,42,urllc_burst,tv1_smoke_fixed,186,12.292,0.0,0.0,0.0,0.514105,0.5,25,25,25,0,12292,0,0,0,"{""throughput_e"":""Mbps"",""delay_u"":""ms"",""drop_u"":""ratio"",""sla_violation"":""ratio"",""fairness"":""index_0_to_1"",""rb_utilization"":""ratio""}"
1.0.0,smoke-000187,42,urllc_burst,tv1_smoke_fixed,187,12.292,1.0,0.0,0.0,0.514034,0.66,25,25,25,8,12292,5120,2,0,"{""throughput_e"":""Mbps"",""delay_u"":""ms"",""drop_u"":""ratio"",""sla_violation"":""ratio"",""fairness"":""index_0_to_1"",""rb_utilization"":""ratio""}"
1.0.0,smoke-000188,42,urllc_burst,tv1_smoke_fixed,188,12.292,1.0,0.0,0.0,0.513964,0.66,25,25,25,8,12292,5120,2,0,"{""throughput_e"":""Mbps"",""delay_u"":""ms"",""drop_u"":""ratio"",""sla_violation"":""ratio"",""fairness"":""index_0_to_1"",""rb_utilization"":""ratio""}"
1.0.0,smoke-000189,42,urllc_burst,tv1_smoke_fixed,189,12.292,0.0,0.0,0.0,0.513867,0.5,25,25,25,0,12292,0,0,0,"{""throughput_e"":""Mbps"",""delay_u"":""ms"",""drop_u"":""ratio"",""sla_violation"":""ratio"",""fairness"":""index_0_to_1"",""rb_utilization"":""ratio""}"
1.0.0,smoke-000190,42,urllc_burst,tv1_smoke_fixed,190,12.292,0.0,0.0,0.0,0.513768,0.5,25,25,25,0,12292,0,0,0,"{""throughput_e"":""Mbps"",""delay_u"":""ms"",""drop_u"":""ratio"",""sla_violation"":""ratio"",""fairness"":""index_0_to_1"",""rb_utilization"":""ratio""}"
1.0.0,smoke-000191,42,urllc_burst,tv1_smoke_fixed,191,12.292,0.0,0.0,0.0,0.513718,0.5,25,25,25,0,12292,0,0,0,"{""throughput_e"":""Mbps"",""delay_u"":""ms"",""drop_u"":""ratio"",""sla_violation"":""ratio"",""fairness"":""index_0_to_1"",""rb_utilization"":""ratio""}"
1.0.0,smoke-000192,42,urllc_burst,tv1_smoke_fixed,192,12.292,0.0,0.0,0.0,0.513698,0.5,25,25,25,0,12292,0,0,0,"{""throughput_e"":""Mbps"",""delay_u"":""ms"",""drop_u"":""ratio"",""sla_violation"":""ratio"",""fairness"":""index_0_to_1"",""rb_utilization"":""ratio""}"
1.0.0,smoke-000193,42,urllc_burst,tv1_smoke_fixed,193,14.248,1.0,0.0,0.0,0.515825,0.88,25,25,25,19,14248,7680,3,0,"{""throughput_e"":""Mbps"",""delay_u"":""ms"",""drop_u"":""ratio"",""sla_violation"":""ratio"",""fairness"":""index_0_to_1"",""rb_utilization"":""ratio""}"
1.0.0,smoke-000194,42,urllc_burst,tv1_smoke_fixed,194,12.292,1.0,0.0,0.0,0.51361,0.64,25,25,25,7,12292,2560,1,0,"{""throughput_e"":""Mbps"",""delay_u"":""ms"",""drop_u"":""ratio"",""sla_violation"":""ratio"",""fairness"":""index_0_to_1"",""rb_utilization"":""ratio""}"
1.0.0,smoke-000195,42,urllc_burst,tv1_smoke_fixed,195,12.292,0.0,0.0,0.0,0.513585,0.5,25,25,25,0,12292,0,0,0,"{""throughput_e"":""Mbps"",""delay_u"":""ms"",""drop_u"":""ratio"",""sla_violation"":""ratio"",""fairness"":""index_0_to_1"",""rb_utilization"":""ratio""}"
1.0.0,smoke-000196,42,urllc_burst,tv1_smoke_fixed,196,14.248,0.0,0.0,0.0,0.515632,0.5,25,25,25,0,14248,0,0,0,"{""throughput_e"":""Mbps"",""delay_u"":""ms"",""drop_u"":""ratio"",""sla_violation"":""ratio"",""fairness"":""index_0_to_1"",""rb_utilization"":""ratio""}"
1.0.0,smoke-000197,42,urllc_burst,tv1_smoke_fixed,197,14.248,1.0,0.0,0.0,0.515685,0.64,25,25,25,7,14248,2560,1,0,"{""throughput_e"":""Mbps"",""delay_u"":""ms"",""drop_u"":""ratio"",""sla_violation"":""ratio"",""fairness"":""index_0_to_1"",""rb_utilization"":""ratio""}"
1.0.0,smoke-000198,42,urllc_burst,tv1_smoke_fixed,198,14.248,1.0,0.0,0.0,0.515619,0.76,25,25,25,13,14248,5120,2,0,"{""throughput_e"":""Mbps"",""delay_u"":""ms"",""drop_u"":""ratio"",""sla_violation"":""ratio"",""fairness"":""index_0_to_1"",""rb_utilization"":""ratio""}"
1.0.0,smoke-000199,42,urllc_burst,tv1_smoke_fixed,199,14.248,1.0,0.0,0.0,0.515608,0.66,25,25,25,8,14248,2560,1,0,"{""throughput_e"":""Mbps"",""delay_u"":""ms"",""drop_u"":""ratio"",""sla_violation"":""ratio"",""fairness"":""index_0_to_1"",""rb_utilization"":""ratio""}"
1.0.0,smoke-000200,42,urllc_burst,tv1_smoke_fixed,200,14.248,1.0,0.0,0.0,0.515541,0.66,25,25,25,8,14248,2560,1,0,"{""throughput_e"":""Mbps"",""delay_u"":""ms"",""drop_u"":""ratio"",""sla_violation"":""ratio"",""fairness"":""index_0_to_1"",""rb_utilization"":""ratio""}"
1.0.0,smoke-000201,42,urllc_burst,tv1_smoke_fixed,201,14.248,0.0,0.0,0.0,0.515528,0.5,25,25,25,0,14248,0,0,0,"{""throughput_e"":""Mbps"",""delay_u"":""ms"",""drop_u"":""ratio"",""sla_violation"":""ratio"",""fairness"":""index_0_to_1"",""rb_utilization"":""ratio""}"
1.0.0,smoke-000202,42,urllc_burst,tv1_smoke_fixed,202,14.248,1.0,0.0,0.0,0.515605,0.64,25,25,25,7,14248,2560,1,0,"{""throughput_e"":""Mbps"",""delay_u"":""ms"",""drop_u"":""ratio"",""sla_violation"":""ratio"",""fairness"":""index_0_to_1"",""rb_utilization"":""ratio""}"
1.0.0,smoke-000203,42,urllc_burst,tv1_smoke_fixed,203,14.248,1.0,0.0,0.0,0.515641,0.64,25,25,25,7,14248,2560,1,0,"{""throughput_e"":""Mbps"",""delay_u"":""ms"",""drop_u"":""ratio"",""sla_violation"":""ratio"",""fairness"":""index_0_to_1"",""rb_utilization"":""ratio""}"
1.0.0,smoke-000204,42,urllc_burst,tv1_smoke_fixed,204,14.248,1.0,0.0,0.0,0.515652,0.66,25,25,25,8,14248,2560,1,0,"{""throughput_e"":""Mbps"",""delay_u"":""ms"",""drop_u"":""ratio"",""sla_violation"":""ratio"",""fairness"":""index_0_to_1"",""rb_utilization"":""ratio""}"
1.0.0,smoke-000205,42,urllc_burst,tv1_smoke_fixed,205,14.248,0.0,0.0,0.0,0.515635,0.5,25,25,25,0,14248,0,0,0,"{""throughput_e"":""Mbps"",""delay_u"":""ms"",""drop_u"":""ratio"",""sla_violation"":""ratio"",""fairness"":""index_0_to_1"",""rb_utilization"":""ratio""}"
1.0.0,smoke-000206,42,urllc_burst,tv1_smoke_fixed,206,14.248,0.0,0.0,0.0,0.51562,0.5,25,25,25,0,14248,0,0,0,"{""throughput_e"":""Mbps"",""delay_u"":""ms"",""drop_u"":""ratio"",""sla_violation"":""ratio"",""fairness"":""index_0_to_1"",""rb_utilization"":""ratio""}"
1.0.0,smoke-000207,42,urllc_burst,tv1_smoke_fixed,207,14.248,1.0,0.0,0.0,0.515632,0.66,25,25,25,8,14248,2560,1,0,"{""throughput_e"":""Mbps"",""delay_u"":""ms"",""drop_u"":""ratio"",""sla_violation"":""ratio"",""fairness"":""index_0_to_1"",""rb_utilization"":""ratio""}"
1.0.0,smoke-000208,42,urllc_burst,tv1_smoke_fixed,208,12.292,1.0,0.0,0.0,0.513462,0.66,25,25,25,8,12292,2560,1,0,"{""throughput_e"":""Mbps"",""delay_u"":""ms"",""drop_u"":""ratio"",""sla_violation"":""ratio"",""fairness"":""index_0_to_1"",""rb_utilization"":""ratio""}"
1.0.0,smoke-000209,42,urllc_burst,tv1_smoke_fixed,209,12.292,1.0,0.0,0.0,0.513454,0.88,25,25,25,19,12292,7680,3,0,"{""throughput_e"":""Mbps"",""delay_u"":""ms"",""drop_u"":""ratio"",""sla_violation"":""ratio"",""fairness"":""index_0_to_1"",""rb_utilization"":""ratio""}"
1.0.0,smoke-000210,42,urllc_burst,tv1_smoke_fixed,210,10.465,1.0,0.0,0.0,0.51138,0.88,25,25,25,19,10465,7680,3,0,"{""throughput_e"":""Mbps"",""delay_u"":""ms"",""drop_u"":""ratio"",""sla_violation"":""ratio"",""fairness"":""index_0_to_1"",""rb_utilization"":""ratio""}"
1.0.0,smoke-000211,42,urllc_burst,tv1_smoke_fixed,211,12.292,1.0,0.0,0.0,0.513278,0.64,25,25,25,7,12292,2560,1,0,"{""throughput_e"":""Mbps"",""delay_u"":""ms"",""drop_u"":""ratio"",""sla_violation"":""ratio"",""fairness"":""index_0_to_1"",""rb_utilization"":""ratio""}"
1.0.0,smoke-000212,42,urllc_burst,tv1_smoke_fixed,212,12.292,1.0,0.0,0.0,0.51323,0.64,25,25,25,7,12292,2560,1,0,"{""throughput_e"":""Mbps"",""delay_u"":""ms"",""drop_u"":""ratio"",""sla_violation"":""ratio"",""fairness"":""index_0_to_1"",""rb_utilization"":""ratio""}"
1.0.0,smoke-000213,42,urllc_burst,tv1_smoke_fixed,213,12.292,1.0,0.0,0.0,0.513206,0.76,25,25,25,13,12292,5120,2,0,"{""throughput_e"":""Mbps"",""delay_u"":""ms"",""drop_u"":""ratio"",""sla_violation"":""ratio"",""fairness"":""index_0_to_1"",""rb_utilization"":""ratio""}"
1.0.0,smoke-000214,42,urllc_burst,tv1_smoke_fixed,214,12.292,1.0,0.0,0.0,0.513168,0.88,25,25,25,19,12292,7680,3,0,"{""throughput_e"":""Mbps"",""delay_u"":""ms"",""drop_u"":""ratio"",""sla_violation"":""ratio"",""fairness"":""index_0_to_1"",""rb_utilization"":""ratio""}"
1.0.0,smoke-000215,42,urllc_burst,tv1_smoke_fixed,215,12.292,0.0,0.0,0.0,0.513154,0.5,25,25,25,0,12292,0,0,0,"{""throughput_e"":""Mbps"",""delay_u"":""ms"",""drop_u"":""ratio"",""sla_violation"":""ratio"",""fairness"":""index_0_to_1"",""rb_utilization"":""ratio""}"
1.0.0,smoke-000216,42,urllc_burst,tv1_smoke_fixed,216,12.292,1.0,0.0,0.0,0.513111,0.64,25,25,25,7,12292,2560,1,0,"{""throughput_e"":""Mbps"",""delay_u"":""ms"",""drop_u"":""ratio"",""sla_violation"":""ratio"",""fairness"":""index_0_to_1"",""rb_utilization"":""ratio""}"
1.0.0,smoke-000217,42,urllc_burst,tv1_smoke_fixed,217,12.292,0.0,0.0,0.0,0.513106,0.5,25,25,25,0,12292,0,0,0,"{""throughput_e"":""Mbps"",""delay_u"":""ms"",""drop_u"":""ratio"",""sla_violation"":""ratio"",""fairness"":""index_0_to_1"",""rb_utilization"":""ratio""}"
1.0.0,smoke-000218,42,urllc_burst,tv1_smoke_fixed,218,12.292,1.0,0.0,0.0,0.513097,0.76,25,25,25,13,12292,5120,2,0,"{""throughput_e"":""Mbps"",""delay_u"":""ms"",""drop_u"":""ratio"",""sla_violation"":""ratio"",""fairness"":""index_0_to_1"",""rb_utilization"":""ratio""}"
1.0.0,smoke-000219,42,urllc_burst,tv1_smoke_fixed,219,12.292,0.0,0.0,0.0,0.513091,0.5,25,25,25,0,12292,0,0,0,"{""throughput_e"":""Mbps"",""delay_u"":""ms"",""drop_u"":""ratio"",""sla_violation"":""ratio"",""fairness"":""index_0_to_1"",""rb_utilization"":""ratio""}"
1.0.0,smoke-000220,42,urllc_burst,tv1_smoke_fixed,220,12.292,1.0,0.0,0.0,0.513077,0.64,25,25,25,7,12292,2560,1,0,"{""throughput_e"":""Mbps"",""delay_u"":""ms"",""drop_u"":""ratio"",""sla_violation"":""ratio"",""fairness"":""index_0_to_1"",""rb_utilization"":""ratio""}"
1.0.0,smoke-000221,42,urllc_burst,tv1_smoke_fixed,221,12.292,1.0,0.0,0.0,0.513068,0.62,25,25,25,6,12292,2560,1,0,"{""throughput_e"":""Mbps"",""delay_u"":""ms"",""drop_u"":""ratio"",""sla_violation"":""ratio"",""fairness"":""index_0_to_1"",""rb_utilization"":""ratio""}"
1.0.0,smoke-000222,42,urllc_burst,tv1_smoke_fixed,222,12.292,1.0,0.0,0.0,0.51301,0.62,25,25,25,6,12292,2560,1,0,"{""throughput_e"":""Mbps"",""delay_u"":""ms"",""drop_u"":""ratio"",""sla_violation"":""ratio"",""fairness"":""index_0_to_1"",""rb_utilization"":""ratio""}"
1.0.0,smoke-000223,42,urllc_burst,tv1_smoke_fixed,223,12.292,1.0,0.0,0.0,0.512981,0.62,25,25,25,6,12292,2560,1,0,"{""throughput_e"":""Mbps"",""delay_u"":""ms"",""drop_u"":""ratio"",""sla_violation"":""ratio"",""fairness"":""index_0_to_1"",""rb_utilization"":""ratio""}"
1.0.0,smoke-000224,42,urllc_burst,tv1_smoke_fixed,224,12.292,0.0,0.0,0.0,0.512926,0.5,25,25,25,0,12292,0,0,0,"{""throughput_e"":""Mbps"",""delay_u"":""ms"",""drop_u"":""ratio"",""sla_violation"":""ratio"",""fairness"":""index_0_to_1"",""rb_utilization"":""ratio""}"
1.0.0,smoke-000225,42,urllc_burst,tv1_smoke_fixed,225,12.292,1.0,0.0,0.0,0.512892,0.72,25,25,25,11,12292,5120,2,0,"{""throughput_e"":""Mbps"",""delay_u"":""ms"",""drop_u"":""ratio"",""sla_violation"":""ratio"",""fairness"":""index_0_to_1"",""rb_utilization"":""ratio""}"
1.0.0,smoke-000226,42,urllc_burst,tv1_smoke_fixed,226,10.465,1.0,0.0,0.0,0.510923,0.64,25,25,25,7,10465,2560,1,0,"{""throughput_e"":""Mbps"",""delay_u"":""ms"",""drop_u"":""ratio"",""sla_violation"":""ratio"",""fairness"":""index_0_to_1"",""rb_utilization"":""ratio""}"
1.0.0,smoke-000227,42,urllc_burst,tv1_smoke_fixed,227,10.465,0.0,0.0,0.0,0.510867,0.5,25,25,25,0,10465,0,0,0,"{""throughput_e"":""Mbps"",""delay_u"":""ms"",""drop_u"":""ratio"",""sla_violation"":""ratio"",""fairness"":""index_0_to_1"",""rb_utilization"":""ratio""}"
1.0.0,smoke-000228,42,urllc_burst,tv1_smoke_fixed,228,10.465,1.0,0.0,0.0,0.510764,0.72,25,25,25,11,10465,5120,2,0,"{""throughput_e"":""Mbps"",""delay_u"":""ms"",""drop_u"":""ratio"",""sla_violation"":""ratio"",""fairness"":""index_0_to_1"",""rb_utilization"":""ratio""}"
1.0.0,smoke-000229,42,urllc_burst,tv1_smoke_fixed,229,10.465,1.0,0.0,0.0,0.510701,0.62,25,25,25,6,10465,2560,1,0,"{""throughput_e"":""Mbps"",""delay_u"":""ms"",""drop_u"":""ratio"",""sla_violation"":""ratio"",""fairness"":""index_0_to_1"",""rb_utilization"":""ratio""}"
1.0.0,smoke-000230,42,urllc_burst,tv1_smoke_fixed,230,12.292,1.0,0.0,0.0,0.512529,0.62,25,25,25,6,12292,2560,1,0,"{""throughput_e"":""Mbps"",""delay_u"":""ms"",""drop_u"":""ratio"",""sla_violation"":""ratio"",""fairness"":""index_0_to_1"",""rb_utilization"":""ratio""}"
1.0.0,smoke-000231,42,urllc_burst,tv1_smoke_fixed,231,12.292,1.0,0.0,0.0,0.512501,0.6,25,25,25,5,12292,2560,1,0,"{""throughput_e"":""Mbps"",""delay_u"":""ms"",""drop_u"":""ratio"",""sla_violation"":""ratio"",""fairness"":""index_0_to_1"",""rb_utilization"":""ratio""}"
1.0.0,smoke-000232,42,urllc_burst,tv1_smoke_fixed,232,12.292,0.0,0.0,0.0,0.512476,0.5,25,25,25,0,12292,0,0,0,"{""throughput_e"":""Mbps"",""delay_u"":""ms"",""drop_u"":""ratio"",""sla_violation"":""ratio"",""fairness"":""index_0_to_1"",""rb_utilization"":""ratio""}"
1.0.0,smoke-000233,42,urllc_burst,tv1_smoke_fixed,233,12.292,1.0,0.0,0.0,0.51241,0.6,25,25,25,5,12292,2560,1,0,"{""throughput_e"":""Mbps"",""delay_u"":""ms"",""drop_u"":""ratio"",""sla_violation"":""ratio"",""fairness"":""index_0_to_1"",""rb_utilization"":""ratio""}"
1.0.0,smoke-000234,42,urllc_burst,tv1_smoke_fixed,234,12.292,1.0,0.0,0.0,0.512343,0.68,25,25,25,9,12292,5120,2,0,"{""throughput_e"":""Mbps"",""delay_u"":""ms"",""drop_u"":""ratio"",""sla_violation"":""ratio"",""fairness"":""index_0_to_1"",""rb_utilization"":""ratio""}"
1.0.0,smoke-000235,42,urllc_burst,tv1_smoke_fixed,235,12.292,1.0,0.0,0.0,0.512298,0.68,25,25,25,9,12292,5120,2,0,"{""throughput_e"":""Mbps"",""delay_u"":""ms"",""drop_u"":""ratio"",""sla_violation"":""ratio"",""fairness"":""index_0_to_1"",""rb_utilization"":""ratio""}"
1.0.0,smoke-000236,42,urllc_burst,tv1_smoke_fixed,236,10.465,1.0,0.0,0.0,0.510405,0.68,25,25,25,9,10465,5120,2,0,"{""throughput_e"":""Mbps"",""delay_u"":""ms"",""drop_u"":""ratio"",""sla_violation"":""ratio"",""fairness"":""index_0_to_1"",""rb_utilization"":""ratio""}"
1.0.0,smoke-000237,42,urllc_burst,tv1_smoke_fixed,237,10.465,1.0,0.0,0.0,0.510339,0.68,25,25,25,9,10465,5120,2,0,"{""throughput_e"":""Mbps"",""delay_u"":""ms"",""drop_u"":""ratio"",""sla_violation"":""ratio"",""fairness"":""index_0_to_1"",""rb_utilization"":""ratio""}"
1.0.0,smoke-000238,42,urllc_burst,tv1_smoke_fixed,238,10.465,1.0,0.0,0.0,0.510302,0.68,25,25,25,9,10465,5120,2,0,"{""throughput_e"":""Mbps"",""delay_u"":""ms"",""drop_u"":""ratio"",""sla_violation"":""ratio"",""fairness"":""index_0_to_1"",""rb_utilization"":""ratio""}"
1.0.0,smoke-000239,42,urllc_burst,tv1_smoke_fixed,239,10.465,1.0,0.0,0.0,0.510267,0.82,25,25,25,16,10465,7680,3,0,"{""throughput_e"":""Mbps"",""delay_u"":""ms"",""drop_u"":""ratio"",""sla_violation"":""ratio"",""fairness"":""index_0_to_1"",""rb_utilization"":""ratio""}"
1.0.0,smoke-000240,42,urllc_burst,tv1_smoke_fixed,240,10.465,1.0,0.0,0.0,0.510219,0.72,25,25,25,11,10465,5120,2,0,"{""throughput_e"":""Mbps"",""delay_u"":""ms"",""drop_u"":""ratio"",""sla_violation"":""ratio"",""fairness"":""index_0_to_1"",""rb_utilization"":""ratio""}"
1.0.0,smoke-000241,42,urllc_burst,tv1_smoke_fixed,241,10.465,0.0,0.0,0.0,0.510145,0.5,25,25,25,0,10465,0,0,0,"{""throughput_e"":""Mbps"",""delay_u"":""ms"",""drop_u"":""ratio"",""sla_violation"":""ratio"",""fairness"":""index_0_to_1"",""rb_utilization"":""ratio""}"
1.0.0,smoke-000242,42,urllc_burst,tv1_smoke_fixed,242,10.465,0.0,0.0,0.0,0.510091,0.5,25,25,25,0,10465,0,0,0,"{""throughput_e"":""Mbps"",""delay_u"":""ms"",""drop_u"":""ratio"",""sla_violation"":""ratio"",""fairness"":""index_0_to_1"",""rb_utilization"":""ratio""}"
1.0.0,smoke-000243,42,urllc_burst,tv1_smoke_fixed,243,12.292,1.0,0.0,0.0,0.511803,0.72,25,25,25,11,12292,5120,2,0,"{""throughput_e"":""Mbps"",""delay_u"":""ms"",""drop_u"":""ratio"",""sla_violation"":""ratio"",""fairness"":""index_0_to_1"",""rb_utilization"":""ratio""}"
1.0.0,smoke-000244,42,urllc_burst,tv1_smoke_fixed,244,12.292,0.0,0.0,0.0,0.511725,0.5,25,25,25,0,12292,0,0,0,"{""throughput_e"":""Mbps"",""delay_u"":""ms"",""drop_u"":""ratio"",""sla_violation"":""ratio"",""fairness"":""index_0_to_1"",""rb_utilization"":""ratio""}"
1.0.0,smoke-000245,42,urllc_burst,tv1_smoke_fixed,245,12.292,1.0,0.0,0.0,0.511705,0.72,25,25,25,11,12292,5120,2,0,"{""throughput_e"":""Mbps"",""delay_u"":""ms"",""drop_u"":""ratio"",""sla_violation"":""ratio"",""fairness"":""index_0_to_1"",""rb_utilization"":""ratio""}"
1.0.0,smoke-000246,42,urllc_burst,tv1_smoke_fixed,246,12.292,0.0,0.0,0.0,0.511664,0.5,25,25,25,0,12292,0,0,0,"{""throughput_e"":""Mbps"",""delay_u"":""ms"",""drop_u"":""ratio"",""sla_violation"":""ratio"",""fairness"":""index_0_to_1"",""rb_utilization"":""ratio""}"
1.0.0,smoke-000247,42,urllc_burst,tv1_smoke_fixed,247,12.292,1.0,0.0,0.0,0.511644,0.62,25,25,25,6,12292,2560,1,0,"{""throughput_e"":""Mbps"",""delay_u"":""ms"",""drop_u"":""ratio"",""sla_violation"":""ratio"",""fairness"":""index_0_to_1"",""rb_utilization"":""ratio""}"
1.0.0,smoke-000248,42,urllc_burst,tv1_smoke_fixed,248,10.465,1.0,0.0,0.0,0.509843,1.0,25,25,25,25,10465,10240,4,0,"{""throughput_e"":""Mbps"",""delay_u"":""ms"",""drop_u"":""ratio"",""sla_violation"":""ratio"",""fairness"":""index_0_to_1"",""rb_utilization"":""ratio""}"
1.0.0,smoke-000249,42,urllc_burst,tv1_smoke_fixed,249,10.465,1.0,0.0,0.0,0.509799,0.66,25,25,25,8,10465,2560,1,0,"{""throughput_e"":""Mbps"",""delay_u"":""ms"",""drop_u"":""ratio"",""sla_violation"":""ratio"",""fairness"":""index_0_to_1"",""rb_utilization"":""ratio""}"
1.0.0,smoke-000250,42,urllc_burst,tv1_smoke_fixed,250,10.465,1.0,0.0,0.0,0.520345,1.0,25,25,25,25,10465,8601,3,0,"{""throughput_e"":""Mbps"",""delay_u"":""ms"",""drop_u"":""ratio"",""sla_violation"":""ratio"",""fairness"":""index_0_to_1"",""rb_utilization"":""ratio""}"
1.0.0,smoke-000251,42,urllc_burst,tv1_smoke_fixed,251,8.601,2.0,0.0,0.0,0.520792,1.0,25,25,25,25,8601,10465,4,0,"{""throughput_e"":""Mbps"",""delay_u"":""ms"",""drop_u"":""ratio"",""sla_violation"":""ratio"",""fairness"":""index_0_to_1"",""rb_utilization"":""ratio""}"
1.0.0,smoke-000252,42,urllc_burst,tv1_smoke_fixed,252,8.601,2.0,0.0,0.0,0.522438,1.0,25,25,25,25,8601,10465,4,0,"{""throughput_e"":""Mbps"",""delay_u"":""ms"",""drop_u"":""ratio"",""sla_violation"":""ratio"",""fairness"":""index_0_to_1"",""rb_utilization"":""ratio""}"
1.0.0,smoke-000253,42,urllc_burst,tv1_smoke_fixed,253,8.601,2.75,0.0,0.0,0.529804,1.0,25,25,25,25,8601,10465,4,0,"{""throughput_e"":""Mbps"",""delay_u"":""ms"",""drop_u"":""ratio"",""sla_violation"":""ratio"",""fairness"":""index_0_to_1"",""rb_utilization"":""ratio""}"
1.0.0,smoke-000254,42,urllc_burst,tv1_smoke_fixed,254,8.601,3.0,0.0,0.0,0.533318,1.0,25,25,25,25,8601,10465,4,0,"{""throughput_e"":""Mbps"",""delay_u"":""ms"",""drop_u"":""ratio"",""sla_violation"":""ratio"",""fairness"":""index_0_to_1"",""rb_utilization"":""ratio""}"
1.0.0,smoke-000255,42,urllc_burst,tv1_smoke_fixed,255,10.465,3.0,0.0,0.0,0.538037,1.0,25,25,25,25,10465,12292,5,0,"{""throughput_e"":""Mbps"",""delay_u"":""ms"",""drop_u"":""ratio"",""sla_violation"":""ratio"",""fairness"":""index_0_to_1"",""rb_utilization"":""ratio""}"
1.0.0,smoke-000256,42,urllc_burst,tv1_smoke_fixed,256,8.601,3.6,0.0,0.0,0.531404,1.0,25,25,25,25,8601,12292,5,0,"{""throughput_e"":""Mbps"",""delay_u"":""ms"",""drop_u"":""ratio"",""sla_violation"":""ratio"",""fairness"":""index_0_to_1"",""rb_utilization"":""ratio""}"
1.0.0,smoke-000257,42,urllc_burst,tv1_smoke_fixed,257,7.579,4.0,0.0,0.0,0.531011,1.0,25,25,25,25,7579,10465,4,0,"{""throughput_e"":""Mbps"",""delay_u"":""ms"",""drop_u"":""ratio"",""sla_violation"":""ratio"",""fairness"":""index_0_to_1"",""rb_utilization"":""ratio""}"
1.0.0,smoke-000258,42,urllc_burst,tv1_smoke_fixed,258,7.579,4.0,0.0,0.0,0.524669,1.0,25,25,25,25,7579,12292,5,0,"{""throughput_e"":""Mbps"",""delay_u"":""ms"",""drop_u"":""ratio"",""sla_violation"":""ratio"",""fairness"":""index_0_to_1"",""rb_utilization"":""ratio""}"
1.0.0,smoke-000259,42,urllc_burst,tv1_smoke_fixed,259,7.579,4.2,0.0,0.0,0.520096,1.0,25,25,25,25,7579,14248,5,0,"{""throughput_e"":""Mbps"",""delay_u"":""ms"",""drop_u"":""ratio"",""sla_violation"":""ratio"",""fairness"":""index_0_to_1"",""rb_utilization"":""ratio""}"
1.0.0,smoke-000260,42,urllc_burst,tv1_smoke_fixed,260,7.579,4.0,0.0,0.0,0.516907,1.0,25,25,25,25,7579,14248,6,0,"{""throughput_e"":""Mbps"",""delay_u"":""ms"",""drop_u"":""ratio"",""sla_violation"":""ratio"",""fairness"":""index_0_to_1"",""rb_utilization"":""ratio""}"
1.0.0,smoke-000261,42,urllc_burst,tv1_smoke_fixed,261,7.579,3.4,0.0,0.0,0.516122,1.0,25,25,25,25,7579,14248,5,0,"{""throughput_e"":""Mbps"",""delay_u"":""ms"",""drop_u"":""ratio"",""sla_violation"":""ratio"",""fairness"":""index_0_to_1"",""rb_utilization"":""ratio""}"
1.0.0,smoke-000262,42,urllc_burst,tv1_smoke_fixed,262,7.579,2.833333,0.0,0.0,0.512997,1.0,25,25,25,25,7579,14248,6,0,"{""throughput_e"":""Mbps"",""delay_u"":""ms"",""drop_u"":""ratio"",""sla_violation"":""ratio"",""fairness"":""index_0_to_1"",""rb_utilization"":""ratio""}"
1.0.0,smoke-000263,42,urllc_burst,tv1_smoke_fixed,263,7.579,2.5,0.0,0.0,0.5146,1.0,25,25,25,25,7579,14248,6,0,"{""throughput_e"":""Mbps"",""delay_u"":""ms"",""drop_u"":""ratio"",""sla_violation"":""ratio"",""fairness"":""index_0_to_1"",""rb_utilization"":""ratio""}"
1.0.0,smoke-000264,42,urllc_burst,tv1_smoke_fixed,264,6.029,2.0,0.0,0.0,0.510099,1.0,25,25,25,25,6029,14248,5,0,"{""throughput_e"":""Mbps"",""delay_u"":""ms"",""drop_u"":""ratio"",""sla_violation"":""ratio"",""fairness"":""index_0_to_1"",""rb_utilization"":""ratio""}"
1.0.0,smoke-000265,42,urllc_burst,tv1_smoke_fixed,265,6.029,2.333333,0.0,0.0,0.512259,1.0,25,25,25,25,6029,14248,6,0,"{""throughput_e"":""Mbps"",""delay_u"":""ms"",""drop_u"":""ratio"",""sla_violation"":""ratio"",""fairness"":""index_0_to_1"",""rb_utilization"":""ratio""}"
1.0.0,smoke-000266,42,urllc_burst,tv1_smoke_fixed,266,6.029,2.0,0.0,0.0,0.511912,1.0,25,25,25,25,6029,16112,6,0,"{""throughput_e"":""Mbps"",""delay_u"":""ms"",""drop_u"":""ratio"",""sla_violation"":""ratio"",""fairness"":""index_0_to_1"",""rb_utilization"":""ratio""}"
1.0.0,smoke-000267,42,urllc_burst,tv1_smoke_fixed,267,4.651,2.333333,0.0,0.0,0.508345,1.0,25,25,25,25,4651,16112,6,0,"{""throughput_e"":""Mbps"",""delay_u"":""ms"",""drop_u"":""ratio"",""sla_violation"":""ratio"",""fairness"":""index_0_to_1"",""rb_utilization"":""ratio""}"
1.0.0,smoke-000268,42,urllc_burst,tv1_smoke_fixed,268,4.651,2.428571,0.0,0.0,0.508083,1.0,25,25,25,25,4651,16112,7,0,"{""throughput_e"":""Mbps"",""delay_u"":""ms"",""drop_u"":""ratio"",""sla_violation"":""ratio"",""fairness"":""index_0_to_1"",""rb_utilization"":""ratio""}"
1.0.0,smoke-000269,42,urllc_burst,tv1_smoke_fixed,269,4.651,2.166667,0.0,0.0,0.508326,1.0,25,25,25,25,4651,17497,6,0,"{""throughput_e"":""Mbps"",""delay_u"":""ms"",""drop_u"":""ratio"",""sla_violation"":""ratio"",""fairness"":""index_0_to_1"",""rb_utilization"":""ratio""}"
1.0.0,smoke-000270,42,urllc_burst,tv1_smoke_fixed,270,4.651,2.142857,0.0,0.0,0.505038,1.0,25,25,25,25,4651,17497,7,0,"{""throughput_e"":""Mbps"",""delay_u"":""ms"",""drop_u"":""ratio"",""sla_violation"":""ratio"",""fairness"":""index_0_to_1"",""rb_utilization"":""ratio""}"
1.0.0,smoke-000271,42,urllc_burst,tv1_smoke_fixed,271,4.651,2.25,0.0,0.0,0.503744,0.76,25,25,25,13,4651,8412,4,0,"{""throughput_e"":""Mbps"",""delay_u"":""ms"",""drop_u"":""ratio"",""sla_violation"":""ratio"",""fairness"":""index_0_to_1"",""rb_utilization"":""ratio""}"
1.0.0,smoke-000272,42,urllc_burst,tv1_smoke_fixed,272,4.651,0.0,0.0,0.0,0.503701,0.5,25,25,25,0,4651,0,0,0,"{""throughput_e"":""Mbps"",""delay_u"":""ms"",""drop_u"":""ratio"",""sla_violation"":""ratio"",""fairness"":""index_0_to_1"",""rb_utilization"":""ratio""}"
1.0.0,smoke-000273,42,urllc_burst,tv1_smoke_fixed,273,4.651,1.0,0.0,0.0,0.503661,0.66,25,25,25,8,4651,5120,2,0,"{""throughput_e"":""Mbps"",""delay_u"":""ms"",""drop_u"":""ratio"",""sla_violation"":""ratio"",""fairness"":""index_0_to_1"",""rb_utilization"":""ratio""}"
1.0.0,smoke-000274,42,urllc_burst,tv1_smoke_fixed,274,6.029,1.0,0.0,0.0,0.504692,0.66,25,25,25,8,6029,5120,2,0,"{""throughput_e"":""Mbps"",""delay_u"":""ms"",""drop_u"":""ratio"",""sla_violation"":""ratio"",""fairness"":""index_0_to_1"",""rb_utilization"":""ratio""}"
1.0.0,smoke-000275,42,urllc_burst,tv1_smoke_fixed,275,6.029,0.0,0.0,0.0,0.504672,0.5,25,25,25,0,6029,0,0,0,"{""throughput_e"":""Mbps"",""delay_u"":""ms"",""drop_u"":""ratio"",""sla_violation"":""ratio"",""fairness"":""index_0_to_1"",""rb_utilization"":""ratio""}"
1.0.0,smoke-000276,42,urllc_burst,tv1_smoke_fixed,276,4.651,0.0,0.0,0.0,0.503568,0.5,25,25,25,0,4651,0,0,0,"{""throughput_e"":""Mbps"",""delay_u"":""ms"",""drop_u"":""ratio"",""sla_violation"":""ratio"",""fairness"":""index_0_to_1"",""rb_utilization"":""ratio""}"
1.0.0,smoke-000277,42,urllc_burst,tv1_smoke_fixed,277,3.703,0.0,0.0,0.0,0.502819,0.5,25,25,25,0,3703,0,0,0,"{""throughput_e"":""Mbps"",""delay_u"":""ms"",""drop_u"":""ratio"",""sla_violation"":""ratio"",""fairness"":""index_0_to_1"",""rb_utilization"":""ratio""}"
1.0.0,smoke-000278,42,urllc_burst,tv1_smoke_fixed,278,2.762,0.0,0.0,0.0,0.502084,0.5,25,25,25,0,2762,0,0,0,"{""throughput_e"":""Mbps"",""delay_u"":""ms"",""drop_u"":""ratio"",""sla_violation"":""ratio"",""fairness"":""index_0_to_1"",""rb_utilization"":""ratio""}"
1.0.0,smoke-000279,42,urllc_burst,tv1_smoke_fixed,279,1.895,0.0,0.0,0.0,0.501418,0.5,25,25,25,0,1895,0,0,0,"{""throughput_e"":""Mbps"",""delay_u"":""ms"",""drop_u"":""ratio"",""sla_violation"":""ratio"",""fairness"":""index_0_to_1"",""rb_utilization"":""ratio""}"
1.0.0,smoke-000280,42,urllc_burst,tv1_smoke_fixed,280,1.895,1.0,0.0,0.0,0.501401,0.58,25,25,25,4,1895,2560,1,0,"{""throughput_e"":""Mbps"",""delay_u"":""ms"",""drop_u"":""ratio"",""sla_violation"":""ratio"",""fairness"":""index_0_to_1"",""rb_utilization"":""ratio""}"
1.0.0,smoke-000281,42,urllc_burst,tv1_smoke_fixed,281,1.895,1.0,0.0,0.0,0.501388,0.58,25,25,25,4,1895,2560,1,0,"{""throughput_e"":""Mbps"",""delay_u"":""ms"",""drop_u"":""ratio"",""sla_violation"":""ratio"",""fairness"":""index_0_to_1"",""rb_utilization"":""ratio""}"
1.0.0,smoke-000282,42,urllc_burst,tv1_smoke_fixed,282,1.895,1.0,0.0,0.0,0.501374,0.58,25,25,25,4,1895,2560,1,0,"{""throughput_e"":""Mbps"",""delay_u"":""ms"",""drop_u"":""ratio"",""sla_violation"":""ratio"",""fairness"":""index_0_to_1"",""rb_utilization"":""ratio""}"
1.0.0,smoke-000283,42,urllc_burst,tv1_smoke_fixed,283,1.895,1.0,0.0,0.0,0.501362,0.58,25,25,25,4,1895,2560,1,0,"{""throughput_e"":""Mbps"",""delay_u"":""ms"",""drop_u"":""ratio"",""sla_violation"":""ratio"",""fairness"":""index_0_to_1"",""rb_utilization"":""ratio""}"
1.0.0,smoke-000284,42,urllc_burst,tv1_smoke_fixed,284,1.895,0.0,0.0,0.0,0.501348,0.5,25,25,25,0,1895,0,0,0,"{""throughput_e"":""Mbps"",""delay_u"":""ms"",""drop_u"":""ratio"",""sla_violation"":""ratio"",""fairness"":""index_0_to_1"",""rb_utilization"":""ratio""}"
1.0.0,smoke-000285,42,urllc_burst,tv1_smoke_fixed,285,1.895,0.0,0.0,0.0,0.501337,0.5,25,25,25,0,1895,0,0,0,"{""throughput_e"":""Mbps"",""delay_u"":""ms"",""drop_u"":""ratio"",""sla_violation"":""ratio"",""fairness"":""index_0_to_1"",""rb_utilization"":""ratio""}"
1.0.0,smoke-000286,42,urllc_burst,tv1_smoke_fixed,286,1.895,1.0,0.0,0.0,0.501322,0.58,25,25,25,4,1895,2560,1,0,"{""throughput_e"":""Mbps"",""delay_u"":""ms"",""drop_u"":""ratio"",""sla_violation"":""ratio"",""fairness"":""index_0_to_1"",""rb_utilization"":""ratio""}"
1.0.0,smoke-000287,42,urllc_burst,tv1_smoke_fixed,287,1.895,1.0,0.0,0.0,0.501307,0.58,25,25,25,4,1895,2560,1,0,"{""throughput_e"":""Mbps"",""delay_u"":""ms"",""drop_u"":""ratio"",""sla_violation"":""ratio"",""fairness"":""index_0_to_1"",""rb_utilization"":""ratio""}"
1.0.0,smoke-000288,42,urllc_burst,tv1_smoke_fixed,288,1.895,1.0,0.0,0.0,0.501296,0.58,25,25,25,4,1895,2560,1,0,"{""throughput_e"":""Mbps"",""delay_u"":""ms"",""drop_u"":""ratio"",""sla_violation"":""ratio"",""fairness"":""index_0_to_1"",""rb_utilization"":""ratio""}"
1.0.0,smoke-000289,42,urllc_burst,tv1_smoke_fixed,289,1.895,1.0,0.0,0.0,0.501283,0.58,25,25,25,4,1895,2560,1,0,"{""throughput_e"":""Mbps"",""delay_u"":""ms"",""drop_u"":""ratio"",""sla_violation"":""ratio"",""fairness"":""index_0_to_1"",""rb_utilization"":""ratio""}"
1.0.0,smoke-000290,42,urllc_burst,tv1_smoke_fixed,290,1.895,1.0,0.0,0.0,0.501272,0.58,25,25,25,4,1895,2560,1,0,"{""throughput_e"":""Mbps"",""delay_u"":""ms"",""drop_u"":""ratio"",""sla_violation"":""ratio"",""fairness"":""index_0_to_1"",""rb_utilization"":""ratio""}"
1.0.0,smoke-000291,42,urllc_burst,tv1_smoke_fixed,291,2.762,1.0,0.0,0.0,0.501839,0.58,25,25,25,4,2762,2560,1,0,"{""throughput_e"":""Mbps"",""delay_u"":""ms"",""drop_u"":""ratio"",""sla_violation"":""ratio"",""fairness"":""index_0_to_1"",""rb_utilization"":""ratio""}"
1.0.0,smoke-000292,42,urllc_burst,tv1_smoke_fixed,292,2.762,0.0,0.0,0.0,0.501821,0.5,25,25,25,0,2762,0,0,0,"{""throughput_e"":""Mbps"",""delay_u"":""ms"",""drop_u"":""ratio"",""sla_violation"":""ratio"",""fairness"":""index_0_to_1"",""rb_utilization"":""ratio""}"
1.0.0,smoke-000293,42,urllc_burst,tv1_smoke_fixed,293,2.762,0.0,0.0,0.0,0.501805,0.5,25,25,25,0,2762,0,0,0,"{""throughput_e"":""Mbps"",""delay_u"":""ms"",""drop_u"":""ratio"",""sla_violation"":""ratio"",""fairness"":""index_0_to_1"",""rb_utilization"":""ratio""}"
1.0.0,smoke-000294,42,urllc_burst,tv1_smoke_fixed,294,3.703,0.0,0.0,0.0,0.502399,0.5,25,25,25,0,3703,0,0,0,"{""throughput_e"":""Mbps"",""delay_u"":""ms"",""drop_u"":""ratio"",""sla_violation"":""ratio"",""fairness"":""index_0_to_1"",""rb_utilization"":""ratio""}"
1.0.0,smoke-000295,42,urllc_burst,tv1_smoke_fixed,295,2.762,1.0,0.0,0.0,0.501773,0.58,25,25,25,4,2762,2560,1,0,"{""throughput_e"":""Mbps"",""delay_u"":""ms"",""drop_u"":""ratio"",""sla_violation"":""ratio"",""fairness"":""index_0_to_1"",""rb_utilization"":""ratio""}"
1.0.0,smoke-000296,42,urllc_burst,tv1_smoke_fixed,296,1.895,1.0,0.0,0.0,0.501208,0.66,25,25,25,8,1895,5120,2,0,"{""throughput_e"":""Mbps"",""delay_u"":""ms"",""drop_u"":""ratio"",""sla_violation"":""ratio"",""fairness"":""index_0_to_1"",""rb_utilization"":""ratio""}"
1.0.0,smoke-000297,42,urllc_burst,tv1_smoke_fixed,297,1.187,0.0,0.0,0.0,0.500749,0.5,25,25,25,0,1187,0,0,0,"{""throughput_e"":""Mbps"",""delay_u"":""ms"",""drop_u"":""ratio"",""sla_violation"":""ratio"",""fairness"":""index_0_to_1"",""rb_utilization"":""ratio""}"
1.0.0,smoke-000298,42,urllc_burst,tv1_smoke_fixed,298,1.187,0.0,0.0,0.0,0.500742,0.5,25,25,25,0,1187,0,0,0,"{""throughput_e"":""Mbps"",""delay_u"":""ms"",""drop_u"":""ratio"",""sla_violation"":""ratio"",""fairness"":""index_0_to_1"",""rb_utilization"":""ratio""}"
1.0.0,smoke-000299,42,urllc_burst,tv1_smoke_fixed,299,1.187,1.0,0.0,0.0,0.500735,0.78,25,25,25,14,1187,7680,3,0,"{""throughput_e"":""Mbps"",""delay_u"":""ms"",""drop_u"":""ratio"",""sla_violation"":""ratio"",""fairness"":""index_0_to_1"",""rb_utilization"":""ratio""}"
1.0.0,smoke-000300,42,urllc_burst,tv1_smoke_fixed,300,1.187,0.0,0.0,0.0,0.500729,0.5,25,25,25,0,1187,0,0,0,"{""throughput_e"":""Mbps"",""delay_u"":""ms"",""drop_u"":""ratio"",""sla_violation"":""ratio"",""fairness"":""index_0_to_1"",""rb_utilization"":""ratio""}"
1.0.0,smoke-000301,42,urllc_burst,tv1_smoke_fixed,301,1.187,0.0,0.0,0.0,0.500723,0.5,25,25,25,0,1187,0,0,0,"{""throughput_e"":""Mbps"",""delay_u"":""ms"",""drop_u"":""ratio"",""sla_violation"":""ratio"",""fairness"":""index_0_to_1"",""rb_utilization"":""ratio""}"
1.0.0,smoke-000302,42,urllc_burst,tv1_smoke_fixed,302,1.187,1.0,0.0,0.0,0.500717,0.74,25,25,25,12,1187,7680,3,0,"{""throughput_e"":""Mbps"",""delay_u"":""ms"",""drop_u"":""ratio"",""sla_violation"":""ratio"",""fairness"":""index_0_to_1"",""rb_utilization"":""ratio""}"
1.0.0,smoke-000303,42,urllc_burst,tv1_smoke_fixed,303,1.187,1.0,0.0,0.0,0.50071,0.58,25,25,25,4,1187,2560,1,0,"{""throughput_e"":""Mbps"",""delay_u"":""ms"",""drop_u"":""ratio"",""sla_violation"":""ratio"",""fairness"":""index_0_to_1"",""rb_utilization"":""ratio""}"
1.0.0,smoke-000304,42,urllc_burst,tv1_smoke_fixed,304,1.187,1.0,0.0,0.0,0.500704,0.58,25,25,25,4,1187,2560,1,0,"{""throughput_e"":""Mbps"",""delay_u"":""ms"",""drop_u"":""ratio"",""sla_violation"":""ratio"",""fairness"":""index_0_to_1"",""rb_utilization"":""ratio""}"
1.0.0,smoke-000305,42,urllc_burst,tv1_smoke_fixed,305,1.187,0.0,0.0,0.0,0.500699,0.5,25,25,25,0,1187,0,0,0,"{""throughput_e"":""Mbps"",""delay_u"":""ms"",""drop_u"":""ratio"",""sla_violation"":""ratio"",""fairness"":""index_0_to_1"",""rb_utilization"":""ratio""}"
1.0.0,smoke-000306,42,urllc_burst,tv1_smoke_fixed,306,1.895,1.0,0.0,0.0,0.501106,0.58,25,25,25,4,1895,2560,1,0,"{""throughput_e"":""Mbps"",""delay_u"":""ms"",""drop_u"":""ratio"",""sla_violation"":""ratio"",""fairness"":""index_0_to_1"",""rb_utilization"":""ratio""}"
1.0.0,smoke-000307,42,urllc_burst,tv1_smoke_fixed,307,1.895,1.0,0.0,0.0,0.501096,0.66,25,25,25,8,1895,5120,2,0,"{""throughput_e"":""Mbps"",""delay_u"":""ms"",""drop_u"":""ratio"",""sla_violation"":""ratio"",""fairness"":""index_0_to_1"",""rb_utilization"":""ratio""}"
1.0.0,smoke-000308,42,urllc_burst,tv1_smoke_fixed,308,1.895,1.0,0.0,0.0,0.501088,0.58,25,25,25,4,1895,2560,1,0,"{""throughput_e"":""Mbps"",""delay_u"":""ms"",""drop_u"":""ratio"",""sla_violation"":""ratio"",""fairness"":""index_0_to_1"",""rb_utilization"":""ratio""}"
1.0.0,smoke-000309,42,urllc_burst,tv1_smoke_fixed,309,1.895,0.0,0.0,0.0,0.501081,0.5,25,25,25,0,1895,0,0,0,"{""throughput_e"":""Mbps"",""delay_u"":""ms"",""drop_u"":""ratio"",""sla_violation"":""ratio"",""fairness"":""index_0_to_1"",""rb_utilization"":""ratio""}"
1.0.0,smoke-000310,42,urllc_burst,tv1_smoke_fixed,310,1.895,1.0,0.0,0.0,0.501072,0.66,25,25,25,8,1895,5120,2,0,"{""throughput_e"":""Mbps"",""delay_u"":""ms"",""drop_u"":""ratio"",""sla_violation"":""ratio"",""fairness"":""index_0_to_1"",""rb_utilization"":""ratio""}"
1.0.0,smoke-000311,42,urllc_burst,tv1_smoke_fixed,311,1.895,1.0,0.0,0.0,0.501062,0.66,25,25,25,8,1895,5120,2,0,"{""throughput_e"":""Mbps"",""delay_u"":""ms"",""drop_u"":""ratio"",""sla_violation"":""ratio"",""fairness"":""index_0_to_1"",""rb_utilization"":""ratio""}"
1.0.0,smoke-000312,42,urllc_burst,tv1_smoke_fixed,312,1.895,1.0,0.0,0.0,0.501054,0.66,25,25,25,8,1895,5120,2,0,"{""throughput_e"":""Mbps"",""delay_u"":""ms"",""drop_u"":""ratio"",""sla_violation"":""ratio"",""fairness"":""index_0_to_1"",""rb_utilization"":""ratio""}"
1.0.0,smoke-000313,42,urllc_burst,tv1_smoke_fixed,313,1.895,1.0,0.0,0.0,0.501047,0.68,25,25,25,9,1895,5120,2,0,"{""throughput_e"":""Mbps"",""delay_u"":""ms"",""drop_u"":""ratio"",""sla_violation"":""ratio"",""fairness"":""index_0_to_1"",""rb_utilization"":""ratio""}"
1.0.0,smoke-000314,42,urllc_burst,tv1_smoke_fixed,314,1.187,1.0,0.0,0.0,0.50065,0.6,25,25,25,5,1187,2560,1,0,"{""throughput_e"":""Mbps"",""delay_u"":""ms"",""drop_u"":""ratio"",""sla_violation"":""ratio"",""fairness"":""index_0_to_1"",""rb_utilization"":""ratio""}"
1.0.0,smoke-000315,42,urllc_burst,tv1_smoke_fixed,315,1.187,0.0,0.0,0.0,0.500645,0.5,25,25,25,0,1187,0,0,0,"{""throughput_e"":""Mbps"",""delay_u"":""ms"",""drop_u"":""ratio"",""sla_violation"":""ratio"",""fairness"":""index_0_to_1"",""rb_utilization"":""ratio""}"
1.0.0,smoke-000316,42,urllc_burst,tv1_smoke_fixed,316,1.187,0.0,0.0,0.0,0.500639,0.5,25,25,25,0,1187,0,0,0,"{""throughput_e"":""Mbps"",""delay_u"":""ms"",""drop_u"":""ratio"",""sla_violation"":""ratio"",""fairness"":""index_0_to_1"",""rb_utilization"":""ratio""}"
1.0.0,smoke-000317,42,urllc_burst,tv1_smoke_fixed,317,1.187,1.0,0.0,0.0,0.500634,0.62,25,25,25,6,1187,2560,1,0,"{""throughput_e"":""Mbps"",""delay_u"":""ms"",""drop_u"":""ratio"",""sla_violation"":""ratio"",""fairness"":""index_0_to_1"",""rb_utilization"":""ratio""}"
1.0.0,smoke-000318,42,urllc_burst,tv1_smoke_fixed,318,1.187,1.0,0.0,0.0,0.500629,0.82,25,25,25,16,1187,7680,3,0,"{""throughput_e"":""Mbps"",""delay_u"":""ms"",""drop_u"":""ratio"",""sla_violation"":""ratio"",""fairness"":""index_0_to_1"",""rb_utilization"":""ratio""}"
1.0.0,smoke-000319,42,urllc_burst,tv1_smoke_fixed,319,1.187,1.0,0.0,0.0,0.500624,0.62,25,25,25,6,1187,2560,1,0,"{""throughput_e"":""Mbps"",""delay_u"":""ms"",""drop_u"":""ratio"",""sla_violation"":""ratio"",""fairness"":""index_0_to_1"",""rb_utilization"":""ratio""}"
1.0.0,smoke-000320,42,urllc_burst,tv1_smoke_fixed,320,1.187,1.0,0.0,0.0,0.500619,0.62,25,25,25,6,1187,2560,1,0,"{""throughput_e"":""Mbps"",""delay_u"":""ms"",""drop_u"":""ratio"",""sla_violation"":""ratio"",""fairness"":""index_0_to_1"",""rb_utilization"":""ratio""}"
1.0.0,smoke-000321,42,urllc_burst,tv1_smoke_fixed,321,1.187,1.0,0.0,0.0,0.500615,0.62,25,25,25,6,1187,2560,1,0,"{""throughput_e"":""Mbps"",""delay_u"":""ms"",""drop_u"":""ratio"",""sla_violation"":""ratio"",""fairness"":""index_0_to_1"",""rb_utilization"":""ratio""}"
1.0.0,smoke-000322,42,urllc_burst,tv1_smoke_fixed,322,1.187,0.0,0.0,0.0,0.500611,0.5,25,25,25,0,1187,0,0,0,"{""throughput_e"":""Mbps"",""delay_u"":""ms"",""drop_u"":""ratio"",""sla_violation"":""ratio"",""fairness"":""index_0_to_1"",""rb_utilization"":""ratio""}"
1.0.0,smoke-000323,42,urllc_burst,tv1_smoke_fixed,323,1.187,0.0,0.0,0.0,0.500606,0.5,25,25,25,0,1187,0,0,0,"{""throughput_e"":""Mbps"",""delay_u"":""ms"",""drop_u"":""ratio"",""sla_violation"":""ratio"",""fairness"":""index_0_to_1"",""rb_utilization"":""ratio""}"
1.0.0,smoke-000324,42,urllc_burst,tv1_smoke_fixed,324,1.187,1.0,0.0,0.0,0.500601,0.64,25,25,25,7,1187,2560,1,0,"{""throughput_e"":""Mbps"",""delay_u"":""ms"",""drop_u"":""ratio"",""sla_violation"":""ratio"",""fairness"":""index_0_to_1"",""rb_utilization"":""ratio""}"
1.0.0,smoke-000325,42,urllc_burst,tv1_smoke_fixed,325,1.187,0.0,0.0,0.0,0.500597,0.5,25,25,25,0,1187,0,0,0,"{""throughput_e"":""Mbps"",""delay_u"":""ms"",""drop_u"":""ratio"",""sla_violation"":""ratio"",""fairness"":""index_0_to_1"",""rb_utilization"":""ratio""}"
1.0.0,smoke-000326,42,urllc_burst,tv1_smoke_fixed,326,1.187,1.0,0.0,0.0,0.500593,0.64,25,25,25,7,1187,2560,1,0,"{""throughput_e"":""Mbps"",""delay_u"":""ms"",""drop_u"":""ratio"",""sla_violation"":""ratio"",""fairness"":""index_0_to_1"",""rb_utilization"":""ratio""}"
1.0.0,smoke-000327,42,urllc_burst,tv1_smoke_fixed,327,1.187,0.0,0.0,0.0,0.500588,0.5,25,25,25,0,1187,0,0,0,"{""throughput_e"":""Mbps"",""delay_u"":""ms"",""drop_u"":""ratio"",""sla_violation"":""ratio"",""fairness"":""index_0_to_1"",""rb_utilization"":""ratio""}"
1.0.0,smoke-000328,42,urllc_burst,tv1_smoke_fixed,328,1.187,1.0,0.0,0.0,0.500584,0.64,25,25,25,7,1187,2560,1,0,"{""throughput_e"":""Mbps"",""delay_u"":""ms"",""drop_u"":""ratio"",""sla_violation"":""ratio"",""fairness"":""index_0_to_1"",""rb_utilization"":""ratio""}"
1.0.0,smoke-000329,42,urllc_burst,tv1_smoke_fixed,329,1.895,1.0,0.0,0.0,0.500925,0.76,25,25,25,13,1895,5120,2,0,"{""throughput_e"":""Mbps"",""delay_u"":""ms"",""drop_u"":""ratio"",""sla_violation"":""ratio"",""fairness"":""index_0_to_1"",""rb_utilization"":""ratio""}"
1.0.0,smoke-000330,42,urllc_burst,tv1_smoke_fixed,330,1.895,1.0,0.0,0.0,0.500918,0.64,25,25,25,7,1895,2560,1,0,"{""throughput_e"":""Mbps"",""delay_u"":""ms"",""drop_u"":""ratio"",""sla_violation"":""ratio"",""fairness"":""index_0_to_1"",""rb_utilization"":""ratio""}"
1.0.0,smoke-000331,42,urllc_burst,tv1_smoke_fixed,331,1.895,1.0,0.0,0.0,0.500912,1.0,25,25,25,25,1895,10240,4,0,"{""throughput_e"":""Mbps"",""delay_u"":""ms"",""drop_u"":""ratio"",""sla_violation"":""ratio"",""fairness"":""index_0_to_1"",""rb_utilization"":""ratio""}"
1.0.0,smoke-000332,42,urllc_burst,tv1_smoke_fixed,332,1.895,0.0,0.0,0.0,0.500906,0.5,25,25,25,0,1895,0,0,0,"{""throughput_e"":""Mbps"",""delay_u"":""ms"",""drop_u"":""ratio"",""sla_violation"":""ratio"",""fairness"":""index_0_to_1"",""rb_utilization"":""ratio""}"
1.0.0,smoke-000333,42,urllc_burst,tv1_smoke_fixed,333,1.187,1.0,0.0,0.0,0.500564,0.76,25,25,25,13,1187,5120,2,0,"{""throughput_e"":""Mbps"",""delay_u"":""ms"",""drop_u"":""ratio"",""sla_violation"":""ratio"",""fairness"":""index_0_to_1"",""rb_utilization"":""ratio""}"
1.0.0,smoke-000334,42,urllc_burst,tv1_smoke_fixed,334,1.187,0.0,0.0,0.0,0.500561,0.5,25,25,25,0,1187,0,0,0,"{""throughput_e"":""Mbps"",""delay_u"":""ms"",""drop_u"":""ratio"",""sla_violation"":""ratio"",""fairness"":""index_0_to_1"",""rb_utilization"":""ratio""}"
1.0.0,smoke-000335,42,urllc_burst,tv1_smoke_fixed,335,1.895,1.0,0.0,0.0,0.50089,0.62,25,25,25,6,1895,2560,1,0,"{""throughput_e"":""Mbps"",""delay_u"":""ms"",""drop_u"":""ratio"",""sla_violation"":""ratio"",""fairness"":""index_0_to_1"",""rb_utilization"":""ratio""}"
1.0.0,smoke-000336,42,urllc_burst,tv1_smoke_fixed,336,1.895,1.0,0.0,0.0,0.500884,0.82,25,25,25,16,1895,7680,3,0,"{""throughput_e"":""Mbps"",""delay_u"":""ms"",""drop_u"":""ratio"",""sla_violation"":""ratio"",""fairness"":""index_0_to_1"",""rb_utilization"":""ratio""}"
1.0.0,smoke-000337,42,urllc_burst,tv1_smoke_fixed,337,1.895,1.0,0.0,0.0,0.500879,0.62,25,25,25,6,1895,2560,1,0,"{""throughput_e"":""Mbps"",""delay_u"":""ms"",""drop_u"":""ratio"",""sla_violation"":""ratio"",""fairness"":""index_0_to_1"",""rb_utilization"":""ratio""}"
1.0.0,smoke-000338,42,urllc_burst,tv1_smoke_fixed,338,2.762,0.0,0.0,0.0,0.501274,0.5,25,25,25,0,2762,0,0,0,"{""throughput_e"":""Mbps"",""delay_u"":""ms"",""drop_u"":""ratio"",""sla_violation"":""ratio"",""fairness"":""index_0_to_1"",""rb_utilization"":""ratio""}"
1.0.0,smoke-000339,42,urllc_burst,tv1_smoke_fixed,339,2.762,0.0,0.0,0.0,0.501266,0.5,25,25,25,0,2762,0,0,0,"{""throughput_e"":""Mbps"",""delay_u"":""ms"",""drop_u"":""ratio"",""sla_violation"":""ratio"",""fairness"":""index_0_to_1"",""rb_utilization"":""ratio""}"
1.0.0,smoke-000340,42,urllc_burst,tv1_smoke_fixed,340,2.762,0.0,0.0,0.0,0.501257,0.5,25,25,25,0,2762,0,0,0,"{""throughput_e"":""Mbps"",""delay_u"":""ms"",""drop_u"":""ratio"",""sla_violation"":""ratio"",""fairness"":""index_0_to_1"",""rb_utilization"":""ratio""}"
1.0.0,smoke-000341,42,urllc_burst,tv1_smoke_fixed,341,2.762,0.0,0.0,0.0,0.50125,0.5,25,25,25,0,2762,0,0,0,"{""throughput_e"":""Mbps"",""delay_u"":""ms"",""drop_u"":""ratio"",""sla_violation"":""ratio"",""fairness"":""index_0_to_1"",""rb_utilization"":""ratio""}"
1.0.0,smoke-000342,42,urllc_burst,tv1_smoke_fixed,342,2.762,0.0,0.0,0.0,0.50124,0.5,25,25,25,0,2762,0,0,0,"{""throughput_e"":""Mbps"",""delay_u"":""ms"",""drop_u"":""ratio"",""sla_violation"":""ratio"",""fairness"":""index_0_to_1"",""rb_utilization"":""ratio""}"
1.0.0,smoke-000343,42,urllc_burst,tv1_smoke_fixed,343,1.895,1.0,0.0,0.0,0.500845,0.82,25,25,25,16,1895,7680,3,0,"{""throughput_e"":""Mbps"",""delay_u"":""ms"",""drop_u"":""ratio"",""sla_violation"":""ratio"",""fairness"":""index_0_to_1"",""rb_utilization"":""ratio""}"
1.0.0,smoke-000344,42,urllc_burst,tv1_smoke_fixed,344,1.895,0.0,0.0,0.0,0.500841,0.5,25,25,25,0,1895,0,0,0,"{""throughput_e"":""Mbps"",""delay_u"":""ms"",""drop_u"":""ratio"",""sla_violation"":""ratio"",""fairness"":""index_0_to_1"",""rb_utilization"":""ratio""}"
1.0.0,smoke-000345,42,urllc_burst,tv1_smoke_fixed,345,1.895,1.0,0.0,0.0,0.500834,0.62,25,25,25,6,1895,2560,1,0,"{""throughput_e"":""Mbps"",""delay_u"":""ms"",""drop_u"":""ratio"",""sla_violation"":""ratio"",""fairness"":""index_0_to_1"",""rb_utilization"":""ratio""}"
1.0.0,smoke-000346,42,urllc_burst,tv1_smoke_fixed,346,1.895,1.0,0.0,0.0,0.500829,0.62,25,25,25,6,1895,2560,1,0,"{""throughput_e"":""Mbps"",""delay_u"":""ms"",""drop_u"":""ratio"",""sla_violation"":""ratio"",""fairness"":""index_0_to_1"",""rb_utilization"":""ratio""}"
1.0.0,smoke-000347,42,urllc_burst,tv1_smoke_fixed,347,1.895,1.0,0.0,0.0,0.500825,0.62,25,25,25,6,1895,2560,1,0,"{""throughput_e"":""Mbps"",""delay_u"":""ms"",""drop_u"":""ratio"",""sla_violation"":""ratio"",""fairness"":""index_0_to_1"",""rb_utilization"":""ratio""}"
1.0.0,smoke-000348,42,urllc_burst,tv1_smoke_fixed,348,1.895,1.0,0.0,0.0,0.50082,0.64,25,25,25,7,1895,2560,1,0,"{""throughput_e"":""Mbps"",""delay_u"":""ms"",""drop_u"":""ratio"",""sla_violation"":""ratio"",""fairness"":""index_0_to_1"",""rb_utilization"":""ratio""}"
1.0.0,smoke-000349,42,urllc_burst,tv1_smoke_fixed,349,1.895,1.0,0.0,0.0,0.500815,0.64,25,25,25,7,1895,2560,1,0,"{""throughput_e"":""Mbps"",""delay_u"":""ms"",""drop_u"":""ratio"",""sla_violation"":""ratio"",""fairness"":""index_0_to_1"",""rb_utilization"":""ratio""}"
1.0.0,smoke-000350,42,urllc_burst,tv1_smoke_fixed,350,1.895,1.0,0.0,0.0,0.502655,1.0,25,25,25,25,1895,8601,3,0,"{""throughput_e"":""Mbps"",""delay_u"":""ms"",""drop_u"":""ratio"",""sla_violation"":""ratio"",""fairness"":""index_0_to_1"",""rb_utilization"":""ratio""}"
1.0.0,smoke-000351,42,urllc_burst,tv1_smoke_fixed,351,1.895,2.0,0.0,0.0,0.503273,1.0,25,25,25,25,1895,8601,3,0,"{""throughput_e"":""Mbps"",""delay_u"":""ms"",""drop_u"":""ratio"",""sla_violation"":""ratio"",""fairness"":""index_0_to_1"",""rb_utilization"":""ratio""}"
1.0.0,smoke-000352,42,urllc_burst,tv1_smoke_fixed,352,1.187,3.0,0.0,0.0,0.502927,1.0,25,25,25,25,1187,7579,3,0,"{""throughput_e"":""Mbps"",""delay_u"":""ms"",""drop_u"":""ratio"",""sla_violation"":""ratio"",""fairness"":""index_0_to_1"",""rb_utilization"":""ratio""}"
1.0.0,smoke-000353,42,urllc_burst,tv1_smoke_fixed,353,1.187,3.666667,0.0,0.0,0.50292,1.0,25,25,25,25,1187,7579,3,0,"{""throughput_e"":""Mbps"",""delay_u"":""ms"",""drop_u"":""ratio"",""sla_violation"":""ratio"",""fairness"":""index_0_to_1"",""rb_utilization"":""ratio""}"
1.0.0,smoke-000354,42,urllc_burst,tv1_smoke_fixed,354,1.187,4.0,0.0,0.0,0.504501,1.0,25,25,25,25,1187,6029,2,0,"{""throughput_e"":""Mbps"",""delay_u"":""ms"",""drop_u"":""ratio"",""sla_violation"":""ratio"",""fairness"":""index_0_to_1"",""rb_utilization"":""ratio""}"
1.0.0,smoke-000355,42,urllc_burst,tv1_smoke_fixed,355,1.187,5.0,0.0,0.0,0.505236,1.0,25,25,25,25,1187,6029,3,0,"{""throughput_e"":""Mbps"",""delay_u"":""ms"",""drop_u"":""ratio"",""sla_violation"":""ratio"",""fairness"":""index_0_to_1"",""rb_utilization"":""ratio""}"
1.0.0,smoke-000356,42,urllc_burst,tv1_smoke_fixed,356,1.187,5.0,0.714286,0.714286,0.507725,1.0,25,25,25,25,1187,4651,2,5,"{""throughput_e"":""Mbps"",""delay_u"":""ms"",""drop_u"":""ratio"",""sla_violation"":""ratio"",""fairness"":""index_0_to_1"",""rb_utilization"":""ratio""}"
1.0.0,smoke-000357,42,urllc_burst,tv1_smoke_fixed,357,1.895,5.0,0.666667,0.666667,0.51112,1.0,25,25,25,25,1895,4651,1,2,"{""throughput_e"":""Mbps"",""delay_u"":""ms"",""drop_u"":""ratio"",""sla_violation"":""ratio"",""fairness"":""index_0_to_1"",""rb_utilization"":""ratio""}"
1.0.0,smoke-000358,42,urllc_burst,tv1_smoke_fixed,358,1.895,5.0,0.857143,0.857143,0.510622,1.0,25,25,25,25,1895,4651,1,6,"{""throughput_e"":""Mbps"",""delay_u"":""ms"",""drop_u"":""ratio"",""sla_violation"":""ratio"",""fairness"":""index_0_to_1"",""rb_utilization"":""ratio""}"
1.0.0,smoke-000359,42,urllc_burst,tv1_smoke_fixed,359,1.895,5.0,0.833333,0.833333,0.510145,1.0,25,25,25,25,1895,4651,1,5,"{""throughput_e"":""Mbps"",""delay_u"":""ms"",""drop_u"":""ratio"",""sla_violation"":""ratio"",""fairness"":""index_0_to_1"",""rb_utilization"":""ratio""}"
1.0.0,smoke-000360,42,urllc_burst,tv1_smoke_fixed,360,2.762,5.0,0.833333,0.833333,0.516532,1.0,25,25,25,25,2762,4651,1,5,"{""throughput_e"":""Mbps"",""delay_u"":""ms"",""drop_u"":""ratio"",""sla_violation"":""ratio"",""fairness"":""index_0_to_1"",""rb_utilization"":""ratio""}"
1.0.0,smoke-000361,42,urllc_burst,tv1_smoke_fixed,361,2.762,5.0,0.75,0.75,0.517054,1.0,25,25,25,25,2762,4651,1,3,"{""throughput_e"":""Mbps"",""delay_u"":""ms"",""drop_u"":""ratio"",""sla_violation"":""ratio"",""fairness"":""index_0_to_1"",""rb_utilization"":""ratio""}"
1.0.0,smoke-000362,42,urllc_burst,tv1_smoke_fixed,362,2.762,5.0,0.5,0.5,0.518201,1.0,25,25,25,25,2762,4651,1,1,"{""throughput_e"":""Mbps"",""delay_u"":""ms"",""drop_u"":""ratio"",""sla_violation"":""ratio"",""fairness"":""index_0_to_1"",""rb_utilization"":""ratio""}"
1.0.0,smoke-000363,42,urllc_burst,tv1_smoke_fixed,363,2.762,5.0,0.833333,0.833333,0.519319,1.0,25,25,25,25,2762,4651,1,5,"{""throughput_e"":""Mbps"",""delay_u"":""ms"",""drop_u"":""ratio"",""sla_violation"":""ratio"",""fairness"":""index_0_to_1"",""rb_utilization"":""ratio""}"
1.0.0,smoke-000364,42,urllc_burst,tv1_smoke_fixed,364,2.762,5.0,0.888889,0.888889,0.520382,1.0,25,25,25,25,2762,4651,1,8,"{""throughput_e"":""Mbps"",""delay_u"":""ms"",""drop_u"":""ratio"",""sla_violation"":""ratio"",""fairness"":""index_0_to_1"",""rb_utilization"":""ratio""}"
1.0.0,smoke-000365,42,urllc_burst,tv1_smoke_fixed,365,1.895,5.0,0.857143,0.857143,0.513499,1.0,25,25,25,25,1895,4651,1,6,"{""throughput_e"":""Mbps"",""delay_u"":""ms"",""drop_u"":""ratio"",""sla_violation"":""ratio"",""fairness"":""index_0_to_1"",""rb_utilization"":""ratio""}"
1.0.0,smoke-000366,42,urllc_burst,tv1_smoke_fixed,366,1.895,5.0,0.833333,0.833333,0.513449,1.0,25,25,25,25,1895,4651,1,5,"{""throughput_e"":""Mbps"",""delay_u"":""ms"",""drop_u"":""ratio"",""sla_violation"":""ratio"",""fairness"":""index_0_to_1"",""rb_utilization"":""ratio""}"
1.0.0,smoke-000367,42,urllc_burst,tv1_smoke_fixed,367,2.762,5.0,0.75,0.75,0.51949,1.0,25,25,25,25,2762,4651,1,3,"{""throughput_e"":""Mbps"",""delay_u"":""ms"",""drop_u"":""ratio"",""sla_violation"":""ratio"",""fairness"":""index_0_to_1"",""rb_utilization"":""ratio""}"
1.0.0,smoke-000368,42,urllc_burst,tv1_smoke_fixed,368,2.762,5.0,0.875,0.875,0.52112,1.0,25,25,25,25,2762,4651,1,7,"{""throughput_e"":""Mbps"",""delay_u"":""ms"",""drop_u"":""ratio"",""sla_violation"":""ratio"",""fairness"":""index_0_to_1"",""rb_utilization"":""ratio""}"
1.0.0,smoke-000369,42,urllc_burst,tv1_smoke_fixed,369,2.762,5.0,0.875,0.875,0.519838,1.0,25,25,25,25,2762,4651,1,7,"{""throughput_e"":""Mbps"",""delay_u"":""ms"",""drop_u"":""ratio"",""sla_violation"":""ratio"",""fairness"":""index_0_to_1"",""rb_utilization"":""ratio""}"
1.0.0,smoke-000370,42,urllc_burst,tv1_smoke_fixed,370,2.762,5.0,0.857143,0.857143,0.515078,1.0,25,25,25,25,2762,4651,1,6,"{""throughput_e"":""Mbps"",""delay_u"":""ms"",""drop_u"":""ratio"",""sla_violation"":""ratio"",""fairness"":""index_0_to_1"",""rb_utilization"":""ratio""}"
1.0.0,smoke-000371,42,urllc_burst,tv1_smoke_fixed,371,2.762,5.0,0.833333,0.833333,0.514487,1.0,25,25,25,25,2762,3703,1,5,"{""throughput_e"":""Mbps"",""delay_u"":""ms"",""drop_u"":""ratio"",""sla_violation"":""ratio"",""fairness"":""index_0_to_1"",""rb_utilization"":""ratio""}"
1.0.0,smoke-000372,42,urllc_burst,tv1_smoke_fixed,372,2.762,5.0,0.857143,0.857143,0.514507,1.0,25,25,25,25,2762,2762,1,6,"{""throughput_e"":""Mbps"",""delay_u"":""ms"",""drop_u"":""ratio"",""sla_violation"":""ratio"",""fairness"":""index_0_to_1"",""rb_utilization"":""ratio""}"
1.0.0,smoke-000373,42,urllc_burst,tv1_smoke_fixed,373,2.762,5.0,0.833333,0.833333,0.509631,1.0,25,25,25,25,2762,2762,1,5,"{""throughput_e"":""Mbps"",""delay_u"":""ms"",""drop_u"":""ratio"",""sla_violation"":""ratio"",""fairness"":""index_0_to_1"",""rb_utilization"":""ratio""}"
1.0.0,smoke-000374,42,urllc_burst,tv1_smoke_fixed,374,2.762,4.0,0.0,0.0,0.502862,1.0,25,25,25,25,2762,3703,1,0,"{""throughput_e"":""Mbps"",""delay_u"":""ms"",""drop_u"":""ratio"",""sla_violation"":""ratio"",""fairness"":""index_0_to_1"",""rb_utilization"":""ratio""}"
1.0.0,smoke-000375,42,urllc_burst,tv1_smoke_fixed,375,2.762,3.5,0.0,0.0,0.501446,1.0,25,25,25,25,2762,4651,2,0,"{""throughput_e"":""Mbps"",""delay_u"":""ms"",""drop_u"":""ratio"",""sla_violation"":""ratio"",""fairness"":""index_0_to_1"",""rb_utilization"":""ratio""}"
1.0.0,smoke-000376,42,urllc_burst,tv1_smoke_fixed,376,2.762,2.5,0.0,0.0,0.501024,0.98,25,25,25,24,2762,4446,2,0,"{""throughput_e"":""Mbps"",""delay_u"":""ms"",""drop_u"":""ratio"",""sla_violation"":""ratio"",""fairness"":""index_0_to_1"",""rb_utilization"":""ratio""}"
1.0.0,smoke-000377,42,urllc_burst,tv1_smoke_fixed,377,3.703,0.0,0.0,0.0,0.501368,0.5,25,25,25,0,3703,0,0,0,"{""throughput_e"":""Mbps"",""delay_u"":""ms"",""drop_u"":""ratio"",""sla_violation"":""ratio"",""fairness"":""index_0_to_1"",""rb_utilization"":""ratio""}"
1.0.0,smoke-000378,42,urllc_burst,tv1_smoke_fixed,378,3.703,1.0,0.0,0.0,0.501361,0.72,25,25,25,11,3703,2560,1,0,"{""throughput_e"":""Mbps"",""delay_u"":""ms"",""drop_u"":""ratio"",""sla_violation"":""ratio"",""fairness"":""index_0_to_1"",""rb_utilization"":""ratio""}"
1.0.0,smoke-000379,42,urllc_burst,tv1_smoke_fixed,379,3.703,1.0,0.0,0.0,0.501354,0.94,25,25,25,22,3703,5120,2,0,"{""throughput_e"":""Mbps"",""delay_u"":""ms"",""drop_u"":""ratio"",""sla_violation"":""ratio"",""fairness"":""index_0_to_1"",""rb_utilization"":""ratio""}"
1.0.0,smoke-000380,42,urllc_burst,tv1_smoke_fixed,380,4.651,1.0,0.0,0.0,0.501693,0.84,25,25,25,17,4651,5120,2,0,"{""throughput_e"":""Mbps"",""delay_u"":""ms"",""drop_u"":""ratio"",""sla_violation"":""ratio"",""fairness"":""index_0_to_1"",""rb_utilization"":""ratio""}"
1.0.0,smoke-000381,42,urllc_burst,tv1_smoke_fixed,381,4.651,1.0,0.0,0.0,0.501687,0.84,25,25,25,17,4651,5120,2,0,"{""throughput_e"":""Mbps"",""delay_u"":""ms"",""drop_u"":""ratio"",""sla_violation"":""ratio"",""fairness"":""index_0_to_1"",""rb_utilization"":""ratio""}"
1.0.0,smoke-000382,42,urllc_burst,tv1_smoke_fixed,382,4.651,1.0,0.0,0.0,0.501702,1.0,25,25,25,25,4651,7579,2,0,"{""throughput_e"":""Mbps"",""delay_u"":""ms"",""drop_u"":""ratio"",""sla_violation"":""ratio"",""fairness"":""index_0_to_1"",""rb_utilization"":""ratio""}"
1.0.0,smoke-000383,42,urllc_burst,tv1_smoke_fixed,383,3.703,1.333333,0.0,0.0,0.501367,1.0,25,25,25,25,3703,7579,3,0,"{""throughput_e"":""Mbps"",""delay_u"":""ms"",""drop_u"":""ratio"",""sla_violation"":""ratio"",""fairness"":""index_0_to_1"",""rb_utilization"":""ratio""}"
1.0.0,smoke-000384,42,urllc_burst,tv1_smoke_fixed,384,3.703,2.0,0.0,0.0,0.501326,0.52,25,25,25,1,3703,202,1,0,"{""throughput_e"":""Mbps"",""delay_u"":""ms"",""drop_u"":""ratio"",""sla_violation"":""ratio"",""fairness"":""index_0_to_1"",""rb_utilization"":""ratio""}"
1.0.0,smoke-000385,42,urllc_burst,tv1_smoke_fixed,385,3.703,1.0,0.0,0.0,0.501319,0.68,25,25,25,9,3703,2560,1,0,"{""throughput_e"":""Mbps"",""delay_u"":""ms"",""drop_u"":""ratio"",""sla_violation"":""ratio"",""fairness"":""index_0_to_1"",""rb_utilization"":""ratio""}"
1.0.0,smoke-000386,42,urllc_burst,tv1_smoke_fixed,386,2.762,1.0,0.0,0.0,0.50098,0.84,25,25,25,17,2762,5120,2,0,"{""throughput_e"":""Mbps"",""delay_u"":""ms"",""drop_u"":""ratio"",""sla_violation"":""ratio"",""fairness"":""index_0_to_1"",""rb_utilization"":""ratio""}"
1.0.0,smoke-000387,42,urllc_burst,tv1_smoke_fixed,387,2.762,0.0,0.0,0.0,0.500976,0.5,25,25,25,0,2762,0,0,0,"{""throughput_e"":""Mbps"",""delay_u"":""ms"",""drop_u"":""ratio"",""sla_violation"":""ratio"",""fairness"":""index_0_to_1"",""rb_utilization"":""ratio""}"
1.0.0,smoke-000388,42,urllc_burst,tv1_smoke_fixed,388,2.762,1.0,0.0,0.0,0.500972,0.84,25,25,25,17,2762,5120,2,0,"{""throughput_e"":""Mbps"",""delay_u"":""ms"",""drop_u"":""ratio"",""sla_violation"":""ratio"",""fairness"":""index_0_to_1"",""rb_utilization"":""ratio""}"
1.0.0,smoke-000389,42,urllc_burst,tv1_smoke_fixed,389,2.762,1.0,0.0,0.0,0.500965,0.68,25,25,25,9,2762,2560,1,0,"{""throughput_e"":""Mbps"",""delay_u"":""ms"",""drop_u"":""ratio"",""sla_violation"":""ratio"",""fairness"":""index_0_to_1"",""rb_utilization"":""ratio""}"
1.0.0,smoke-000390,42,urllc_burst,tv1_smoke_fixed,390,2.762,1.0,0.0,0.0,0.50096,0.68,25,25,25,9,2762,2560,1,0,"{""throughput_e"":""Mbps"",""delay_u"":""ms"",""drop_u"":""ratio"",""sla_violation"":""ratio"",""fairness"":""index_0_to_1"",""rb_utilization"":""ratio""}"
1.0.0,smoke-000391,42,urllc_burst,tv1_smoke_fixed,391,2.762,0.0,0.0,0.0,0.500956,0.5,25,25,25,0,2762,0,0,0,"{""throughput_e"":""Mbps"",""delay_u"":""ms"",""drop_u"":""ratio"",""sla_violation"":""ratio"",""fairness"":""index_0_to_1"",""rb_utilization"":""ratio""}"
1.0.0,smoke-000392,42,urllc_burst,tv1_smoke_fixed,392,2.762,1.0,0.0,0.0,0.500951,0.68,25,25,25,9,2762,2560,1,0,"{""throughput_e"":""Mbps"",""delay_u"":""ms"",""drop_u"":""ratio"",""sla_violation"":""ratio"",""fairness"":""index_0_to_1"",""rb_utilization"":""ratio""}"
1.0.0,smoke-000393,42,urllc_burst,tv1_smoke_fixed,393,3.703,1.0,0.0,0.0,0.501287,1.0,25,25,25,25,3703,7579,2,0,"{""throughput_e"":""Mbps"",""delay_u"":""ms"",""drop_u"":""ratio"",""sla_violation"":""ratio"",""fairness"":""index_0_to_1"",""rb_utilization"":""ratio""}"
1.0.0,smoke-000394,42,urllc_burst,tv1_smoke_fixed,394,2.762,2.0,0.0,0.0,0.500943,0.52,25,25,25,1,2762,101,1,0,"{""throughput_e"":""Mbps"",""delay_u"":""ms"",""drop_u"":""ratio"",""sla_violation"":""ratio"",""fairness"":""index_0_to_1"",""rb_utilization"":""ratio""}"
1.0.0,smoke-000395,42,urllc_burst,tv1_smoke_fixed,395,2.762,0.0,0.0,0.0,0.500938,0.5,25,25,25,0,2762,0,0,0,"{""throughput_e"":""Mbps"",""delay_u"":""ms"",""drop_u"":""ratio"",""sla_violation"":""ratio"",""fairness"":""index_0_to_1"",""rb_utilization"":""ratio""}"
1.0.0,smoke-000396,42,urllc_burst,tv1_smoke_fixed,396,2.762,1.0,0.0,0.0,0.50119,1.0,25,25,25,25,2762,6029,2,0,"{""throughput_e"":""Mbps"",""delay_u"":""ms"",""drop_u"":""ratio"",""sla_violation"":""ratio"",""fairness"":""index_0_to_1"",""rb_utilization"":""ratio""}"
1.0.0,smoke-000397,42,urllc_burst,tv1_smoke_fixed,397,2.762,1.5,0.0,0.0,0.500931,0.86,25,25,25,18,2762,4211,2,0,"{""throughput_e"":""Mbps"",""delay_u"":""ms"",""drop_u"":""ratio"",""sla_violation"":""ratio"",""fairness"":""index_0_to_1"",""rb_utilization"":""ratio""}"
1.0.0,smoke-000398,42,urllc_burst,tv1_smoke_fixed,398,3.703,1.0,0.0,0.0,0.501242,0.72,25,25,25,11,3703,2560,1,0,"{""throughput_e"":""Mbps"",""delay_u"":""ms"",""drop_u"":""ratio"",""sla_violation"":""ratio"",""fairness"":""index_0_to_1"",""rb_utilization"":""ratio""}"
1.0.0,smoke-000399,42,urllc_burst,tv1_smoke_fixed,399,3.703,0.0,0.0,0.0,0.501236,0.5,25,25,25,0,3703,0,0,0,"{""throughput_e"":""Mbps"",""delay_u"":""ms"",""drop_u"":""ratio"",""sla_violation"":""ratio"",""fairness"":""index_0_to_1"",""rb_utilization"":""ratio""}"
1.0.0,smoke-000400,42,urllc_burst,tv1_smoke_fixed,400,3.703,1.0,0.0,0.0,0.501231,0.94,25,25,25,22,3703,5120,2,0,"{""throughput_e"":""Mbps"",""delay_u"":""ms"",""drop_u"":""ratio"",""sla_violation"":""ratio"",""fairness"":""index_0_to_1"",""rb_utilization"":""ratio""}"
1.0.0,smoke-000401,42,urllc_burst,tv1_smoke_fixed,401,3.703,1.0,0.0,0.0,0.501561,1.0,25,25,25,25,3703,6029,2,0,"{""throughput_e"":""Mbps"",""delay_u"":""ms"",""drop_u"":""ratio"",""sla_violation"":""ratio"",""fairness"":""index_0_to_1"",""rb_utilization"":""ratio""}"
1.0.0,smoke-000402,42,urllc_burst,tv1_smoke_fixed,402,2.762,1.5,0.0,0.0,0.501022,1.0,25,25,25,25,2762,6029,2,0,"{""throughput_e"":""Mbps"",""delay_u"":""ms"",""drop_u"":""ratio"",""sla_violation"":""ratio"",""fairness"":""index_0_to_1"",""rb_utilization"":""ratio""}"
1.0.0,smoke-000403,42,urllc_burst,tv1_smoke_fixed,403,3.703,1.5,0.0,0.0,0.501214,0.86,25,25,25,18,3703,3302,2,0,"{""throughput_e"":""Mbps"",""delay_u"":""ms"",""drop_u"":""ratio"",""sla_violation"":""ratio"",""fairness"":""index_0_to_1"",""rb_utilization"":""ratio""}"
1.0.0,smoke-000404,42,urllc_burst,tv1_smoke_fixed,404,3.703,0.0,0.0,0.0,0.50121,0.5,25,25,25,0,3703,0,0,0,"{""throughput_e"":""Mbps"",""delay_u"":""ms"",""drop_u"":""ratio"",""sla_violation"":""ratio"",""fairness"":""index_0_to_1"",""rb_utilization"":""ratio""}"
1.0.0,smoke-000405,42,urllc_burst,tv1_smoke_fixed,405,3.703,1.0,0.0,0.0,0.501536,1.0,25,25,25,25,3703,6029,2,0,"{""throughput_e"":""Mbps"",""delay_u"":""ms"",""drop_u"":""ratio"",""sla_violation"":""ratio"",""fairness"":""index_0_to_1"",""rb_utilization"":""ratio""}"
1.0.0,smoke-000406,42,urllc_burst,tv1_smoke_fixed,406,3.703,2.0,0.0,0.0,0.501201,0.64,25,25,25,7,3703,1651,1,0,"{""throughput_e"":""Mbps"",""delay_u"":""ms"",""drop_u"":""ratio"",""sla_violation"":""ratio"",""fairness"":""index_0_to_1"",""rb_utilization"":""ratio""}"
1.0.0,smoke-000407,42,urllc_burst,tv1_smoke_fixed,407,2.762,1.0,0.0,0.0,0.500892,0.72,25,25,25,11,2762,2560,1,0,"{""throughput_e"":""Mbps"",""delay_u"":""ms"",""drop_u"":""ratio"",""sla_violation"":""ratio"",""fairness"":""index_0_to_1"",""rb_utilization"":""ratio""}"
1.0.0,smoke-000408,42,urllc_burst,tv1_smoke_fixed,408,3.703,0.0,0.0,0.0,0.50119,0.5,25,25,25,0,3703,0,0,0,"{""throughput_e"":""Mbps"",""delay_u"":""ms"",""drop_u"":""ratio"",""sla_violation"":""ratio"",""fairness"":""index_0_to_1"",""rb_utilization"":""ratio""}"
1.0.0,smoke-000409,42,urllc_burst,tv1_smoke_fixed,409,3.703,1.0,0.0,0.0,0.501601,1.0,25,25,25,25,3703,7579,2,0,"{""throughput_e"":""Mbps"",""delay_u"":""ms"",""drop_u"":""ratio"",""sla_violation"":""ratio"",""fairness"":""index_0_to_1"",""rb_utilization"":""ratio""}"
1.0.0,smoke-000410,42,urllc_burst,tv1_smoke_fixed,410,3.703,2.0,0.0,0.0,0.501181,0.74,25,25,25,12,3703,2661,2,0,"{""throughput_e"":""Mbps"",""delay_u"":""ms"",""drop_u"":""ratio"",""sla_violation"":""ratio"",""fairness"":""index_0_to_1"",""rb_utilization"":""ratio""}"
1.0.0,smoke-000411,42,urllc_burst,tv1_smoke_fixed,411,3.703,1.0,0.0,0.0,0.501175,0.78,25,25,25,14,3703,2560,1,0,"{""throughput_e"":""Mbps"",""delay_u"":""ms"",""drop_u"":""ratio"",""sla_violation"":""ratio"",""fairness"":""index_0_to_1"",""rb_utilization"":""ratio""}"
1.0.0,smoke-000412,42,urllc_burst,tv1_smoke_fixed,412,3.703,0.0,0.0,0.0,0.501171,0.5,25,25,25,0,3703,0,0,0,"{""throughput_e"":""Mbps"",""delay_u"":""ms"",""drop_u"":""ratio"",""sla_violation"":""ratio"",""fairness"":""index_0_to_1"",""rb_utilization"":""ratio""}"
1.0.0,smoke-000413,42,urllc_burst,tv1_smoke_fixed,413,3.703,1.0,0.0,0.0,0.501166,0.78,25,25,25,14,3703,2560,1,0,"{""throughput_e"":""Mbps"",""delay_u"":""ms"",""drop_u"":""ratio"",""sla_violation"":""ratio"",""fairness"":""index_0_to_1"",""rb_utilization"":""ratio""}"
1.0.0,smoke-000414,42,urllc_burst,tv1_smoke_fixed,414,3.703,0.0,0.0,0.0,0.501161,0.5,25,25,25,0,3703,0,0,0,"{""throughput_e"":""Mbps"",""delay_u"":""ms"",""drop_u"":""ratio"",""sla_violation"":""ratio"",""fairness"":""index_0_to_1"",""rb_utilization"":""ratio""}"
1.0.0,smoke-000415,42,urllc_burst,tv1_smoke_fixed,415,3.703,0.0,0.0,0.0,0.501156,0.5,25,25,25,0,3703,0,0,0,"{""throughput_e"":""Mbps"",""delay_u"":""ms"",""drop_u"":""ratio"",""sla_violation"":""ratio"",""fairness"":""index_0_to_1"",""rb_utilization"":""ratio""}"
1.0.0,smoke-000416,42,urllc_burst,tv1_smoke_fixed,416,3.703,1.0,0.0,0.0,0.501592,1.0,25,25,25,25,3703,3703,1,0,"{""throughput_e"":""Mbps"",""delay_u"":""ms"",""drop_u"":""ratio"",""sla_violation"":""ratio"",""fairness"":""index_0_to_1"",""rb_utilization"":""ratio""}"
1.0.0,smoke-000417,42,urllc_burst,tv1_smoke_fixed,417,3.703,2.0,0.0,0.0,0.501652,1.0,25,25,25,25,3703,2762,1,0,"{""throughput_e"":""Mbps"",""delay_u"":""ms"",""drop_u"":""ratio"",""sla_violation"":""ratio"",""fairness"":""index_0_to_1"",""rb_utilization"":""ratio""}"
1.0.0,smoke-000418,42,urllc_burst,tv1_smoke_fixed,418,3.703,2.0,0.0,0.0,0.503816,1.0,25,25,25,25,3703,1895,1,0,"{""throughput_e"":""Mbps"",""delay_u"":""ms"",""drop_u"":""ratio"",""sla_violation"":""ratio"",""fairness"":""index_0_to_1"",""rb_utilization"":""ratio""}"
1.0.0,smoke-000419,42,urllc_burst,tv1_smoke_fixed,419,3.703,2.0,0.0,0.0,0.502664,1.0,25,25,25,25,3703,1895,1,0,"{""throughput_e"":""Mbps"",""delay_u"":""ms"",""drop_u"":""ratio"",""sla_violation"":""ratio"",""fairness"":""index_0_to_1"",""rb_utilization"":""ratio""}"
1.0.0,smoke-000420,42,urllc_burst,tv1_smoke_fixed,420,3.703,3.0,0.0,0.0,0.503141,1.0,25,25,25,25,3703,2762,1,0,"{""throughput_e"":""Mbps"",""delay_u"":""ms"",""drop_u"":""ratio"",""sla_violation"":""ratio"",""fairness"":""index_0_to_1"",""rb_utilization"":""ratio""}"
1.0.0,smoke-000421,42,urllc_burst,tv1_smoke_fixed,421,3.703,2.0,0.0,0.0,0.504091,1.0,25,25,25,25,3703,2762,1,0,"{""throughput_e"":""Mbps"",""delay_u"":""ms"",""drop_u"":""ratio"",""sla_violation"":""ratio"",""fairness"":""index_0_to_1"",""rb_utilization"":""ratio""}"
1.0.0,smoke-000422,42,urllc_burst,tv1_smoke_fixed,422,3.703,3.0,0.0,0.0,0.503991,1.0,25,25,25,25,3703,2762,1,0,"{""throughput_e"":""Mbps"",""delay_u"":""ms"",""drop_u"":""ratio"",""sla_violation"":""ratio"",""fairness"":""index_0_to_1"",""rb_utilization"":""ratio""}"
1.0.0,smoke-000423,42,urllc_burst,tv1_smoke_fixed,423,3.703,3.0,0.0,0.0,0.503897,1.0,25,25,25,25,3703,2762,1,0,"{""throughput_e"":""Mbps"",""delay_u"":""ms"",""drop_u"":""ratio"",""sla_violation"":""ratio"",""fairness"":""index_0_to_1"",""rb_utilization"":""ratio""}"
1.0.0,smoke-000424,42,urllc_burst,tv1_smoke_fixed,424,4.651,4.0,0.0,0.0,0.503475,1.0,25,25,25,25,4651,2762,1,0,"{""throughput_e"":""Mbps"",""delay_u"":""ms"",""drop_u"":""ratio"",""sla_violation"":""ratio"",""fairness"":""index_0_to_1"",""rb_utilization"":""ratio""}"
1.0.0,smoke-000425,42,urllc_burst,tv1_smoke_fixed,425,4.651,4.0,0.0,0.0,0.504651,1.0,25,25,25,25,4651,2762,1,0,"{""throughput_e"":""Mbps"",""delay_u"":""ms"",""drop_u"":""ratio"",""sla_violation"":""ratio"",""fairness"":""index_0_to_1"",""rb_utilization"":""ratio""}"
1.0.0,smoke-000426,42,urllc_burst,tv1_smoke_fixed,426,4.651,4.0,0.0,0.0,0.503243,1.0,25,25,25,25,4651,2762,1,0,"{""throughput_e"":""Mbps"",""delay_u"":""ms"",""drop_u"":""ratio"",""sla_violation"":""ratio"",""fairness"":""index_0_to_1"",""rb_utilization"":""ratio""}"
1.0.0,smoke-000427,42,urllc_burst,tv1_smoke_fixed,427,4.651,3.0,0.0,0.0,0.506433,1.0,25,25,25,25,4651,1895,1,0,"{""throughput_e"":""Mbps"",""delay_u"":""ms"",""drop_u"":""ratio"",""sla_violation"":""ratio"",""fairness"":""index_0_to_1"",""rb_utilization"":""ratio""}"
1.0.0,smoke-000428,42,urllc_burst,tv1_smoke_fixed,428,4.651,4.0,0.0,0.0,0.5069,1.0,25,25,25,25,4651,1895,1,0,"{""throughput_e"":""Mbps"",""delay_u"":""ms"",""drop_u"":""ratio"",""sla_violation"":""ratio"",""fairness"":""index_0_to_1"",""rb_utilization"":""ratio""}"
1.0.0,smoke-000429,42,urllc_burst,tv1_smoke_fixed,429,4.651,0.0,0.0,0.0,0.507351,1.0,25,25,25,25,4651,1895,0,0,"{""throughput_e"":""Mbps"",""delay_u"":""ms"",""drop_u"":""ratio"",""sla_violation"":""ratio"",""fairness"":""index_0_to_1"",""rb_utilization"":""ratio""}"
1.0.0,smoke-000430,42,urllc_burst,tv1_smoke_fixed,430,4.651,4.0,0.0,0.0,0.505955,1.0,25,25,25,25,4651,1895,1,0,"{""throughput_e"":""Mbps"",""delay_u"":""ms"",""drop_u"":""ratio"",""sla_violation"":""ratio"",""fairness"":""index_0_to_1"",""rb_utilization"":""ratio""}"
1.0.0,smoke-000431,42,urllc_burst,tv1_smoke_fixed,431,4.651,5.0,0.0,0.0,0.506413,1.0,25,25,25,25,4651,1895,1,0,"{""throughput_e"":""Mbps"",""delay_u"":""ms"",""drop_u"":""ratio"",""sla_violation"":""ratio"",""fairness"":""index_0_to_1"",""rb_utilization"":""ratio""}"
1.0.0,smoke-000432,42,urllc_burst,tv1_smoke_fixed,432,4.651,0.0,1.0,1.0,0.505036,1.0,25,25,25,25,4651,1895,0,1,"{""throughput_e"":""Mbps"",""delay_u"":""ms"",""drop_u"":""ratio"",""sla_violation"":""ratio"",""fairness"":""index_0_to_1"",""rb_utilization"":""ratio""}"
1.0.0,smoke-000433,42,urllc_burst,tv1_smoke_fixed,433,4.651,0.0,1.0,1.0,0.508774,1.0,25,25,25,25,4651,1187,0,1,"{""throughput_e"":""Mbps"",""delay_u"":""ms"",""drop_u"":""ratio"",""sla_violation"":""ratio"",""fairness"":""index_0_to_1"",""rb_utilization"":""ratio""}"
1.0.0,smoke-000434,42,urllc_burst,tv1_smoke_fixed,434,4.651,0.0,0.0,0.0,0.505825,1.0,25,25,25,25,4651,1187,0,0,"{""throughput_e"":""Mbps"",""delay_u"":""ms"",""drop_u"":""ratio"",""sla_violation"":""ratio"",""fairness"":""index_0_to_1"",""rb_utilization"":""ratio""}"
1.0.0,smoke-000435,42,urllc_burst,tv1_smoke_fixed,435,4.651,5.0,0.0,0.0,0.502794,1.0,25,25,25,25,4651,1895,1,0,"{""throughput_e"":""Mbps"",""delay_u"":""ms"",""drop_u"":""ratio"",""sla_violation"":""ratio"",""fairness"":""index_0_to_1"",""rb_utilization"":""ratio""}"
1.0.0,smoke-000436,42,urllc_burst,tv1_smoke_fixed,436,4.651,0.0,0.0,0.0,0.503254,1.0,25,25,25,25,4651,1895,0,0,"{""throughput_e"":""Mbps"",""delay_u"":""ms"",""drop_u"":""ratio"",""sla_violation"":""ratio"",""fairness"":""index_0_to_1"",""rb_utilization"":""ratio""}"
1.0.0,smoke-000437,42,urllc_burst,tv1_smoke_fixed,437,4.651,5.0,0.0,0.0,0.503715,1.0,25,25,25,25,4651,1895,1,0,"{""throughput_e"":""Mbps"",""delay_u"":""ms"",""drop_u"":""ratio"",""sla_violation"":""ratio"",""fairness"":""index_0_to_1"",""rb_utilization"":""ratio""}"
1.0.0,smoke-000438,42,urllc_burst,tv1_smoke_fixed,438,4.651,3.0,0.0,0.0,0.505977,1.0,25,25,25,25,4651,1895,1,0,"{""throughput_e"":""Mbps"",""delay_u"":""ms"",""drop_u"":""ratio"",""sla_violation"":""ratio"",""fairness"":""index_0_to_1"",""rb_utilization"":""ratio""}"
1.0.0,smoke-000439,42,urllc_burst,tv1_smoke_fixed,439,4.651,3.0,0.0,0.0,0.506433,1.0,25,25,25,25,4651,1895,1,0,"{""throughput_e"":""Mbps"",""delay_u"":""ms"",""drop_u"":""ratio"",""sla_violation"":""ratio"",""fairness"":""index_0_to_1"",""rb_utilization"":""ratio""}"
1.0.0,smoke-000440,42,urllc_burst,tv1_smoke_fixed,440,3.703,0.0,0.0,0.0,0.511037,1.0,25,25,25,25,3703,1187,0,0,"{""throughput_e"":""Mbps"",""delay_u"":""ms"",""drop_u"":""ratio"",""sla_violation"":""ratio"",""fairness"":""index_0_to_1"",""rb_utilization"":""ratio""}"
1.0.0,smoke-000441,42,urllc_burst,tv1_smoke_fixed,441,3.703,4.0,0.0,0.0,0.514489,1.0,25,25,25,25,3703,1187,1,0,"{""throughput_e"":""Mbps"",""delay_u"":""ms"",""drop_u"":""ratio"",""sla_violation"":""ratio"",""fairness"":""index_0_to_1"",""rb_utilization"":""ratio""}"
1.0.0,smoke-000442,42,urllc_burst,tv1_smoke_fixed,442,3.703,0.0,1.0,1.0,0.515662,1.0,25,25,25,25,3703,1187,0,1,"{""throughput_e"":""Mbps"",""delay_u"":""ms"",""drop_u"":""ratio"",""sla_violation"":""ratio"",""fairness"":""index_0_to_1"",""rb_utilization"":""ratio""}"
1.0.0,smoke-000443,42,urllc_burst,tv1_smoke_fixed,443,3.703,0.0,1.0,1.0,0.515824,1.0,25,25,25,25,3703,1187,0,1,"{""throughput_e"":""Mbps"",""delay_u"":""ms"",""drop_u"":""ratio"",""sla_violation"":""ratio"",""fairness"":""index_0_to_1"",""rb_utilization"":""ratio""}"
1.0.0,smoke-000444,42,urllc_burst,tv1_smoke_fixed,444,2.762,0.0,1.0,1.0,0.510081,1.0,25,25,25,25,2762,1187,0,2,"{""throughput_e"":""Mbps"",""delay_u"":""ms"",""drop_u"":""ratio"",""sla_violation"":""ratio"",""fairness"":""index_0_to_1"",""rb_utilization"":""ratio""}"
1.0.0,smoke-000445,42,urllc_burst,tv1_smoke_fixed,445,2.762,0.0,1.0,1.0,0.506696,1.0,25,25,25,25,2762,1187,0,2,"{""throughput_e"":""Mbps"",""delay_u"":""ms"",""drop_u"":""ratio"",""sla_violation"":""ratio"",""fairness"":""index_0_to_1"",""rb_utilization"":""ratio""}"
1.0.0,smoke-000446,42,urllc_burst,tv1_smoke_fixed,446,2.762,0.0,1.0,1.0,0.505001,1.0,25,25,25,25,2762,1187,0,1,"{""throughput_e"":""Mbps"",""delay_u"":""ms"",""drop_u"":""ratio"",""sla_violation"":""ratio"",""fairness"":""index_0_to_1"",""rb_utilization"":""ratio""}"
1.0.0,smoke-000447,42,urllc_burst,tv1_smoke_fixed,447,3.703,0.0,1.0,1.0,0.506969,1.0,25,25,25,25,3703,1895,0,1,"{""throughput_e"":""Mbps"",""delay_u"":""ms"",""drop_u"":""ratio"",""sla_violation"":""ratio"",""fairness"":""index_0_to_1"",""rb_utilization"":""ratio""}"
1.0.0,smoke-000448,42,urllc_burst,tv1_smoke_fixed,448,3.703,0.0,0.0,0.0,0.508868,1.0,25,25,25,25,3703,1187,0,0,"{""throughput_e"":""Mbps"",""delay_u"":""ms"",""drop_u"":""ratio"",""sla_violation"":""ratio"",""fairness"":""index_0_to_1"",""rb_utilization"":""ratio""}"
1.0.0,smoke-000449,42,urllc_burst,tv1_smoke_fixed,449,3.703,0.0,0.0,0.0,0.51002,1.0,25,25,25,25,3703,1187,0,0,"{""throughput_e"":""Mbps"",""delay_u"":""ms"",""drop_u"":""ratio"",""sla_violation"":""ratio"",""fairness"":""index_0_to_1"",""rb_utilization"":""ratio""}"
1.0.0,smoke-000450,42,urllc_burst,tv1_smoke_fixed,450,2.762,5.0,0.0,0.0,0.521459,1.0,25,25,25,25,2762,1187,1,0,"{""throughput_e"":""Mbps"",""delay_u"":""ms"",""drop_u"":""ratio"",""sla_violation"":""ratio"",""fairness"":""index_0_to_1"",""rb_utilization"":""ratio""}"
1.0.0,smoke-000451,42,urllc_burst,tv1_smoke_fixed,451,2.762,5.0,0.666667,0.666667,0.518037,1.0,25,25,25,25,2762,1895,1,2,"{""throughput_e"":""Mbps"",""delay_u"":""ms"",""drop_u"":""ratio"",""sla_violation"":""ratio"",""fairness"":""index_0_to_1"",""rb_utilization"":""ratio""}"
1.0.0,smoke-000452,42,urllc_burst,tv1_smoke_fixed,452,2.762,0.0,0.0,0.0,0.521433,1.0,25,25,25,25,2762,1895,0,0,"{""throughput_e"":""Mbps"",""delay_u"":""ms"",""drop_u"":""ratio"",""sla_violation"":""ratio"",""fairness"":""index_0_to_1"",""rb_utilization"":""ratio""}"
1.0.0,smoke-000453,42,urllc_burst,tv1_smoke_fixed,453,2.762,5.0,0.0,0.0,0.529756,1.0,25,25,25,25,2762,1895,1,0,"{""throughput_e"":""Mbps"",""delay_u"":""ms"",""drop_u"":""ratio"",""sla_violation"":""ratio"",""fairness"":""index_0_to_1"",""rb_utilization"":""ratio""}"
1.0.0,smoke-000454,42,urllc_burst,tv1_smoke_fixed,454,3.703,5.0,0.888889,0.888889,0.549552,1.0,25,25,25,25,3703,1895,1,8,"{""throughput_e"":""Mbps"",""delay_u"":""ms"",""drop_u"":""ratio"",""sla_violation"":""ratio"",""fairness"":""index_0_to_1"",""rb_utilization"":""ratio""}"
1.0.0,smoke-000455,42,urllc_burst,tv1_smoke_fixed,455,4.651,5.0,0.8,0.8,0.53733,1.0,25,25,25,25,4651,2762,1,4,"{""throughput_e"":""Mbps"",""delay_u"":""ms"",""drop_u"":""ratio"",""sla_violation"":""ratio"",""fairness"":""index_0_to_1"",""rb_utilization"":""ratio""}"
1.0.0,smoke-000456,42,urllc_burst,tv1_smoke_fixed,456,4.651,5.0,0.833333,0.833333,0.544168,1.0,25,25,25,25,4651,2762,1,5,"{""throughput_e"":""Mbps"",""delay_u"":""ms"",""drop_u"":""ratio"",""sla_violation"":""ratio"",""fairness"":""index_0_to_1"",""rb_utilization"":""ratio""}"
1.0.0,smoke-000457,42,urllc_burst,tv1_smoke_fixed,457,4.651,0.0,1.0,1.0,0.570721,1.0,25,25,25,25,4651,1895,0,9,"{""throughput_e"":""Mbps"",""delay_u"":""ms"",""drop_u"":""ratio"",""sla_violation"":""ratio"",""fairness"":""index_0_to_1"",""rb_utilization"":""ratio""}"
1.0.0,smoke-000458,42,urllc_burst,tv1_smoke_fixed,458,6.029,0.0,1.0,1.0,0.582641,1.0,25,25,25,25,6029,1895,0,8,"{""throughput_e"":""Mbps"",""delay_u"":""ms"",""drop_u"":""ratio"",""sla_violation"":""ratio"",""fairness"":""index_0_to_1"",""rb_utilization"":""ratio""}"
1.0.0,smoke-000459,42,urllc_burst,tv1_smoke_fixed,459,6.029,0.0,1.0,1.0,0.584558,1.0,25,25,25,25,6029,1895,0,4,"{""throughput_e"":""Mbps"",""delay_u"":""ms"",""drop_u"":""ratio"",""sla_violation"":""ratio"",""fairness"":""index_0_to_1"",""rb_utilization"":""ratio""}"
1.0.0,smoke-000460,42,urllc_burst,tv1_smoke_fixed,460,7.579,0.0,1.0,1.0,0.610828,1.0,25,25,25,25,7579,1895,0,11,"{""throughput_e"":""Mbps"",""delay_u"":""ms"",""drop_u"":""ratio"",""sla_violation"":""ratio"",""fairness"":""index_0_to_1"",""rb_utilization"":""ratio""}"
1.0.0,smoke-000461,42,urllc_burst,tv1_smoke_fixed,461,7.579,0.0,1.0,1.0,0.599977,1.0,25,25,25,25,7579,1895,0,10,"{""throughput_e"":""Mbps"",""delay_u"":""ms"",""drop_u"":""ratio"",""sla_violation"":""ratio"",""fairness"":""index_0_to_1"",""rb_utilization"":""ratio""}"
1.0.0,smoke-000462,42,urllc_burst,tv1_smoke_fixed,462,7.579,5.0,0.8,0.8,0.561441,1.0,25,25,25,25,7579,2762,1,4,"{""throughput_e"":""Mbps"",""delay_u"":""ms"",""drop_u"":""ratio"",""sla_violation"":""ratio"",""fairness"":""index_0_to_1"",""rb_utilization"":""ratio""}"
1.0.0,smoke-000463,42,urllc_burst,tv1_smoke_fixed,463,6.029,5.0,0.888889,0.888889,0.547345,1.0,25,25,25,25,6029,2762,1,8,"{""throughput_e"":""Mbps"",""delay_u"":""ms"",""drop_u"":""ratio"",""sla_violation"":""ratio"",""fairness"":""index_0_to_1"",""rb_utilization"":""ratio""}"
1.0.0,smoke-000464,42,urllc_burst,tv1_smoke_fixed,464,4.651,0.0,1.0,1.0,0.549789,1.0,25,25,25,25,4651,1895,0,6,"{""throughput_e"":""Mbps"",""delay_u"":""ms"",""drop_u"":""ratio"",""sla_violation"":""ratio"",""fairness"":""index_0_to_1"",""rb_utilization"":""ratio""}"
1.0.0,smoke-000465,42,urllc_burst,tv1_smoke_fixed,465,4.651,0.0,1.0,1.0,0.547977,1.0,25,25,25,25,4651,1895,0,7,"{""throughput_e"":""Mbps"",""delay_u"":""ms"",""drop_u"":""ratio"",""sla_violation"":""ratio"",""fairness"":""index_0_to_1"",""rb_utilization"":""ratio""}"
1.0.0,smoke-000466,42,urllc_burst,tv1_smoke_fixed,466,4.651,0.0,1.0,1.0,0.544578,1.0,25,25,25,25,4651,1895,0,6,"{""throughput_e"":""Mbps"",""delay_u"":""ms"",""drop_u"":""ratio"",""sla_violation"":""ratio"",""fairness"":""index_0_to_1"",""rb_utilization"":""ratio""}"
1.0.0,smoke-000467,42,urllc_burst,tv1_smoke_fixed,467,3.703,0.0,1.0,1.0,0.532791,1.0,25,25,25,25,3703,1895,0,4,"{""throughput_e"":""Mbps"",""delay_u"":""ms"",""drop_u"":""ratio"",""sla_violation"":""ratio"",""fairness"":""index_0_to_1"",""rb_utilization"":""ratio""}"
1.0.0,smoke-000468,42,urllc_burst,tv1_smoke_fixed,468,4.651,0.0,1.0,1.0,0.541052,1.0,25,25,25,25,4651,1895,0,7,"{""throughput_e"":""Mbps"",""delay_u"":""ms"",""drop_u"":""ratio"",""sla_violation"":""ratio"",""fairness"":""index_0_to_1"",""rb_utilization"":""ratio""}"
1.0.0,smoke-000469,42,urllc_burst,tv1_smoke_fixed,469,4.651,0.0,1.0,1.0,0.537673,1.0,25,25,25,25,4651,1895,0,5,"{""throughput_e"":""Mbps"",""delay_u"":""ms"",""drop_u"":""ratio"",""sla_violation"":""ratio"",""fairness"":""index_0_to_1"",""rb_utilization"":""ratio""}"
1.0.0,smoke-000470,42,urllc_burst,tv1_smoke_fixed,470,4.651,0.0,1.0,1.0,0.529429,1.0,25,25,25,25,4651,1895,0,5,"{""throughput_e"":""Mbps"",""delay_u"":""ms"",""drop_u"":""ratio"",""sla_violation"":""ratio"",""fairness"":""index_0_to_1"",""rb_utilization"":""ratio""}"
1.0.0,smoke-000471,42,urllc_burst,tv1_smoke_fixed,471,4.651,0.0,1.0,1.0,0.539013,1.0,25,25,25,25,4651,1187,0,4,"{""throughput_e"":""Mbps"",""delay_u"":""ms"",""drop_u"":""ratio"",""sla_violation"":""ratio"",""fairness"":""index_0_to_1"",""rb_utilization"":""ratio""}"
1.0.0,smoke-000472,42,urllc_burst,tv1_smoke_fixed,472,6.029,0.0,1.0,1.0,0.543716,1.0,25,25,25,25,6029,1187,0,4,"{""throughput_e"":""Mbps"",""delay_u"":""ms"",""drop_u"":""ratio"",""sla_violation"":""ratio"",""fairness"":""index_0_to_1"",""rb_utilization"":""ratio""}"
1.0.0,smoke-000473,42,urllc_burst,tv1_smoke_fixed,473,6.029,0.0,1.0,1.0,0.5302,1.0,25,25,25,25,6029,1187,0,5,"{""throughput_e"":""Mbps"",""delay_u"":""ms"",""drop_u"":""ratio"",""sla_violation"":""ratio"",""fairness"":""index_0_to_1"",""rb_utilization"":""ratio""}"
1.0.0,smoke-000474,42,urllc_burst,tv1_smoke_fixed,474,7.579,0.0,0.0,0.0,0.521015,1.0,25,25,25,25,7579,1187,0,0,"{""throughput_e"":""Mbps"",""delay_u"":""ms"",""drop_u"":""ratio"",""sla_violation"":""ratio"",""fairness"":""index_0_to_1"",""rb_utilization"":""ratio""}"
1.0.0,smoke-000475,42,urllc_burst,tv1_smoke_fixed,475,7.579,0.0,1.0,1.0,0.523202,1.0,25,25,25,25,7579,1187,0,2,"{""throughput_e"":""Mbps"",""delay_u"":""ms"",""drop_u"":""ratio"",""sla_violation"":""ratio"",""fairness"":""index_0_to_1"",""rb_utilization"":""ratio""}"
1.0.0,smoke-000476,42,urllc_burst,tv1_smoke_fixed,476,6.029,0.0,1.0,1.0,0.514601,1.0,25,25,25,25,6029,1895,0,2,"{""throughput_e"":""Mbps"",""delay_u"":""ms"",""drop_u"":""ratio"",""sla_violation"":""ratio"",""fairness"":""index_0_to_1"",""rb_utilization"":""ratio""}"
1.0.0,smoke-000477,42,urllc_burst,tv1_smoke_fixed,477,7.579,0.0,0.0,0.0,0.518298,1.0,25,25,25,25,7579,1895,0,0,"{""throughput_e"":""Mbps"",""delay_u"":""ms"",""drop_u"":""ratio"",""sla_violation"":""ratio"",""fairness"":""index_0_to_1"",""rb_utilization"":""ratio""}"
1.0.0,smoke-000478,42,urllc_burst,tv1_smoke_fixed,478,7.579,5.0,0.0,0.0,0.514777,1.0,25,25,25,25,7579,2762,1,0,"{""throughput_e"":""Mbps"",""delay_u"":""ms"",""drop_u"":""ratio"",""sla_violation"":""ratio"",""fairness"":""index_0_to_1"",""rb_utilization"":""ratio""}"
1.0.0,smoke-000479,42,urllc_burst,tv1_smoke_fixed,479,7.579,5.0,0.0,0.0,0.514609,1.0,25,25,25,25,7579,2762,1,0,"{""throughput_e"":""Mbps"",""delay_u"":""ms"",""drop_u"":""ratio"",""sla_violation"":""ratio"",""fairness"":""index_0_to_1"",""rb_utilization"":""ratio""}"
1.0.0,smoke-000480,42,urllc_burst,tv1_smoke_fixed,480,6.029,5.0,0.666667,0.666667,0.512899,1.0,25,25,25,25,6029,2762,1,2,"{""throughput_e"":""Mbps"",""delay_u"":""ms"",""drop_u"":""ratio"",""sla_violation"":""ratio"",""fairness"":""index_0_to_1"",""rb_utilization"":""ratio""}"
1.0.0,smoke-000481,42,urllc_burst,tv1_smoke_fixed,481,6.029,5.0,0.5,0.5,0.50989,1.0,25,25,25,25,6029,2762,1,1,"{""throughput_e"":""Mbps"",""delay_u"":""ms"",""drop_u"":""ratio"",""sla_violation"":""ratio"",""fairness"":""index_0_to_1"",""rb_utilization"":""ratio""}"
1.0.0,smoke-000482,42,urllc_burst,tv1_smoke_fixed,482,6.029,5.0,0.5,0.5,0.508453,1.0,25,25,25,25,6029,2762,1,1,"{""throughput_e"":""Mbps"",""delay_u"":""ms"",""drop_u"":""ratio"",""sla_violation"":""ratio"",""fairness"":""index_0_to_1"",""rb_utilization"":""ratio""}"
1.0.0,smoke-000483,42,urllc_burst,tv1_smoke_fixed,483,6.029,5.0,0.0,0.0,0.508431,1.0,25,25,25,25,6029,2762,1,0,"{""throughput_e"":""Mbps"",""delay_u"":""ms"",""drop_u"":""ratio"",""sla_violation"":""ratio"",""fairness"":""index_0_to_1"",""rb_utilization"":""ratio""}"
1.0.0,smoke-000484,42,urllc_burst,tv1_smoke_fixed,484,6.029,5.0,0.5,0.5,0.509703,1.0,25,25,25,25,6029,2762,1,1,"{""throughput_e"":""Mbps"",""delay_u"":""ms"",""drop_u"":""ratio"",""sla_violation"":""ratio"",""fairness"":""index_0_to_1"",""rb_utilization"":""ratio""}"
1.0.0,smoke-000485,42,urllc_burst,tv1_smoke_fixed,485,4.651,4.0,0.0,0.0,0.506471,1.0,25,25,25,25,4651,2762,1,0,"{""throughput_e"":""Mbps"",""delay_u"":""ms"",""drop_u"":""ratio"",""sla_violation"":""ratio"",""fairness"":""index_0_to_1"",""rb_utilization"":""ratio""}"
1.0.0,smoke-000486,42,urllc_burst,tv1_smoke_fixed,486,4.651,4.0,0.0,0.0,0.505292,1.0,25,25,25,25,4651,2762,1,0,"{""throughput_e"":""Mbps"",""delay_u"":""ms"",""drop_u"":""ratio"",""sla_violation"":""ratio"",""fairness"":""index_0_to_1"",""rb_utilization"":""ratio""}"
1.0.0,smoke-000487,42,urllc_burst,tv1_smoke_fixed,487,4.651,5.0,0.0,0.0,0.504124,1.0,25,25,25,25,4651,2762,1,0,"{""throughput_e"":""Mbps"",""delay_u"":""ms"",""drop_u"":""ratio"",""sla_violation"":""ratio"",""fairness"":""index_0_to_1"",""rb_utilization"":""ratio""}"
1.0.0,smoke-000488,42,urllc_burst,tv1_smoke_fixed,488,4.651,5.0,0.5,0.5,0.505098,1.0,25,25,25,25,4651,2762,1,1,"{""throughput_e"":""Mbps"",""delay_u"":""ms"",""drop_u"":""ratio"",""sla_violation"":""ratio"",""fairness"":""index_0_to_1"",""rb_utilization"":""ratio""}"
1.0.0,smoke-000489,42,urllc_burst,tv1_smoke_fixed,489,6.029,5.0,0.0,0.0,0.505533,1.0,25,25,25,25,6029,2762,1,0,"{""throughput_e"":""Mbps"",""delay_u"":""ms"",""drop_u"":""ratio"",""sla_violation"":""ratio"",""fairness"":""index_0_to_1"",""rb_utilization"":""ratio""}"
1.0.0,smoke-000490,42,urllc_burst,tv1_smoke_fixed,490,7.579,0.0,0.0,0.0,0.509913,1.0,25,25,25,25,7579,1895,0,0,"{""throughput_e"":""Mbps"",""delay_u"":""ms"",""drop_u"":""ratio"",""sla_violation"":""ratio"",""fairness"":""index_0_to_1"",""rb_utilization"":""ratio""}"
1.0.0,smoke-000491,42,urllc_burst,tv1_smoke_fixed,491,7.579,4.0,0.0,0.0,0.516831,1.0,25,25,25,25,7579,1187,1,0,"{""throughput_e"":""Mbps"",""delay_u"":""ms"",""drop_u"":""ratio"",""sla_violation"":""ratio"",""fairness"":""index_0_to_1"",""rb_utilization"":""ratio""}"
1.0.0,smoke-000492,42,urllc_burst,tv1_smoke_fixed,492,8.601,0.0,1.0,1.0,0.516941,1.0,25,25,25,25,8601,1187,0,1,"{""throughput_e"":""Mbps"",""delay_u"":""ms"",""drop_u"":""ratio"",""sla_violation"":""ratio"",""fairness"":""index_0_to_1"",""rb_utilization"":""ratio""}"
1.0.0,smoke-000493,42,urllc_burst,tv1_smoke_fixed,493,8.601,0.0,1.0,1.0,0.51426,1.0,25,25,25,25,8601,1895,0,1,"{""throughput_e"":""Mbps"",""delay_u"":""ms"",""drop_u"":""ratio"",""sla_violation"":""ratio"",""fairness"":""index_0_to_1"",""rb_utilization"":""ratio""}"
1.0.0,smoke-000494,42,urllc_burst,tv1_smoke_fixed,494,8.601,0.0,1.0,1.0,0.514235,1.0,25,25,25,25,8601,1895,0,1,"{""throughput_e"":""Mbps"",""delay_u"":""ms"",""drop_u"":""ratio"",""sla_violation"":""ratio"",""fairness"":""index_0_to_1"",""rb_utilization"":""ratio""}"
1.0.0,smoke-000495,42,urllc_burst,tv1_smoke_fixed,495,8.601,0.0,1.0,1.0,0.511365,1.0,25,25,25,25,8601,1895,0,1,"{""throughput_e"":""Mbps"",""delay_u"":""ms"",""drop_u"":""ratio"",""sla_violation"":""ratio"",""fairness"":""index_0_to_1"",""rb_utilization"":""ratio""}"
1.0.0,smoke-000496,42,urllc_burst,tv1_smoke_fixed,496,8.601,0.0,0.0,0.0,0.516996,1.0,25,25,25,25,8601,1895,0,0,"{""throughput_e"":""Mbps"",""delay_u"":""ms"",""drop_u"":""ratio"",""sla_violation"":""ratio"",""fairness"":""index_0_to_1"",""rb_utilization"":""ratio""}"
1.0.0,smoke-000497,42,urllc_burst,tv1_smoke_fixed,497,8.601,5.0,0.5,0.5,0.537227,1.0,25,25,25,25,8601,1187,1,1,"{""throughput_e"":""Mbps"",""delay_u"":""ms"",""drop_u"":""ratio"",""sla_violation"":""ratio"",""fairness"":""index_0_to_1"",""rb_utilization"":""ratio""}"
1.0.0,smoke-000498,42,urllc_burst,tv1_smoke_fixed,498,8.601,0.0,1.0,1.0,0.535991,1.0,25,25,25,25,8601,1187,0,1,"{""throughput_e"":""Mbps"",""delay_u"":""ms"",""drop_u"":""ratio"",""sla_violation"":""ratio"",""fairness"":""index_0_to_1"",""rb_utilization"":""ratio""}"
1.0.0,smoke-000499,42,urllc_burst,tv1_smoke_fixed,499,8.601,0.0,0.0,0.0,0.522531,1.0,25,25,25,25,8601,1895,0,0,"{""throughput_e"":""Mbps"",""delay_u"":""ms"",""drop_u"":""ratio"",""sla_violation"":""ratio"",""fairness"":""index_0_to_1"",""rb_utilization"":""ratio""}"
